sample_quantile,theoretical_quantile
-17.112571893572515,-6.084961135370913
-16.964560365587868,-6.065203937071037
-16.416496481298907,-6.045775358055425
-16.35425601862466,-6.026663677971625
-16.342609211333976,-6.0078578034554875
-15.62021229892448,-5.989347223843074
-15.343111856356394,-5.97112197074211
-15.318188613447779,-5.953172581065204
-15.236383003417115,-5.935490063174146
-14.322400374308167,-5.918065865825405
-13.817203770111021,-5.9008918496424885
-10.504918423284062,-5.883960260871681
-9.03519529425639,-5.8672637072046685
-8.865587792405586,-5.8507951354752405
-8.656152834645402,-5.8345478110578854
-8.431320189716368,-5.818515298814339
-8.202421765880379,-5.802691445450205
-7.9803440554688265,-5.7870703631578815
-7.681629420014336,-5.771646414434535
-7.5597771381716505,-5.756414197975013
-7.348977386529923,-5.741368535549328
-7.2412674779431185,-5.726504459783191
-7.114382892017963,-5.7118172027677865
-7.099592532240378,-5.697302185431973
-7.07879897851768,-5.682955007616337
-7.049098315192411,-5.668771438793957
-6.950650744503598,-5.654747409387919
-6.849192498592567,-5.640879002639899
-6.815568241396099,-5.627162446988281
-6.71234533987317,-5.613594108917851
-6.697658807921693,-5.600170486246379
-6.648500495102413,-5.586888201816335
-6.57495738952466,-5.5737439975626835
-6.5150117398630405,-5.560734728930059
-6.308830491268941,-5.547857359614887
-6.27049307125023,-5.5351089566098945
-6.258378589710549,-5.522486685530351
-6.2563132792129945,-5.509987806202971
-6.214158500175452,-5.4976096684999
-6.189168178510831,-5.485349708401577
-6.185585067224358,-5.473205444273495
-6.053279919781665,-5.461174473343046
-6.00625425816316,-5.4492544683636
-5.971985015818347,-5.437443174454029
-5.8877922399233995,-5.425738406102614
-5.874237289251822,-5.414138044325209
-5.854007827690177,-5.402640033968163
-5.819326905811964,-5.391242381147233
-5.806899280792045,-5.379943150814292
-5.795577596226367,-5.368740464444258
-5.742982403886426,-5.357632497835161
-5.7294054493983815,-5.346617479014721
-5.688078061434441,-5.335693686247331
-5.643399672924398,-5.32485944613567
-5.6244630942021105,-5.314113131811591
-5.623572929677288,-5.303453161211325
-5.583900162691119,-5.292877995430223
-5.538966182134089,-5.28238613715275
-5.5100406560415385,-5.271976129153574
-5.460139815749401,-5.261646552865916
-5.458509948484954,-5.251396027013587
-5.447743184696684,-5.241223206303291
-5.440661026647732,-5.231126780174052
-5.412448727939839,-5.221105471600782
-5.382234125973968,-5.211158035949191
-5.339885095026271,-5.2012832598794025
-5.338954753170318,-5.191479960295812
-5.335207438649226,-5.181746983340859
-5.316879272062641,-5.172083203430507
-5.2748724217336465,-5.162487522329384
-5.253901365230601,-5.152958868263632
-5.247984028126208,-5.1434961950696065
-5.187628045223558,-5.134098481376749
-5.183737944214506,-5.124764729822924
-5.131594969717535,-5.115493966300743
-5.089966692697765,-5.106285239233377
-5.033422857839447,-5.097137618878487
-5.029683008616778,-5.088050196658977
-4.873589729718207,-5.079022084519316
-4.870643429855133,-5.070052414306292
-4.868275568879633,-5.061140337173058
-4.826279391147764,-5.052285023005436
-4.790659959862403,-5.043485659869493
-4.749557534376418,-5.03474145347944
-4.748984377873189,-5.02605162668495
-4.712497863082452,-5.017415418977067
-4.6763333635920885,-5.008832086011887
-4.675271704725877,-5.000300899151256
-4.669518212066172,-4.991821145019735
-4.645163021272236,-4.983392125077194
-4.617622111392,-4.975013155206299
-4.59584018651697,-4.96668356531436
-4.588441638205578,-4.958402698948866
-4.573231201216948,-4.950169912926183
-4.549010401726127,-4.941984576972881
-4.5445619981555785,-4.933846073379145
-4.53006927834446,-4.925753796663823
-4.529902793078301,-4.917707153250597
-4.51576811283835,-4.909705561154889
-4.512457437761771,-4.901748449681032
-4.499579997261041,-4.893835259129309
-4.488280000353949,-4.885965440512522
-4.469997210650193,-4.878138455281641
-4.465306230796263,-4.870353775060259
-4.3795609751385545,-4.862610881387472
-4.338360845562505,-4.854909265468874
-4.299507906771311,-4.8472484279353685
-4.297628852702877,-4.839627878609493
-4.29220734652514,-4.832047136278979
-4.284424568130566,-4.824505728477289
-4.262967362674387,-4.817003191270854
-4.254722207733639,-4.809539069052782
-4.248772990768065,-4.802112914342804
-4.240961261482837,-4.794724287593213
-4.223816683665973,-4.787372757000599
-4.210928719035383,-4.780057898323174
-4.202754562405929,-4.772779294703472
-4.197198618508915,-4.765536536496247
-4.193900613083423,-4.7583292211013815
-4.181562768013003,-4.751156952801639
-4.174066132323929,-4.744019342605084
-4.161615264380632,-4.736916008092
-4.15880353529637,-4.729846573266188
-4.151152196726007,-4.7228106684104425
-4.131873393230894,-4.71580792994611
-4.114622963725601,-4.708838000296568
-4.100859041329717,-4.701900527754497
-4.0914507365811295,-4.694995166352832
-4.076470280250998,-4.688121575739248
-4.076452085727472,-4.681279421054087
-4.0660084851526905,-4.674468372811595
-4.035938014167715,-4.66768810678438
-4.024454321584486,-4.6609383038909655
-4.015887173796494,-4.654218650086359
-4.015469114158689,-4.647528836255524
-4.009165678909774,-4.64086855810967
-4.005484733390916,-4.634237516085278
-3.9860644495250965,-4.6276354152457735
-3.9776464527041067,-4.621061965185721
-3.9757312467061436,-4.614516879937553
-3.961820999403475,-4.607999877880659
-3.9568844679314883,-4.601510681652826
-3.940414685723411,-4.595049018063924
-3.939666978928313,-4.588614618011789
-3.9394520262589534,-4.582207216400216
-3.9374891388263777,-4.575826552059025
-3.907404840164459,-4.569472367666106
-3.875767368207594,-4.563144409671411
-3.86758592361544,-4.556842428222827
-3.8639368675888304,-4.5505661770938515
-3.855074935738088,-4.544315413613074
-3.846779510308886,-4.538089898595328
-3.8349127919195514,-4.531889396274546
-3.8321154964924933,-4.525713674238232
-3.820501148389415,-4.51956250336347
-3.7997568005285487,-4.513435657754505
-3.793133435174336,-4.507332914681782
-3.7802254524758556,-4.501254054522422
-3.7767448812315627,-4.495198860702119
-3.765137834996422,-4.489167119638369
-3.764178063329453,-4.4831586206850575
-3.763324139949984,-4.477173156078288
-3.760948774331421,-4.471210520883507
-3.753264218017489,-4.465270512943803
-3.7438187405655183,-4.459352932829415
-3.7213023513969197,-4.453457583788378
-3.7195439986706718,-4.447584271698286
-3.714642115420986,-4.441732805019151
-3.7130256789912313,-4.435902994747312
-3.6991226938229174,-4.43009465437037
-3.6966406562673195,-4.424307599823137
-3.6792923916566673,-4.418541649444559
-3.673709567062654,-4.412796623935571
-3.6580501431915775,-4.407072346317902
-3.6491927821621504,-4.401368641893752
-3.647771371243816,-4.395685338206381
-3.645917518385787,-4.390022265001516
-3.6379476244053346,-4.384379254189602
-3.607746203801667,-4.378756139808881
-3.6076324985157684,-4.3731527579892315
-3.602555390546146,-4.367568946916794
-3.592745492001664,-4.362004546799341
-3.589950532288323,-4.356459399832383
-3.5859409706705137,-4.350933350165971
-3.579687454251172,-4.345426243872215
-3.5688492663503752,-4.339937928913453
-3.560919625936185,-4.334468255111115
-3.558316219138868,-4.329017074115181
-3.5565500978832603,-4.323584239374317
-3.547266339944841,-4.31816960610659
-3.537998178615869,-4.3127730312707895
-3.5256503171072295,-4.307394373538329
-3.5086483685006336,-4.302033493265726
-3.5066701395488,-4.296690252467615
-3.503584367916942,-4.291364514790329
-3.4916992648720417,-4.286056145485982
-3.4794822465899022,-4.28076501138708
-3.475736975096689,-4.275490980881642
-3.454924450705254,-4.270233923888792
-3.437694410663235,-4.264993711834847
-3.43621459812579,-4.259770217629865
-3.4335798535196935,-4.254563315644659
-3.431909247428491,-4.249372881688249
-3.430378644000432,-4.244198792985736
-3.4288138794091765,-4.239040928156644
-3.4185119470263414,-4.233899167193632
-3.410022209305484,-4.228773391441641
-3.400346690041782,-4.223663483577423
-3.392314547417307,-4.218569327589469
-3.390943983243871,-4.213490808758307
-3.3904670177973633,-4.208427813637181
-3.3742258019543754,-4.203380230033082
-3.3700973100882057,-4.198347946988133
-3.3592185498514096,-4.193330854761335
-3.3439487824249183,-4.188328844810627
-3.3319151066089567,-4.183341809775303
-3.3299746739440277,-4.178369643458734
-3.3271170663680483,-4.17341224081141
-3.313727480792229,-4.168469497914301
-3.3135051662668245,-4.16354131196251
-3.312643936962151,-4.15862758124922
-3.2988535594447024,-4.153728205149953
-3.296696797984437,-4.148843084107071
-3.2949699975727444,-4.143972119614603
-3.2925539695962773,-4.139115214203305
-3.286150256472559,-4.134272271426003
-3.2857837670672447,-4.129443195843193
-3.274309488425692,-4.124627893008899
-3.268922886558958,-4.119826269456769
-3.268892056007657,-4.11503823268642
-3.263848690906934,-4.110263691150029
-3.2619846919900306,-4.105502554239152
-3.2512702430214384,-4.100754732271765
-3.2499357439415832,-4.09602013647954
-3.2460627626608463,-4.091298678995328
-3.2426369001845083,-4.086590272840873
-3.240941866307201,-4.081894831914719
-3.22798530037908,-4.077212270980337
-3.222726579852709,-4.07254250565444
-3.2155912094205688,-4.067885452395517
-3.2153877036318157,-4.063241028492526
-3.2112670569459105,-4.058609152053818
-3.208515476597494,-4.053989741996216
-3.203653078380863,-4.049382718034284
-3.200297064325265,-4.044788000669787
-3.1979878501343775,-4.040205511181307
-3.197470192861035,-4.035635171614041
-3.1974235239192166,-4.031076904769772
-3.191318041389947,-4.026530634196983
-3.1866536082805363,-4.021996284181165
-3.182866931276242,-4.0174737797352575
-3.1795130139563286,-4.012963046590248
-3.179355048919285,-4.008464011185937
-3.1766914040130723,-4.0039766006618365
-3.172154014262875,-3.9995007428482237
-3.1699103124636867,-3.9950363662573385
-3.142892930049197,-3.990583400074718
-3.141634044100451,-3.986141774150662
-3.132021666744139,-3.9817114189918628
-3.1304580528573958,-3.977292265753117
-3.1284813666290185,-3.9728842462292335
-3.1260943401992596,-3.9684872928469974
-3.116435028237424,-3.9641013386573234
-3.1151572578489115,-3.9597263173274926
-3.1085496836350894,-3.9553621631335143
-3.1024818206294675,-3.9510088109526333
-3.0970960699099006,-3.9466661962559155
-3.0958511886921793,-3.9423342551009717
-3.0917481821326325,-3.938012924124791
-3.0719884624514013,-3.933702140536679
-3.071542541836601,-3.9294018421113033
-3.071122751236772,-3.925111967181848
-3.062195992917626,-3.9208324546332736
-3.060711129679071,-3.9165632438956712
-3.0575227201509945,-3.9123042749377324
-3.049758643672679,-3.908055488260296
-3.04653319699907,-3.9038168248900065
-3.0448818804450517,-3.8995882263730706
-3.026681345579316,-3.8953696347690987
-3.0246169952202444,-3.891160992645021
-3.0211551783747876,-3.8869622430691417
-3.020860937723086,-3.8827733296052274
-3.018793927541434,-3.878594196306723
-2.9992806781546717,-3.8744247877110234
-2.9961174130155896,-3.8702650488338475
-2.987028918554708,-3.8661149251636897
-2.981001932695532,-3.861974362656349
-2.97937286651856,-3.85784330772954
-2.974360317538824,-3.853721707257582
-2.9705140418361378,-3.8496095085661612
-2.9687257073479976,-3.8455066594271767
-2.9613806126136066,-3.8414131080536467
-2.954574296198855,-3.8373288030947044
-2.953086718291614,-3.833253693630652
-2.949451969766583,-3.829187729168083
-2.9488230842129703,-3.8251308596350975
-2.9466638992351766,-3.821083035376548
-2.946459013243219,-3.8170442071493818
-2.9446433886495114,-3.813014326118044
-2.944442932323099,-3.8089933438499233
-2.938875810807052,-3.8049812123109006
-2.937090597320939,-3.8009778838609116
-2.932300884085775,-3.7969833112496176
-2.9316394052961905,-3.792997447612104
-2.9309479972719643,-3.789020246464649
-2.929813909844027,-3.785051661700558
-2.925071600053137,-3.7810916475860386
-2.923727163988058,-3.7771401587561497
-2.9231704797743525,-3.7731971502107946
-2.920612859678035,-3.769262577310769
-2.9124576695094113,-3.765336395773868
-2.912179754387699,-3.7614185616710434
-2.9090367520066605,-3.757509031422613
-2.9067070326494773,-3.7536077617945187
-2.8994601742097013,-3.7497147098946386
-2.8952064254572507,-3.745829833169146
-2.8807957495909986,-3.7419530893989204
-2.880072137194626,-3.7380844366959964
-2.8799943940697625,-3.734223833500077
-2.8791251366727897,-3.7303712385750725
-2.877223841634063,-3.7265266110057063
-2.87617926406414,-3.722689910194149
-2.8748169303903683,-3.7188610958566994
-2.869043136794423,-3.7150401280205214
-2.861703393426417,-3.711226967020406
-2.849640518212941,-3.7074215734955875
-2.8429686420777136,-3.7036239083865996
-2.8428601523546724,-3.6998339329321643
-2.84014013032059,-3.6960516086661306
-2.8383505676997114,-3.6922768974144535
-2.833781065138743,-3.6885097612921927
-2.8298287194329212,-3.6847501627005825
-2.8265081471044007,-3.6809980643241107
-2.8197282072126946,-3.677253429127642
-2.8194449118875524,-3.673516220353596
-2.816924148385987,-3.6697864015191306
-2.8133520558556966,-3.6660639364133782
-2.808517256014241,-3.662348789094728
-2.8070463711829623,-3.6586409238881186
-2.804324192937109,-3.6549403053823784
-2.79170717969822,-3.6512468984276
-2.7860194049188696,-3.6475606681325354
-2.7821231907265673,-3.643881579862045
-2.781975718630067,-3.640209599234558
-2.778621023652855,-3.636544692119571
-2.777377778787596,-3.632886824635184
-2.7773746710758647,-3.6292359631456583
-2.7773154566169196,-3.625592074259007
-2.770650672219599,-3.62195512482462
-2.7699885752795845,-3.6183250819309087
-2.7686161139919094,-3.614701912902984
-2.768407056085132,-3.6110855853003727
-2.7640142767370497,-3.6074760669147397
-2.763240318619068,-3.603873325767659
-2.7596074156815154,-3.600277330108402
-2.7502465085774013,-3.596688048411746
-2.7498235065469583,-3.593105449375827
-2.7452628930207306,-3.5895295019200018
-2.737879249035657,-3.5859601751827435
-2.7368933219023233,-3.582397438519559
-2.7328583051769773,-3.578841261500933
-2.7310605830694494,-3.5752916139103004
-2.7259015626689944,-3.5717484657420324
-2.719879043130797,-3.568211787199455
-2.713593949449983,-3.5646815486928887
-2.713397255229608,-3.5611577208377128
-2.710366778175389,-3.5576402744524467
-2.7095170267670317,-3.554129180556863
-2.7002150394717654,-3.5506244103701117
-2.691338355953182,-3.547125935308874
-2.69081207558191,-3.543633726985538
-2.6797558956875025,-3.540147757206391
-2.6792347152408493,-3.536667997969833
-2.672974796564374,-3.5331944214646165
-2.6722776163889765,-3.529727000068097
-2.672119864818392,-3.526265706344518
-2.664206620381137,-3.522810513043301
-2.6620945018658513,-3.5193613930973617
-2.661817337833961,-3.5159183196214427
-2.6595522376239353,-3.5124812659104743
-2.6563965697645546,-3.5090502054379407
-2.654657516129023,-3.505625111854272
-2.654602409378871,-3.502205958985256
-2.654342974692259,-3.498792720830463
-2.6503385000747257,-3.4953853715616905
-2.6461614575834504,-3.4919838855214276
-2.6428174694724245,-3.4885882372213337
-2.6378466887642897,-3.48519840134073
-2.6374041282369327,-3.481814352725124
-2.6350180031747876,-3.4784360663847265
-2.6343504859340756,-3.475063517493008
-2.633884058706295,-3.4716966813852554
-2.6331880739720104,-3.468335533557149
-2.632082778346216,-3.4649800496633665
-2.6170709716116134,-3.4616302055161756
-2.6167646417232633,-3.458285977084076
-2.6091420839975483,-3.4549473404904245
-2.6061342256730753,-3.451614272012101
-2.600255722605717,-3.4482867480781687
-2.597572806973445,-3.444964745268566
-2.5887578242703864,-3.4416482403127957
-2.5870747790065454,-3.438337210088647
-2.5857127138525575,-3.4350316316209093
-2.584102263463824,-3.431731482080129
-2.583166983931703,-3.4284367387813424
-2.580239705206705,-3.4251473791828584
-2.5799288929955653,-3.421863380885034
-2.577337379289552,-3.4185847216290615
-2.5689716978615955,-3.4153113792957814
-2.5687997476668976,-3.4120433319045
-2.5674392544174904,-3.408780557611818
-2.5656636333930085,-3.4055230347104763
-2.5642661673608336,-3.4022707416282043
-2.554081919158691,-3.399023656926603
-2.550360802626151,-3.3957817593000104
-2.5494099099006706,-3.392545027574401
-2.5485794265262998,-3.3893134407062804
-2.5463247239716953,-3.386086977781614
-2.5453828589610166,-3.382865618014739
-2.534679340070577,-3.37964934074731
-2.5329512880851706,-3.376438125447241
-2.5306935392317866,-3.373231951707673
-2.5259994175698077,-3.3700307992459333
-2.5252762369936406,-3.3668346479025257
-2.525005023405406,-3.363643477640116
-2.5232460722290813,-3.3604572685425325
-2.517482613991579,-3.3572760008137825
-2.5114542661493156,-3.354099654777071
-2.5006570864141233,-3.350928210873829
-2.495180355597292,-3.3477616496627656
-2.487484578419121,-3.3445999518189073
-2.4814987895428957,-3.3414430981326655
-2.477922974442063,-3.338291069508909
-2.4767162425647964,-3.335143846966036
-2.4764412434039285,-3.3320014116350727
-2.4691779093238417,-3.328863744758766
-2.4662157990507922,-3.3257308276906903
-2.46553874430892,-3.322602641894367
-2.465501742788352,-3.3194791689423875
-2.4620624524016828,-3.316360390515555
-2.4579250114590394,-3.3132462884020093
-2.454481493822611,-3.3101368444963972
-2.4514360725234505,-3.3070320407990224
-2.448744621000343,-3.3039318594150133
-2.440966643518916,-3.3008362825535036
-2.434239616311247,-3.297745292526808
-2.429378644711815,-3.2946588717496295
-2.42635430380557,-3.291577002738243
-2.4256221224176544,-3.2884996681097136
-2.423404039575784,-3.2854268505811124
-2.4227122179362985,-3.2823585329687313
-2.421455331566933,-3.2792946981873246
-2.4198258999844486,-3.2762353292493436
-2.4190938305260405,-3.273180409264182
-2.417654158930345,-3.2701299214374258
-2.414253775983542,-3.2670838490701213
-2.4117738804198083,-3.264042175558034
-2.403031806967379,-3.261004884390938
-2.399732478539122,-3.2579719591518734
-2.39907386498477,-3.2549433835164594
-2.3985585056098233,-3.25191914125218
-2.389441979585355,-3.2488992162176773
-2.3857170922052773,-3.2458835923620755
-2.38499391968381,-3.242872253724288
-2.383777661080518,-3.239865184432338
-2.381785810025626,-3.2368623687026936
-2.3807532534423475,-3.23386379083959
-2.379523838836402,-3.2308694352343914
-2.378545036039246,-3.2278792863649137
-2.369897865457152,-3.224893328794793
-2.366678041897857,-3.221911547172845
-2.361381047491221,-3.218933926232421
-2.3594921390640575,-3.2159604507907895
-2.356357420331091,-3.212991105748507
-2.3558094142892316,-3.2100258760888023
-2.3546947661615243,-3.207064746876966
-2.3537265045643747,-3.2041077032597447
-2.3507584247748716,-3.2011547304647427
-2.3451930682404702,-3.1982058137998233
-2.3434981539820283,-3.195260938652524
-2.34160855354199,-3.1923200904894706
-2.3411961354800326,-3.1893832548557994
-2.339840709650088,-3.186450417374586
-2.337766554238277,-3.183521563746274
-2.334074477766158,-3.180596679748121
-2.3333138627055767,-3.1776757512336267
-2.327397903375213,-3.1747587641319974
-2.3262111713518263,-3.171845704447585
-2.3200254295630893,-3.168936558259352
-2.317941250688287,-3.166031311720339
-2.317328343206375,-3.1631299510571163
-2.315102323266521,-3.1602324625692724
-2.314829852922409,-3.1573388326288843
-2.3119233175989904,-3.154449047679997
-2.3063388972816443,-3.1515630942381163
-2.304554189969439,-3.148680958889692
-2.3003081325732846,-3.1458026282916243
-2.2993420008277217,-3.1429280891707516
-2.2991105131558065,-3.1400573283233646
-2.2989752122339695,-3.137190332614711
-2.296728690737656,-3.1343270889785106
-2.2953679253509773,-3.1314675844164674
-2.2945870061981197,-3.128611805997803
-2.2892236749038126,-3.1257597408587707
-2.288165650727036,-3.1229113762021945
-2.286592758422899,-3.120066699296999
-2.2830520162167813,-3.1172256974777497
-2.2808141627168435,-3.114388358144191
-2.2761214193505745,-3.1115546687608044
-2.275785772976845,-3.1087246168563474
-2.275524426818046,-3.1058981900234093
-2.270865391801298,-3.1030753759179777
-2.2689581941696733,-3.1002561622589915
-2.265083631989428,-3.0974405368279148
-2.2630819787904852,-3.094628487468297
-2.2598584923043217,-3.091820002085358
-2.2501420607446896,-3.0890150686455558
-2.2482575053157676,-3.0862136751761726
-2.245354182575178,-3.0834158097648974
-2.2442906300661756,-3.0806214605594113
-2.242182525326869,-3.077830615766983
-2.2402709192082,-3.075043263654068
-2.239883154727497,-3.0722593925458903
-2.2309402864992127,-3.069478990826068
-2.22588207176396,-3.066702046936198
-2.225194659034173,-3.063928549375476
-2.223549087454062,-3.0611584867003034
-2.21862639409283,-3.0583918475239047
-2.2185722132113646,-3.0556286205159475
-2.213825234914835,-3.052868794402163
-2.2128928056633064,-3.050112357963962
-2.21228556617197,-3.0473593000380816
-2.211752038925793,-3.044609609516201
-2.2113950737405306,-3.0418632753445793
-2.210770782464153,-3.0391202865236995
-2.2080065254991212,-3.036380632107894
-2.2073665358255377,-3.0336443012050056
-2.206057187735191,-3.030911282976023
-2.203637744819782,-3.028181566634733
-2.2036093629441664,-3.0254551414473685
-2.2027998585707795,-3.022731996732272
-2.197658854978423,-3.0200121218595477
-2.195006102491854,-3.017295506250718
-2.1940448124078795,-3.0145821393783976
-2.1879253475786933,-3.011872010765955
-2.1864320199353466,-3.0091651099871752
-2.1787116323578593,-3.006461426665941
-2.1773523882296737,-3.0037609504759017
-2.1754026920388547,-3.0010636711401526
-2.172392695033909,-2.9983695784309115
-2.167708156290596,-2.9956786621692055
-2.1665020382281273,-2.9929909122245544
-2.163704558014548,-2.9903063185146546
-2.1585958322535093,-2.9876248710050715
-2.1570343790681576,-2.9849465597089373
-2.156635411796837,-2.9822713746866336
-2.1557610189111576,-2.979599306045498
-2.155471518769746,-2.976930343939529
-2.155227830835113,-2.97426447856907
-2.1541880674000216,-2.9716017001805333
-2.152041293308143,-2.968941999066097
-2.150789897852411,-2.9662853655634103
-2.1420210654990655,-2.9636317900553197
-2.1380337409107852,-2.9609812629695718
-2.1368674385380717,-2.958333774778526
-2.13226559660451,-2.9556893159988866
-2.131287934127374,-2.9530478771914113
-2.125939583453609,-2.950409448960642
-2.1240945548746035,-2.9477740219546225
-2.121567014632195,-2.945141586864633
-2.1214705750134186,-2.942512134424913
-2.11603183574451,-2.9398856554124033
-2.115257172086854,-2.937262140646461
-2.1135263845395595,-2.934641580988619
-2.1134870776504884,-2.9320239673423014
-2.1117046250785627,-2.9294092906525795
-2.110576096153658,-2.9267975419059074
-2.109333625447682,-2.9241887121298626
-2.10870391679841,-2.921582792392899
-2.107073712471867,-2.9189797738040872
-2.1066272343524775,-2.916379647512875
-2.102145031534992,-2.913782404708825
-2.0973809038990177,-2.9111880366213794
-2.094811446116267,-2.908596534519613
-2.0941938312023995,-2.906007889711986
-2.093625587996356,-2.903422093546108
-2.093241232344008,-2.900839137408499
-2.089233383910933,-2.898259012724355
-2.0882153439051656,-2.8956817109573016
-2.085558734842999,-2.893107223609169
-2.0829889347424655,-2.8905355422197654
-2.081804391827645,-2.887966658366637
-2.078911069545907,-2.8854005636648443
-2.0739465158623602,-2.882837249766738
-2.07293840172802,-2.880276708361725
-2.0725654710225165,-2.877718931176064
-2.071979968949901,-2.8751639099726205
-2.0708814529849398,-2.8726116365506686
-2.065214677241247,-2.8700621027456554
-2.0567967896443116,-2.867515300428999
-2.056382376953622,-2.8649712215078664
-2.0561433798032724,-2.8624298579249587
-2.054684242211423,-2.8598912016583062
-2.052271460814812,-2.8573552447210537
-2.0451799307554994,-2.8548219791612537
-2.0422812640058665,-2.852291397061659
-2.042017055013018,-2.849763490539514
-2.038324882714961,-2.847238251746364
-2.0376433810246106,-2.844715672867835
-2.033654049151097,-2.8421957461234437
-2.0324862146231606,-2.839678463766401
-2.0322181136920303,-2.8371638180834022
-2.031580982405092,-2.834651801394444
-2.029421345215528,-2.832142406052619
-2.0273510951031204,-2.8296356244439296
-2.0261275519416544,-2.827131448987093
-2.02304752367885,-2.8246298721333516
-2.02285397527883,-2.8221308863662817
-2.021710109346594,-2.819634484201606
-2.021308954185279,-2.817140658187011
-2.020929147843368,-2.814649400901958
-2.0177890095556927,-2.8121607049574995
-2.0170932169952063,-2.809674562996097
-2.015751232758481,-2.8071909676914455
-2.0148638013465283,-2.804709911748283
-2.01382792257074,-2.80223138790222
-2.0137864994443744,-2.799755388919563
-2.0135746769043905,-2.7972819075971325
-2.0120724469874705,-2.79481093676209
-2.0089190708160003,-2.7923424692717718
-2.0078126677606694,-2.789876498013509
-2.003141392257393,-2.787413015904454
-2.0020133830665556,-2.7849520158914216
-2.001977291923467,-2.782493490950715
-2.0009629186534204,-2.7800374340879537
-1.9936674246591588,-2.777583838337914
-1.9927035264808082,-2.7751326967643646
-1.9914109320972848,-2.7726840024598953
-1.9907146293322968,-2.7702377485457625
-1.9899308264473652,-2.767793928171722
-1.9884452289647392,-2.765352534515876
-1.985149080837652,-2.7629135607845066
-1.9850989675752087,-2.760477000211919
-1.9826856899957508,-2.7580428460602873
-1.9818981966101306,-2.755611091619498
-1.9811513372009872,-2.753181730206996
-1.9808511542918872,-2.7507547551676255
-1.9798553331364666,-2.7483301598734853
-1.9757494039533994,-2.7459079377237727
-1.97514010970745,-2.7434880821446357
-1.969629180355356,-2.741070586589017
-1.9694651771407872,-2.738655444536517
-1.961263450941155,-2.736242649493233
-1.9591270314829679,-2.7338321949916304
-1.9581151042639242,-2.7314240745903744
-1.956142356681883,-2.729018281874209
-1.9552292666631543,-2.7266148104537957
-1.9523970062047344,-2.724213653965584
-1.951658727445164,-2.721814806071662
-1.9515879987867433,-2.719418260459619
-1.9496095090696177,-2.717024010842407
-1.94874047904908,-2.714632050958199
-1.94845657267811,-2.7122423745702564
-1.9480948095699582,-2.7098549754667913
-1.9471554749757793,-2.707469847460822
-1.9425740646417304,-2.7050869843900545
-1.940684989010406,-2.7027063801167346
-1.9405079941858447,-2.7003280285275233
-1.9389709586410258,-2.69795192353336
-1.9388460561844572,-2.6955780590693363
-1.9381962640289876,-2.69320642909456
-1.9374707432313005,-2.690837027592033
-1.9339937673138645,-2.688469848568513
-1.931661574845727,-2.6861048860543972
-1.9251630958466062,-2.6837421341035888
-1.9192246371530948,-2.6813815867933726
-1.9139562036949231,-2.6790232382242873
-1.9133397503511138,-2.6766670825200096
-1.9129745255688466,-2.6743131138272203
-1.9121950496993954,-2.6719613263154898
-1.9056367427024081,-2.669611714177154
-1.904890546226258,-2.667264271627191
-1.9047352487748108,-2.664918992903105
-1.9039123542568017,-2.662575872264805
-1.9030741189050024,-2.660234903994485
-1.8994161288647797,-2.65789608239651
-1.8985946022526647,-2.655559401797296
-1.8930537274613302,-2.653224856545195
-1.8903603074870243,-2.650892441010381
-1.887760274187357,-2.6485621495847305
-1.8869449208078792,-2.6462339766817173
-1.8850396797617281,-2.6439079167362896
-1.8828627062813925,-2.6415839642047647
-1.8741237636143764,-2.639262113564715
-1.8642571406030142,-2.6369423593148573
-1.86287727917901,-2.6346246959749426
-1.86009270700928,-2.6323091180856455
-1.8581440203109705,-2.6299956202084593
-1.8575939086728739,-2.6276841969255824
-1.854915983200324,-2.6253748428398183
-1.8538034779455217,-2.6230675525744584
-1.8526489529038206,-2.620762320773189
-1.8505790772227986,-2.6184591420999763
-1.8478445826548218,-2.6161580112389635
-1.8445380887364045,-2.613858922894372
-1.8391121389004292,-2.611561871790396
-1.8385403509393474,-2.6092668526710914
-1.8380181659322279,-2.6069738603002888
-1.8371305583811073,-2.604682889461482
-1.835663746391616,-2.602393934957732
-1.8349380976679204,-2.600106991611561
-1.834069830256194,-2.597822054264863
-1.8324552169531265,-2.5955391177787948
-1.8304019635245101,-2.593258177033687
-1.8302696605630095,-2.5909792269289413
-1.8302688059928387,-2.5887022623829323
-1.8293034934490062,-2.5864272783329176
-1.8291063355044332,-2.584154269734938
-1.829088024474437,-2.581883231563722
-1.8266730047066895,-2.5796141588125945
-1.8198897306181154,-2.577347046493378
-1.8176431269223001,-2.575081889636308
-1.8167781939334378,-2.572818683289932
-1.8143241838068858,-2.5705574225210213
-1.8142654569770893,-2.568298102414479
-1.8140992885429805,-2.5660407180732494
-1.8139238284248047,-2.563785264618232
-1.8134248493727556,-2.5615317371881785
-1.811941671381438,-2.5592801309396225
-1.8110106660804886,-2.5570304410467766
-1.8071576890048942,-2.5547826627014474
-1.8071519902352624,-2.552536791112954
-1.8059297923700701,-2.5502928215080334
-1.805200762155119,-2.5480507491307613
-1.8017417782825682,-2.5458105692424593
-1.799630125590914,-2.543572277121614
-1.795672893094353,-2.5413358680637916
-1.7941405576383418,-2.5391013373815534
-1.7928918322227707,-2.536868680404371
-1.7896256751537116,-2.5346378924785467
-1.7881465630316065,-2.532408968967124
-1.7877563969496126,-2.530181905249813
-1.7866897154308097,-2.5279566967229035
-1.7798846688370105,-2.5257333387991885
-1.7775770036502472,-2.523511826907877
-1.7756098625231655,-2.521292156494522
-1.7717437343343092,-2.519074323020931
-1.7701564280711986,-2.5168583219650977
-1.7694290733829903,-2.514644148821115
-1.7671178696243848,-2.512431799099099
-1.7670500241012603,-2.5102212683251155
-1.7630672977767086,-2.5080125520410954
-1.7624475415058765,-2.505805645804762
-1.7615271894701723,-2.503600545189559
-1.754152438759176,-2.501397245784562
-1.7529872289227253,-2.4991957431944187
-1.7516415352779973,-2.4969960330392613
-1.7515678741068066,-2.4947981109546413
-1.7508037926353996,-2.4926019725914457
-1.7496127377746151,-2.4904076136158326
-1.7452268357531435,-2.4882150297091554
-1.7402790789521243,-2.4860242165678845
-1.7397282532167282,-2.4838351699035432
-1.7395158070845855,-2.4816478854426327
-1.7391755908919122,-2.4794623589265554
-1.7390753882864531,-2.4772785861115545
-1.7390183494159945,-2.4750965627686328
-1.7374878842772623,-2.4729162846834907
-1.7358776395330202,-2.470737747656451
-1.729862544291975,-2.468560947502392
-1.7291638744337974,-2.46638588005068
-1.728012675923367,-2.464212541145096
-1.724546870045226,-2.4620409266437746
-1.7211467097655488,-2.4598710324191284
-1.7184744785097412,-2.4577028543577875
-1.7144949974096693,-2.455536388360528
-1.7107702447715367,-2.453371630342209
-1.7031072584579248,-2.451208576231705
-1.7025314025717955,-2.4490472219718376
-1.702399473664246,-2.4468875635193155
-1.699579405136566,-2.444729596844665
-1.6994964772813737,-2.442573317932167
-1.6980060689176253,-2.4404187227797958
-1.695562632158777,-2.438265807399147
-1.6939482707930698,-2.4361145678153853
-1.6922428040359028,-2.433965000067172
-1.6904602106620934,-2.431817100206607
-1.6846198379707356,-2.4296708642991676
-1.6815847071227237,-2.427526288423639
-1.6784728892452847,-2.4253833686720636
-1.6770939083353142,-2.4232421011496723
-1.6751933108132513,-2.421102481974824
-1.6681518228687962,-2.41896450727895
-1.6667828790176247,-2.4168281732064854
-1.6663867354217015,-2.414693475914821
-1.6648957897299836,-2.4125604115742294
-1.66084905478716,-2.4104289763678204
-1.6579737025879124,-2.4082991664914712
-1.6543382104982862,-2.406170978153773
-1.6539611384033732,-2.4040444075759737
-1.6533853956875635,-2.401919450991915
-1.6519897857984478,-2.399796104647981
-1.6517959510134645,-2.397674364803037
-1.6505931098862983,-2.3955542277283737
-1.6487582927439084,-2.393435689707654
-1.6467399075963403,-2.3913187470368484
-1.642693918883157,-2.3892033960241887
-1.6423035374904968,-2.3870896329901075
-1.6355841368487594,-2.384977454267183
-1.6351329497281697,-2.3828668562000863
-1.6344729141500027,-2.380757835145522
-1.63377905810481,-2.3786503874721827
-1.633436516181471,-2.3765445095606843
-1.633429701651343,-2.3744401978035214
-1.6313040674882957,-2.3723374486050086
-1.6286791009646167,-2.370236258381229
-1.6282350593186754,-2.3681366235599834
-1.6274081420764566,-2.366038540580732
-1.627092929784978,-2.36394200589455
-1.6256973667607837,-2.361847015964068
-1.6245295824580677,-2.3597535672634287
-1.6230892898352784,-2.3576616562782284
-1.6221203032675737,-2.3555712795054684
-1.6190631613944995,-2.353482433453505
-1.6156733411465474,-2.351395114642001
-1.6148994233406053,-2.349309319601869
-1.614318279195773,-2.347225044875228
-1.6128720650808914,-2.3451422870153515
-1.6127915765794327,-2.3430610425866174
-1.6099297001424515,-2.3409813081644604
-1.6090554336263942,-2.338903080335322
-1.6073974563508526,-2.336826355696602
-1.6051100723738105,-2.3347511308566107
-1.6046352880747436,-2.3326774024345234
-1.6016925811238705,-2.330605167060324
-1.6014392430961986,-2.3285344213747714
-1.5999060129432798,-2.326465162029339
-1.599702058813229,-2.324397385686175
-1.598170594603119,-2.3223310890180557
-1.5979900708189343,-2.3202662687083344
-1.596548739312555,-2.3182029214509
-1.5925090112881743,-2.3161410439501298
-1.5920849965624888,-2.314080632920843
-1.5907181065265896,-2.312021685088254
-1.5881514490545967,-2.30996419718793
-1.5868095175346986,-2.3079081659657468
-1.5867856082858725,-2.30585358817784
-1.5867595797491247,-2.3038004605905633
-1.5838597219844925,-2.301748779980444
-1.5812428875818212,-2.2996985431341375
-1.5799959175737273,-2.2976497468483883
-1.578190005922673,-2.2956023879299794
-1.575280703409567,-2.2935564631956953
-1.573368505673056,-2.291511969472276
-1.5698468216826003,-2.2894689035963727
-1.5682050137966417,-2.2874272624145116
-1.5636736240579885,-2.285387042783041
-1.563580229838175,-2.283348241568102
-1.5633044504350002,-2.2813108556455766
-1.5612462713164816,-2.2792748819010478
-1.560224218573182,-2.277240317229765
-1.5595729387462738,-2.275207158536591
-1.5572733565926224,-2.273175402735975
-1.5490591053881146,-2.2711450467518985
-1.5467445983246626,-2.269116087517845
-1.5464666314643436,-2.267088521976752
-1.5459583841667077,-2.265062347080976
-1.54587162431591,-2.2630375597922523
-1.5452816915030367,-2.2610141570816507
-1.5436780501781757,-2.2589921359295424
-1.541891654771416,-2.2569714933255565
-1.5417069753569896,-2.2549522262685406
-1.5404177854181544,-2.252934331766526
-1.535365697312936,-2.2509178068366835
-1.5346028645528793,-2.2489026485052905
-1.5329777528541702,-2.2468888538076883
-1.5320172596976973,-2.244876419788247
-1.5283340702445014,-2.2428653435003265
-1.5221830675133075,-2.240855622006237
-1.5219700769966318,-2.2388472523772065
-1.5191261968507803,-2.236840231693338
-1.5181445582109057,-2.2348345570435764
-1.5175094252572643,-2.232830225525669
-1.5166496843201698,-2.23082723424613
-1.513003886634522,-2.2288255803202075
-1.5117331395966593,-2.2268252608718377
-1.5094714299317826,-2.224826273033619
-1.5086644837292464,-2.222828613946771
-1.5079863188899845,-2.2208322807610994
-1.507688397229407,-2.218837270634961
-1.5063974206163326,-2.2168435807352274
-1.5060063012587386,-2.2148512082372522
-1.5051217996459323,-2.212860150324832
-1.504961421406364,-2.210870404190176
-1.5030687448015927,-2.2088819670338684
-1.501880914515607,-2.2068948360648335
-1.500964051956179,-2.204909008500305
-1.4990095596632256,-2.2029244815657893
-1.4980813935668251,-2.20094125249503
-1.4956808165465008,-2.1989593185299783
-1.4951662717349132,-2.196978676920755
-1.4918724871521858,-2.1949993249256226
-1.48307037473784,-2.193021259810945
-1.4825481112067362,-2.1910444788511603
-1.4816401150803955,-2.189068979328746
-1.4800579219616492,-2.1870947585341844
-1.4795496440363125,-2.1851218137659343
-1.4746356280501811,-2.183150142330392
-1.471614541584106,-2.1811797415418677
-1.470163743795653,-2.1792106087225456
-1.4700441115877483,-2.177242741202457
-1.4699422646522446,-2.175276136319446
-1.4678467104939603,-2.1733107914191376
-1.4655291030860549,-2.1713467038549097
-1.464554528876199,-2.169383870987858
-1.4640832823658627,-2.167422290186767
-1.463843440151899,-2.1654619588280766
-1.4611686628555764,-2.163502874295855
-1.4605340036516115,-2.1615450339817692
-1.4585871302546525,-2.159588435285043
-1.4577041012086345,-2.157633075612444
-1.4459843467219238,-2.1556789523782403
-1.4452651440752657,-2.153726063004174
-1.4424147992838952,-2.151774404919437
-1.441162616156243,-2.1498239755606288
-1.4404734619658641,-2.1478747723717424
-1.4377251615994562,-2.1459267928041212
-1.4366502042597227,-2.1439800343164377
-1.4353007946864318,-2.1420344943746636
-1.4311745244951297,-2.1400901704520363
-1.4300629861190495,-2.138147060029035
-1.4298209571870275,-2.1362051605933505
-1.4295128339147531,-2.134264469639855
-1.4283042846845346,-2.132324984670575
-1.42688976076716,-2.130386703194663
-1.4237007041648577,-2.128449622728372
-1.4235649789273477,-2.1265137407950188
-1.4233391024315702,-2.124579054924969
-1.4223301419919676,-2.122645562655597
-1.4215279571594366,-2.1207132615312667
-1.4195412304664146,-2.1187821491033008
-1.4174443103814696,-2.116852222929953
-1.414702298557333,-2.114923480576382
-1.4129951835282386,-2.1129959196146246
-1.412571903570867,-2.111069537623566
-1.4119654255588538,-2.1091443321889205
-1.4116149145832797,-2.107220300903193
-1.4114860581435353,-2.105297441365664
-1.4090814001403853,-2.1033757511823556
-1.4085571483624484,-2.1014552279660097
-1.4074198029359637,-2.0995358693360595
-1.406879934151861,-2.0976176729186022
-1.4066777784731546,-2.095700636346379
-1.4065920708010455,-2.0937847572587405
-1.4033076865089549,-2.09187003330163
-1.4028268568492517,-2.0899564621275517
-1.4022263685022507,-2.0880440413955474
-1.3989164273484385,-2.086132768771173
-1.3973670469659694,-2.0842226419264693
-1.3964597082266832,-2.0823136585399413
-1.3940716125647292,-2.0804058162965307
-1.3895359260228088,-2.0784991128875903
-1.3871296398671376,-2.0765935460108644
-1.3869464912540792,-2.074689113370456
-1.3847127137645368,-2.072785812676811
-1.3838369113919717,-2.070883641646687
-1.3838260021669162,-2.0689825980031347
-1.3808209617037708,-2.067082679475468
-1.38036560250913,-2.0651838837992456
-1.375024099364372,-2.063286208716244
-1.3743020861265665,-2.061389651974435
-1.3740154181662523,-2.0594942113279604
-1.3739394442320592,-2.05759988453711
-1.3721156942859876,-2.0557066693682975
-1.3717775147695166,-2.0538145635940404
-1.371493047448547,-2.051923564992929
-1.3710321991706154,-2.050033671349613
-1.3707683904097168,-2.04814488045477
-1.3703712529122458,-2.0462571901050906
-1.3703237585623576,-2.044370598103249
-1.3691529256588864,-2.0424851022578814
-1.3684811772116137,-2.040600700383569
-1.3656900692977216,-2.038717390300809
-1.3653730658719618,-2.036835169835995
-1.3648409600831308,-2.034954036821395
-1.3646349683636347,-2.0330739890951297
-1.3608300598868717,-2.0311950245011494
-1.3599303389852282,-2.0293171408892112
-1.3568951488005367,-2.0274403361148607
-1.356783867363854,-2.025564608039406
-1.355882423859126,-2.0236899545298987
-1.3557033738008542,-2.0218163734591146
-1.3554576546158221,-2.019943862705524
-1.3542899526601746,-2.0180724201532816
-1.3494097310788271,-2.0162020436921972
-1.3493876348220522,-2.0143327312177166
-1.3493762032872911,-2.012464480630904
-1.348512947893445,-2.010597289838413
-1.3480091131688514,-2.0087311567524773
-1.3425456739776196,-2.006866079290879
-1.3406887654044857,-2.0050020553769348
-1.3396852031441135,-2.0031390829394735
-1.3394557752272571,-2.001277159912814
-1.339060111206983,-1.9994162842367498
-1.338302592945888,-1.9975564538565216
-1.3376314295032306,-1.9956976667228035
-1.337498372600319,-1.9938399207916797
-1.3369950463546159,-1.9919832140246245
-1.3357441573347268,-1.9901275443884856
-1.3356765232765357,-1.9882729098554588
-1.3349033479264836,-1.9864193084030743
-1.3344854128038393,-1.9845667380141738
-1.3336224193823678,-1.9827151966768897
-1.3335078734840238,-1.980864682384631
-1.333086279417413,-1.9790151931360564
-1.3320480311206453,-1.9771667269350628
-1.32861637959455,-1.9753192817907603
-1.326275756570895,-1.9734728557174561
-1.320210477857111,-1.9716274467346357
-1.3196420627544732,-1.969783052866941
-1.318415107998547,-1.9679396721441562
-1.317855153848026,-1.966097302601185
-1.317399885841881,-1.9642559422780335
-1.3132927924685436,-1.9624155892197916
-1.31233526150037,-1.9605762414766161
-1.3122803979178295,-1.9587378971037102
-1.3118205421689002,-1.9569005541613036
-1.3102062942730195,-1.95506421071464
-1.3079096257085736,-1.9532288648339526
-1.3055786642091347,-1.9513945145944511
-1.3036037004211136,-1.949561158076302
-1.3020941187544661,-1.9477287933646066
-1.302041990503133,-1.9458974185493911
-1.300069652476002,-1.9440670317255826
-1.2985604632115777,-1.9422376309929938
-1.2981790075522606,-1.9404092144563063
-1.2970342751307125,-1.93858178022505
-1.2953761930020302,-1.9367553264135897
-1.2936082032541742,-1.934929851141105
-1.2924324229822481,-1.9331053525315727
-1.2911247605199057,-1.9312818287137534
-1.291109866803543,-1.9294592778211679
-1.2905944624055472,-1.9276376979920888
-1.2893498241623658,-1.9258170873695146
-1.2888682063307044,-1.9239974441011594
-1.287747152128169,-1.922178766339433
-1.286366967603568,-1.9203610522414238
-1.2829136352219384,-1.9185442999688864
-1.2804283678976274,-1.9167285076882181
-1.2757469739574672,-1.914913673570449
-1.2754247770363136,-1.9130997957912212
-1.27527539121378,-1.911286872530774
-1.2728484988281814,-1.9094749019739297
-1.2725032569456414,-1.9076638823100716
-1.2721887729187475,-1.9058538117331354
-1.2708860035177298,-1.9040446884415863
-1.2702939371073996,-1.9022365106384078
-1.2680412753505446,-1.9004292765310833
-1.2619641081514623,-1.8986229843315812
-1.2618949446227927,-1.8968176322563388
-1.2601388185374705,-1.8950132185262452
-1.25988806093973,-1.8932097413666296
-1.2596276781289475,-1.8914071990072419
-1.2578123815525277,-1.8896055896822372
-1.2557836267199873,-1.8878049116301647
-1.2556116833003172,-1.8860051630939458
-1.2540829054427527,-1.8842063423208648
-1.2536723078770964,-1.882408447562549
-1.2533435699960287,-1.8806114770749573
-1.2530515150514356,-1.8788154291183643
-1.2519876259585196,-1.8770203019573395
-1.2518838798190022,-1.8752260938607432
-1.2518334173179457,-1.8734328031017018
-1.2515392294200651,-1.871640427957597
-1.2500195575684596,-1.8698489667100526
-1.2437461860044479,-1.868058417644916
-1.2436449155441545,-1.8662687790522465
-1.242354463034011,-1.8644800492262985
-1.240466863940654,-1.8626922264655095
-1.2404543362109495,-1.860905309072483
-1.2374447294813726,-1.8591192953539757
-1.2343362412592092,-1.8573341836208836
-1.2331242495321686,-1.855549972188224
-1.2322506002072777,-1.853766659375129
-1.2270867653939044,-1.851984243504822
-1.222774859731522,-1.8502027229046099
-1.2219065257785995,-1.8484220959058675
-1.2214874802437066,-1.846642360844022
-1.220484963124554,-1.8448635160585427
-1.2204360884663155,-1.8430855598929217
-1.2194218642359815,-1.841308490694665
-1.21908591393828,-1.8395323068152774
-1.2165830980782055,-1.837757006610246
-1.2153471499396786,-1.8359825884390317
-1.2125036139557843,-1.83420905066505
-1.2119364051282433,-1.8324363916556639
-1.2083878133911456,-1.8306646097821626
-1.2077226508232548,-1.8288937034197552
-1.2070075167323437,-1.8271236709475542
-1.2059214445135549,-1.8253545107485611
-1.2042646193920743,-1.8235862212096565
-1.2039740954142752,-1.821818800721584
-1.2039078740472158,-1.8200522476789365
-1.2032124097042098,-1.818286560480149
-1.2003685246280391,-1.8165217375274763
-1.2001280243787338,-1.8147577772269892
-1.2000114454822257,-1.8129946779885544
-1.1967435046578991,-1.8112324382258267
-1.1924753277446172,-1.8094710563562328
-1.1871119876487541,-1.8077105308009611
-1.1868844366121214,-1.8059508599849488
-1.1868246269307745,-1.8041920423368638
-1.1861120400311493,-1.8024340762891033
-1.186082300166794,-1.80067696027777
-1.1819165927399953,-1.7989206927426644
-1.176600513943188,-1.7971652721272764
-1.1763861378173237,-1.7954106968787626
-1.1753412361796778,-1.7936569654479455
-1.1733977435797973,-1.7919040762892928
-1.172787701689889,-1.7901520278609095
-1.1713971630907698,-1.7884008186245253
-1.1709857751929584,-1.7866504470454796
-1.1703345381617685,-1.7849009115927124
-1.1697512856902843,-1.783152210738753
-1.1689297174672004,-1.7814043429597046
-1.167792745168596,-1.7796573067352348
-1.1661813012953461,-1.7779111005485622
-1.164622840395423,-1.776165722886448
-1.1641678132274695,-1.7744211722391798
-1.1623865183544162,-1.7726774471005622
-1.1592469034881754,-1.7709345459679051
-1.157631030014094,-1.7691924673420107
-1.1575590029370049,-1.7674512097271662
-1.1573843625476643,-1.7657107716311247
-1.1547611839097591,-1.763971151565101
-1.1545555813992099,-1.762232348043756
-1.153453943862656,-1.7604943595851874
-1.1532101507259607,-1.7587571847109174
-1.1508404023233765,-1.7570208219458796
-1.1506769137651467,-1.7552852698184132
-1.1492329765304978,-1.753550526860245
-1.1490972887312338,-1.7518165916064834
-1.1484338905780638,-1.7500834625956043
-1.1476204314425391,-1.7483511383694414
-1.1465954469964676,-1.7466196174731763
-1.1463950373783829,-1.744888898455324
-1.1455769021171955,-1.7431589798677256
-1.1413988860245357,-1.7414298602655345
-1.14131928187886,-1.739701538207208
-1.1412742965618425,-1.737974012254496
-1.140695656652698,-1.7362472809724279
-1.1393060718651682,-1.7345213429293052
-1.1378949487883612,-1.7327961966966887
-1.1364440628716606,-1.7310718408493886
-1.1347351357952244,-1.7293482739654542
-1.1321838502695614,-1.727625494626161
-1.1320272252569716,-1.725903501416006
-1.1315074457826366,-1.7241822929226893
-1.1298548683194078,-1.72246186773711
-1.1288405581477612,-1.7207422244533541
-1.1266140546560584,-1.7190233616686812
-1.1261462169064276,-1.7173052779835194
-1.1248850738950782,-1.7155879720014506
-1.1234653927813638,-1.7138714423292032
-1.123182296253789,-1.7121556875766397
-1.1185375826696375,-1.710440706356748
-1.117445842592178,-1.7087264972856315
-1.1142486969147205,-1.7070130589824968
-1.1142187076856698,-1.7053003900696482
-1.1131167865690448,-1.7035884891724729
-1.1129439849090397,-1.7018773549194324
-1.1096668173167603,-1.7001669859420567
-1.1094068411092228,-1.6984573808749266
-1.1078258803059478,-1.6967485383556717
-1.1074665017006937,-1.6950404570249558
-1.1056320591775746,-1.6933331355264691
-1.105466411927733,-1.6916265725069184
-1.103651738676512,-1.6899207666160154
-1.101723568222504,-1.6882157165064715
-1.1007744276421791,-1.6865114208339833
-1.099865231487787,-1.6848078782572253
-1.0960552929162222,-1.6831050874378424
-1.095869112509209,-1.6814030470404362
-1.0952567251929337,-1.6797017557325593
-1.0903744370957118,-1.6780012121847023
-1.0901015868695163,-1.6763014150702893
-1.0867592157873118,-1.6746023630656635
-1.0845060303554581,-1.6729040548500809
-1.0823609894159962,-1.6712064891057021
-1.0816308657435403,-1.6695096645175778
-1.0798668566976442,-1.6678135797736466
-1.076312663862519,-1.6661182335647204
-1.0761388913349659,-1.6644236245844781
-1.0744366777890821,-1.6627297515294557
-1.0728272080654664,-1.6610366130990373
-1.0727283304629052,-1.6593442079954461
-1.0719925581723833,-1.6576525349237354
-1.0717784874039094,-1.6559615925917806
-1.0715440994806558,-1.6542713797102677
-1.070944567842796,-1.6525818949926872
-1.069968832858911,-1.650893137155326
-1.0699051947615545,-1.6492051049172531
-1.0688059785501542,-1.6475177970003183
-1.0685855954860073,-1.6458312121291383
-1.0663325647032,-1.6441453490310887
-1.0659990756840962,-1.6424602064362976
-1.0630748346168137,-1.6407757830776348
-1.0603473321576218,-1.6390920776907048
-1.0603244747461305,-1.6374090890138358
-1.0599184075893857,-1.6357268157880736
-1.0571734106952302,-1.6340452567571748
-1.0568208179579426,-1.6323644106675903
-1.0567590318205768,-1.6306842762684686
-1.0509765625258487,-1.6290048523116365
-1.050757849006188,-1.6273261375515982
-1.050402994309054,-1.6256481307455226
-1.0487753250111465,-1.6239708306532377
-1.0484627489328953,-1.6222942360372223
-1.044309921209172,-1.6206183456625938
-1.042059739016102,-1.6189431582971052
-1.0411940718406372,-1.6172686727111343
-1.040996582439252,-1.6155948876776753
-1.0397018977189019,-1.6139218019723334
-1.0389022854453573,-1.612249414373311
-1.0375549046026669,-1.610577723661407
-1.0332381627153253,-1.6089067286200032
-1.0330392649273417,-1.607236428035058
-1.031275533936782,-1.6055668206951
-1.0304385759753742,-1.6038979053912175
-1.0299493694216968,-1.6022296809170526
-1.0283298314753102,-1.6005621460687927
-1.0253494736506534,-1.5988952996451613
-1.023841892329842,-1.5972291404474133
-1.0230155418963567,-1.5955636672793243
-1.0220561287516492,-1.5938988789471837
-1.021307296643567,-1.5922347742597873
-1.0199527096369188,-1.5905713520284308
-1.0199520723948987,-1.5889086110668993
-1.0199486719472481,-1.5872465501914614
-1.0167180880017068,-1.5855851682208628
-1.0152517466583917,-1.5839244639763153
-1.014876039907036,-1.582264436281493
-1.0143561994325234,-1.5806050839625232
-1.013411068144972,-1.5789464058479767
-1.012983866425037,-1.5772884007688646
-1.0124068030160243,-1.575631067558628
-1.01221205040852,-1.5739744050531306
-1.0081712064177704,-1.5723184120906537
-1.0080111419645605,-1.570663087511886
-1.0073968452163269,-1.569008430159917
-1.0061840785909257,-1.5673544388802314
-1.0054432675635232,-1.5657011125207
-1.0050806096149645,-1.564048449931572
-1.0039880864415345,-1.562396449965471
-1.0034436104396767,-1.560745111477385
-1.003404759341857,-1.5590944333246584
-1.0010134438689353,-1.5574444143669877
-0.9997637114233155,-1.5557950534664122
-0.9996684360165632,-1.55414634948731
-0.9990869739737384,-1.5524983012963853
-0.9989632128175961,-1.5508509077626678
-0.9984961669117726,-1.5492041677575004
-0.9974898330668417,-1.5475580801545357
-0.9965997794405519,-1.5459126438297275
-0.9951672202697671,-1.544267857661325
-0.9938477369681354,-1.5426237205298639
-0.9905305473468424,-1.540980231318162
-0.9894716146534386,-1.5393373889113096
-0.989431937557635,-1.5376951921966655
-0.9892056245756964,-1.5360536400638476
-0.9885193271380768,-1.5344127314047293
-0.9872347686659885,-1.532772465113429
-0.9859909710824483,-1.531132840086306
-0.9854494261400996,-1.529493855221953
-0.9848237146180142,-1.5278555094211888
-0.9837865225247353,-1.5262178015870538
-0.9827201745498637,-1.5245807306248
-0.98055721790915,-1.5229442954418884
-0.9771774215534138,-1.5213084949479767
-0.9764137608654336,-1.5196733280549213
-0.976280716318092,-1.5180387936767614
-0.9756034906386553,-1.5164048907297194
-0.974704363633886,-1.5147716181321906
-0.972420301934825,-1.5131389748047386
-0.9723240537879312,-1.5115069596700874
-0.9713664572300199,-1.5098755716531185
-0.9712279657922981,-1.5082448096808583
-0.9670066576550427,-1.5066146726824783
-0.9658150930409888,-1.5049851595892836
-0.963058395523896,-1.50335626933471
-0.9627339765321951,-1.5017280008543157
-0.9601768276893531,-1.5001003530857768
-0.9600443180417235,-1.498473324968879
-0.9597570821548528,-1.4968469154455128
-0.9585296110056077,-1.495221123459667
-0.957456691454744,-1.4935959479574215
-0.9572056053998235,-1.4919713878869434
-0.9570480198490311,-1.4903474421984786
-0.9569057309032476,-1.4887241098443467
-0.9550663591104712,-1.4871013897789342
-0.9526295696854606,-1.48547928095869
-0.9503572988846811,-1.4838577823421177
-0.9500862305998347,-1.4822368928897711
-0.9471414424225513,-1.4806166115642454
-0.9455625860015594,-1.4789969373301748
-0.945333299660192,-1.4773778691542239
-0.9453296794985298,-1.475759406005083
-0.9452846088490325,-1.474141546853461
-0.9450985118514629,-1.4725242906720821
-0.9425212697484618,-1.470907636435677
-0.9415995911584543,-1.4692915831209779
-0.941240069215854,-1.4676761297067131
-0.9410402731700369,-1.4660612751736013
-0.9407325697077767,-1.4644470185043457
-0.940312296638598,-1.4628333586836277
-0.9392730274566126,-1.4612202946981012
-0.9391515958395927,-1.4596078255363871
-0.9374273825265265,-1.4579959501890682
-0.9349732736467384,-1.4563846676486827
-0.9344856175974756,-1.454773976909718
-0.9329868982382162,-1.4531638769686073
-0.9329379534101827,-1.4515543668237203
-0.9322384335844788,-1.4499454454753615
-0.9301860060121808,-1.4483371119257615
-0.9301346256510729,-1.446729365179073
-0.9300944960650435,-1.4451222042413663
-0.9291341442135024,-1.443515628120621
-0.9275971975112637,-1.4419096358267216
-0.9269877279249277,-1.4403042263714532
-0.926619690034542,-1.438699398768494
-0.925146394392955,-1.4370951520334125
-0.9251218863470255,-1.4354914851836595
-0.923720544054826,-1.4338883972385634
-0.9236462831442108,-1.4322858872193258
-0.9229136856289428,-1.4306839541490142
-0.9224315359275673,-1.4290825970525585
-0.9219022966769159,-1.4274818149567456
-0.9188478822678022,-1.4258816068902125
-0.9180539191707581,-1.4242819718834412
-0.9169667706320054,-1.422682908968756
-0.9162517331004829,-1.421084417180314
-0.915060225672385,-1.4194864955541044
-0.9144227864601893,-1.4178891431279395
-0.9131029873713138,-1.4162923589414516
-0.9096856610146853,-1.414696142036086
-0.9094353803862183,-1.4131004914550989
-0.9086900554645078,-1.4115054062435484
-0.905711896034633,-1.4099108854482927
-0.905632913752165,-1.408316928117983
-0.9054561268960124,-1.4067235333030588
-0.9021908825455787,-1.4051307000557423
-0.9010503954440905,-1.403538427430035
-0.9008470155226098,-1.4019467144817108
-0.8989818213005955,-1.4003555602683124
-0.8986983168226582,-1.3987649638491446
-0.8942385184633027,-1.3971749242852716
-0.8936647480682877,-1.3955854406395087
-0.8914708048568625,-1.3939965119764208
-0.8898924845605117,-1.3924081373623163
-0.8887136468875748,-1.3908203158652401
-0.8881053625691423,-1.3892330465549716
-0.8880432303011266,-1.387646328503018
-0.886619586344592,-1.3860601607826102
-0.8847558515104773,-1.3844745424686973
-0.8841386635897751,-1.3828894726379428
-0.8834954113225113,-1.3813049503687191
-0.883367146465486,-1.3797209747411012
-0.8830154116056934,-1.3781375448368647
-0.8824459742729098,-1.3765546597394793
-0.8796261170411223,-1.3749723185341034
-0.8793486939614663,-1.3733905203075822
-0.8791651478859506,-1.3718092641484398
-0.8790930450495638,-1.3702285491468753
-0.8785575637975267,-1.3686483743947597
-0.8782424870231188,-1.3670687389856284
-0.8780928884063008,-1.3654896420146798
-0.8779057303154875,-1.3639110825787681
-0.8755125847207369,-1.3623330597763992
-0.8745006154610961,-1.360755572707727
-0.8742907917380831,-1.3591786204745475
-0.8714152773517527,-1.357602202180295
-0.866576258580671,-1.356026316930038
-0.8664828288731035,-1.3544509638304734
-0.8659842297033561,-1.352876141989922
-0.8653334736900155,-1.3513018505183254
-0.8632053640435062,-1.34972808852724
-0.8619809720261932,-1.3481548551298328
-0.8617240295400308,-1.346582149440878
-0.8614736399041126,-1.3450099705767506
-0.8608894857959468,-1.3434383176554239
-0.8608451072364867,-1.3418671897964634
-0.8600311746499941,-1.3402965861210225
-0.8591310249610007,-1.338726505751841
-0.8583811944062232,-1.3371569478132357
-0.8583694680755827,-1.3355879114311007
-0.8557637367782148,-1.3340193957328987
-0.855452422459282,-1.332451399847661
-0.8553830893751517,-1.3308839229059801
-0.8546410481461002,-1.3293169640400067
-0.8540703054402485,-1.3277505223834445
-0.8524026012461656,-1.326184597071547
-0.8493407921667564,-1.3246191872411117
-0.848967709915383,-1.3230542920304778
-0.8470301161758834,-1.3214899105795193
-0.8463521390413696,-1.3199260420296446
-0.8445618458849962,-1.318362685523788
-0.8440098767085508,-1.3167998402064078
-0.8435950933658685,-1.3152375052234824
-0.8434021355045526,-1.3136756797225044
-0.842825218565775,-1.3121143628524792
-0.8423009977249539,-1.3105535537639172
-0.8398984989028044,-1.3089932516088325
-0.8392815798581421,-1.3074334555407374
-0.8386560039660601,-1.305874164714639
-0.8380787932400744,-1.3043153782870336
-0.8379352915151015,-1.3027570954159062
-0.8374128384509033,-1.3011993152607217
-0.836975182354508,-1.2996420369824238
-0.8361910070280781,-1.2980852597434303
-0.8361302490571897,-1.2965289827076287
-0.8348886284525373,-1.294973205040373
-0.8328931749555921,-1.293417925908479
-0.8324500222441749,-1.29186314448022
-0.8318342438394566,-1.290308859925323
-0.8310462955542749,-1.288755071414966
-0.8310187042073972,-1.287201778121771
-0.8305882908109518,-1.2856489792198056
-0.8300261267680277,-1.2840966738845714
-0.8299085780849865,-1.2825448612930062
-0.8293056113712656,-1.2809935406234783
-0.8288821560307587,-1.2794427110557816
-0.8277063703591944,-1.277892371771132
-0.8274608983477596,-1.2763425219521651
-0.827134489801648,-1.2747931607829308
-0.8269356462394774,-1.2732442874488892
-0.8266024453961146,-1.271695901136908
-0.8264104713450925,-1.2701480010352575
-0.8261246404369796,-1.2686005863336085
-0.8249470026234684,-1.267053656223026
-0.824923206159552,-1.2655072098959672
-0.8239744925453761,-1.2639612465462773
-0.822424251016144,-1.262415765369186
-0.8203835905263661,-1.2608707655613025
-0.8191125196325892,-1.2593262463206139
-0.8189869915918189,-1.2577822068464792
-0.8180112163897767,-1.256238646339628
-0.8166080170782497,-1.2546955640021533
-0.8164012700673338,-1.2531529590375114
-0.8143788005095477,-1.2516108306505165
-0.8134811445171897,-1.2500691780473376
-0.8132442864341637,-1.2485280004354937
-0.8130023760504662,-1.2469872970238516
-0.8119407182589575,-1.2454470670226212
-0.8118206790401488,-1.2439073096433517
-0.8114962575622541,-1.2423680240989305
-0.8091748977596499,-1.2408292096035762
-0.8071433605513002,-1.2392908653728365
-0.8060873742125713,-1.237752990623585
-0.8054680654836134,-1.2362155845740166
-0.8014704524961807,-1.2346786464436448
-0.8004194959018682,-1.233142175453299
-0.8000043578373026,-1.231606170825119
-0.7982500442530971,-1.2300706317825516
-0.7980742721578161,-1.2285355575503487
-0.7976188088288259,-1.227000947354563
-0.7963949106579589,-1.2254668004225442
-0.7960508385555848,-1.2239331159829359
-0.7930393863390843,-1.2223998932656717
-0.7909936593653683,-1.2208671315019723
-0.7899544833134239,-1.2193348299243423
-0.7872913679483321,-1.2178029877665637
-0.7858869636481907,-1.2162716042636992
-0.7844854816492561,-1.2147406786520811
-0.7843693481605604,-1.2132102101693134
-0.7840344510417474,-1.211680198054265
-0.783265691880659,-1.2101506415470684
-0.7822042253058518,-1.2086215398891156
-0.7819875652634453,-1.2070928923230553
-0.7811403123967494,-1.205564698092788
-0.7804848460780479,-1.2040369564434648
-0.7796716190601718,-1.2025096666214814
-0.7795762905413167,-1.2009828278744774
-0.7792538609650124,-1.1994564394513327
-0.7790228909031905,-1.1979305006021619
-0.7777786382003085,-1.196405010578313
-0.7776059403297676,-1.1948799686323646
-0.7773336636736912,-1.1933553740181193
-0.7761418367350298,-1.1918312259906052
-0.7754341062558474,-1.19030752380607
-0.7697686587160725,-1.188784266721977
-0.7697386466128494,-1.187261453997003
-0.7691025806520628,-1.1857390848910359
-0.7688098790965484,-1.1842171586651695
-0.7659508848472564,-1.1826956745817017
-0.762844912707474,-1.181174631904132
-0.7621241619451269,-1.179654029897156
-0.7620986825323263,-1.1781338678266635
-0.7617258602303524,-1.1766141449597365
-0.7613478933446173,-1.1750948605646434
-0.7607822544035406,-1.1735760139108393
-0.757958703561001,-1.172057604268959
-0.7571245330364824,-1.1705396309108165
-0.7559377090158707,-1.1690220931094024
-0.7557181786954927,-1.1675049901388772
-0.7545743819376683,-1.1659883212745723
-0.7530830690099477,-1.1644720857929851
-0.7512170268399128,-1.1629562829717761
-0.7477579333041741,-1.1614409120897649
-0.7474947339561449,-1.159925972426929
-0.7472403439827483,-1.158411463264399
-0.7466193653392885,-1.1568973838844565
-0.746465420491037,-1.1553837335705315
-0.7461706356306725,-1.1538705116071986
-0.7457752601076736,-1.1523577172801738
-0.7455607677357029,-1.1508453498763114
-0.7444193454832482,-1.1493334086836025
-0.7437050678174595,-1.147821892991171
-0.7431130793531284,-1.1463108020892698
-0.7424428676300271,-1.1448001352692794
-0.7414233259513539,-1.143289891823704
-0.7410285223813734,-1.1417800710461679
-0.7402311314892963,-1.1402706722314142
-0.7364229978680585,-1.138761694675302
-0.7360734567574778,-1.1372531376748012
-0.7351372039294954,-1.1357450005279914
-0.7328355229099182,-1.1342372825340585
-0.7327867882936429,-1.1327299829932915
-0.7323301569740611,-1.1312231012070806
-0.7320328060580045,-1.1297166364779134
-0.7318644318843444,-1.1282105881093731
-0.731811969647633,-1.126704955406133
-0.7317076585842882,-1.1251997376739575
-0.7303247333228382,-1.1236949342196958
-0.7297660954358909,-1.1221905443512818
-0.7291675205951107,-1.1206865673777293
-0.7285058415108878,-1.1191830026091294
-0.7282748307815662,-1.1176798493566495
-0.7280983258994184,-1.116177106932528
-0.7278304400527116,-1.1146747746500725
-0.7274646863378758,-1.113172851823659
-0.7239484169752199,-1.1116713377687257
-0.7229094607404435,-1.1101702318017725
-0.722680356592977,-1.108669533240357
-0.722462330901092,-1.1071692414030936
-0.7215105609426495,-1.1056693556096475
-0.7187492080629958,-1.1041698751807358
-0.7187302255413076,-1.1026707994381229
-0.7164507133425178,-1.1011721277046167
-0.7153873869618701,-1.0996738593040674
-0.7145498201267179,-1.098175993561364
-0.7141449079579335,-1.096678529802434
-0.7138128351668074,-1.0951814673542368
-0.7135199661833186,-1.0936848055447634
-0.7118424959665623,-1.0921885437030332
-0.7118312527423888,-1.090692681159092
-0.7112769867506429,-1.0891972172440076
-0.7104737290404105,-1.0877021512898697
-0.7104560208976578,-1.0862074826297854
-0.7095130608374023,-1.0847132105978767
-0.7082709259060024,-1.0832193345292782
-0.707838815545754,-1.0817258537601344
-0.7078072971022503,-1.0802327676275985
-0.7069913002217499,-1.0787400754698269
-0.7041753957778343,-1.0772477766259791
-0.7025823915163891,-1.0757558704362133
-0.7000343410327198,-1.0742643562416858
-0.6991290242662298,-1.0727732333845468
-0.6980006037502263,-1.0712825012079388
-0.6964145500727899,-1.069792159055993
-0.6944443092909522,-1.0683022062738279
-0.6938527306404745,-1.066812642207546
-0.6927106527310323,-1.0653234662042315
-0.6908615283322618,-1.0638346776119476
-0.6898399170118463,-1.0623462757797357
-0.6898319913588011,-1.0608582600576089
-0.6893220399482363,-1.0593706297965537
-0.6888238021439811,-1.0578833843485251
-0.6881629469981335,-1.0563965230664445
-0.6866448900503163,-1.0549100453041986
-0.6860158526268008,-1.053423950416635
-0.685329405466677,-1.0519382377595603
-0.6840850383681352,-1.0504529066897381
-0.6820029258325834,-1.0489679565648866
-0.679669909001118,-1.0474833867436748
-0.6785979875377014,-1.0459991965857236
-0.6785464141495967,-1.0445153854515985
-0.6779749389819966,-1.0430319527028105
-0.6778330752311779,-1.0415488977018121
-0.6776328668677585,-1.0400662198119965
-0.6764657298846649,-1.0385839183976935
-0.6762154203535831,-1.0371019928241685
-0.6715734676856754,-1.0356204424576185
-0.670906933232448,-1.034139266665172
-0.6705371653468484,-1.032658464814884
-0.6682744077185723,-1.0311780362757346
-0.66624354526077,-1.029697980417629
-0.6651121987021167,-1.0282182966113909
-0.6642995967190779,-1.0267389842287638
-0.662528859418818,-1.0252600426424059
-0.6623188077881148,-1.0237814712258906
-0.6605881058544559,-1.0223032693537004
-0.6604515426606974,-1.0208254364012295
-0.6601800749139347,-1.0193479717447769
-0.6591807116608277,-1.0178708747615461
-0.6584651277144155,-1.0163941448296434
-0.6570978708377623,-1.0149177813280739
-0.655951503862333,-1.0134417836367406
-0.6555788887200982,-1.0119661511364428
-0.6550174524957504,-1.0104908832088706
-0.653846353487469,-1.0090159792366062
-0.6536200759267784,-1.0075414386031196
-0.6522802763211579,-1.0060672606927668
-0.6512983309345615,-1.0045934448907883
-0.6512870733220216,-1.003119990583305
-0.6509466645954777,-1.0016468971573185
-0.649551172469431,-1.0001741640007067
-0.64831315181159,-0.9987017905022222
-0.6463693468909056,-0.9972297760514903
-0.6459828510420803,-0.9957581200390084
-0.6458202177712682,-0.9942868218561396
-0.6455472613028045,-0.9928158808951142
-0.6451170008058772,-0.9913452965490268
-0.6437886458307912,-0.9898750682118329
-0.6431064665356852,-0.9884051952783472
-0.642500101132863,-0.9869356771442432
-0.6418430618927704,-0.9854665132060478
-0.6410974191311989,-0.9839977028611417
-0.6408067547220847,-0.9825292455077561
-0.6400812585709448,-0.9810611405449703
-0.6400771806389692,-0.9795933873727114
-0.6368332868467189,-0.9781259853917497
-0.6354813130853161,-0.9766589340036984
-0.6353982699704925,-0.9751922326110096
-0.6338103801565216,-0.9737258806169746
-0.6328757329006848,-0.9722598774257194
-0.6327925921483987,-0.970794222442205
-0.632217497031366,-0.9693289150722233
-0.6306084621783832,-0.9678639547223948
-0.630451080458771,-0.966399340800169
-0.6292666551648206,-0.9649350727138186
-0.6241688295919715,-0.963471149872442
-0.622359365140499,-0.9620075716859575
-0.6218848482834389,-0.9605443375651019
-0.621536562569564,-0.9590814469214293
-0.621005247413092,-0.9576188991673096
-0.6196980006916237,-0.956156693715924
-0.6188470601388347,-0.9546948299812665
-0.6180788807451651,-0.9532333073781376
-0.6151761493109451,-0.9517721253221467
-0.6151632683384823,-0.950311283229706
-0.6139392959150487,-0.9488507805180317
-0.612892923945522,-0.9473906166051393
-0.6126624374855775,-0.9459307909098449
-0.6117812301089255,-0.9444713028517593
-0.6110926301487587,-0.9430121518512888
-0.6099174749829358,-0.9415533373296323
-0.6094084024951559,-0.9400948587087783
-0.6082218352390615,-0.9386367154115058
-0.6066627854870047,-0.9371789068613792
-0.6055477339672651,-0.9357214324827468
-0.6051576338136339,-0.9342642917007411
-0.6039130272212229,-0.9328074839412743
-0.6032717768074425,-0.9313510086310375
-0.6031329720304651,-0.9298948651974994
-0.6014393872990252,-0.9284390530689024
-0.600685940188442,-0.926983571674262
-0.6005873648535577,-0.9255284204433654
-0.6003058488003845,-0.9240735988067674
-0.5992070674414934,-0.9226191061957907
-0.598554835408119,-0.9211649420425239
-0.5974047286483519,-0.9197111057798173
-0.5965184099114125,-0.9182575968412832
-0.594130850947651,-0.9168044146612935
-0.5939216328789777,-0.9153515586749768
-0.5927973937550084,-0.9138990283182182
-0.5926322590412239,-0.9124468230276561
-0.5921960702293434,-0.9109949422406802
-0.5866591405208059,-0.9095433853954304
-0.5859033455210632,-0.9080921519307954
-0.5854504006319553,-0.906641241286408
-0.5839920820199629,-0.9051906529026479
-0.5838677775936548,-0.9037403862206352
-0.5831064103577007,-0.9022904406822312
-0.582138099341802,-0.900840815730036
-0.5813006963950585,-0.8993915108073864
-0.5809350176267816,-0.8979425253583533
-0.5781620095013411,-0.8964938588277429
-0.5775261160072275,-0.8950455106610904
-0.576894279940407,-0.8935974803046616
-0.5759169611477074,-0.8921497672054499
-0.5740190093705009,-0.8907023708111736
-0.5731305763534581,-0.8892552905702769
-0.5699964938954667,-0.8878085259319244
-0.5698687137562657,-0.8863620763460014
-0.5697766657369714,-0.8849159412631122
-0.5691155066663214,-0.8834701201345783
-0.5681767102070171,-0.8820246124124342
-0.5679804168268398,-0.8805794175494299
-0.5674980279549042,-0.8791345349990258
-0.5673036187679753,-0.8776899642153919
-0.5670375626129118,-0.8762457046534053
-0.5658644980685571,-0.8748017557686509
-0.5655857416517575,-0.8733581170174165
-0.5653194897345121,-0.8719147878566926
-0.5639347397375968,-0.8704717677441713
-0.5621029835641731,-0.8690290561382426
-0.5612734603226835,-0.8675866524979949
-0.561064852089995,-0.8661445562832109
-0.561029154059101,-0.8647027669543681
-0.5580540640018415,-0.8632612839726359
-0.5575778960682122,-0.8618201067998736
-0.5575117161170087,-0.8603792348986297
-0.5554128408205204,-0.8589386677321387
-0.5531305648141187,-0.8574984047643206
-0.5518338274518895,-0.8560584454597799
-0.5508743562835365,-0.8546187892838017
-0.5501298375576348,-0.8531794357023512
-0.5458384092674012,-0.8517403841820723
-0.5458191255930224,-0.8503016341902854
-0.5443418719649793,-0.8488631851949857
-0.5438198126686987,-0.8474250366648421
-0.5420977459673131,-0.8459871880691949
-0.5419613961048472,-0.844549638878054
-0.5411118741124941,-0.8431123885620979
-0.5395494280591662,-0.8416754365926709
-0.539403744693751,-0.8402387824417838
-0.538947478878647,-0.8388024255821096
-0.538489266060268,-0.8373663654869823
-0.5350629783942483,-0.8359306016303971
-0.5341722935874957,-0.8344951334870065
-0.5341452457207498,-0.8330599605321198
-0.533521661728535,-0.8316250822417024
-0.5334254614000588,-0.830190498092372
-0.5313723209384629,-0.8287562075613977
-0.5300345455619986,-0.8273222101266993
-0.5278994448152953,-0.825888505266845
-0.5265259701180847,-0.8244550924610503
-0.5252403694331168,-0.8230219711891755
-0.5249960909016632,-0.8215891409317244
-0.524986084919062,-0.8201566011698431
-0.5238214270270849,-0.8187243513853177
-0.5218237740082212,-0.8172923910605736
-0.5218056091315484,-0.8158607196786742
-0.5215781892736232,-0.8144293367233166
-0.5214206791355852,-0.8129982416788335
-0.5196644697084212,-0.8115674340301893
-0.5183318454881373,-0.8101369132629801
-0.5157408316493025,-0.8087066788634298
-0.5140220408682763,-0.8072767303183928
-0.5139606349412099,-0.8058470671153466
-0.5109778076553685,-0.804417688742395
-0.510746427061834,-0.8029885946882651
-0.5097605955455655,-0.8015597844423039
-0.505092871477745,-0.8001312574944806
-0.5045406331751923,-0.7987030133353812
-0.5044612273357765,-0.797275051456209
-0.5044003767904073,-0.7958473713487826
-0.50427664389636,-0.7944199725055345
-0.5038173285193827,-0.7929928544195088
-0.5033525402279276,-0.7915660165843621
-0.5032925201253432,-0.7901394584943586
-0.5031913875609186,-0.7887131796443705
-0.5019169664428255,-0.7872871795298761
-0.5012161616793953,-0.7858614576469591
-0.49832972284326804,-0.784436013492305
-0.4972139150999355,-0.7830108465632027
-0.49710348916120817,-0.7815859563575397
-0.49692825421203085,-0.780161342373803
-0.4960851219371748,-0.7787370041110765
-0.4950973330753519,-0.7773129410690393
-0.4947301129018769,-0.7758891527479657
-0.4937269854976386,-0.7744656386487218
-0.4929933357601826,-0.7730423982727653
-0.49268192022528257,-0.7716194311221437
-0.4918295298386988,-0.7701967366994922
-0.49075154389231673,-0.7687743145080331
-0.49035703506056755,-0.7673521640515746
-0.4901241237701974,-0.7659302848345081
-0.4895860815119996,-0.7645086763618073
-0.48801088587552566,-0.7630873381390274
-0.48786073772428645,-0.7616662696723027
-0.48707024597871706,-0.7602454704683452
-0.48569199173847066,-0.7588249400344449
-0.48534973262992337,-0.7574046778784652
-0.4852295884562946,-0.7559846835088443
-0.48467596534495144,-0.7545649564345924
-0.48464827668460064,-0.7531454961652905
-0.4834064499426259,-0.751726302211089
-0.48295536902485037,-0.7503073740827072
-0.48270373947196854,-0.7488887112914291
-0.47934833852531306,-0.7474703133491059
-0.47727976339401607,-0.7460521797681509
-0.4753695174863672,-0.7446343100615405
-0.47461099044413585,-0.7432167037428126
-0.47423794199893665,-0.7417993603260638
-0.47137548006972624,-0.7403822793259489
-0.4708384638245558,-0.7389654602576801
-0.4695806877167177,-0.7375489026370234
-0.4695559179590174,-0.7361326059803011
-0.46940602116325114,-0.7347165698043862
-0.46904472282077525,-0.7333007936267038
-0.4681822579656502,-0.7318852769652281
-0.4679035897148534,-0.7304700193384824
-0.46705588358957817,-0.7290550202655364
-0.4665705113130589,-0.7276402792660067
-0.46628190292524424,-0.7262257958600529
-0.4662806407662075,-0.7248115695683778
-0.46517621660241776,-0.7233975999122264
-0.46349114133673963,-0.7219838864133837
-0.46197276517118596,-0.7205704285941731
-0.4615525567499368,-0.7191572259774561
-0.4614341054337208,-0.7177442780866307
-0.4592149775529577,-0.7163315844456284
-0.458252296341286,-0.7149191445789157
-0.45546886194238606,-0.7135069580114899
-0.4551793808127313,-0.7120950242688805
-0.4528206815067255,-0.7106833428771459
-0.45271743252592667,-0.7092719133628721
-0.45203783346975274,-0.7078607352531727
-0.4510280652184647,-0.7064498080756867
-0.4501521764041966,-0.7050391313585764
-0.4498564012483296,-0.7036287046305288
-0.4466351765389132,-0.7022185274207511
-0.4443376177672415,-0.7008085992589707
-0.444279170220101,-0.6993989196754348
-0.4440820885557154,-0.6979894882009073
-0.44304635814531973,-0.6965803043666688
-0.4428365245144295,-0.695171367704516
-0.4426287837744853,-0.6937626777467576
-0.4413262145347534,-0.692354234026216
-0.4406498703252632,-0.6909460360762242
-0.4406080408561195,-0.6895380834306247
-0.4379187713606611,-0.6881303756237702
-0.4371389843105109,-0.6867229121905193
-0.4363100080477063,-0.6853156926662366
-0.4357006119913092,-0.6839087165867921
-0.4335909629328757,-0.6825019834885592
-0.4334769813991547,-0.681095492908413
-0.43229555283187443,-0.6796892443837307
-0.4308050366196648,-0.678283237452388
-0.43024517667050144,-0.6768774716527598
-0.42991096488637204,-0.6754719465237177
-0.42960834033153183,-0.6740666616046295
-0.4294270064732202,-0.6726616164353572
-0.4281950150067516,-0.6712568105562572
-0.4281300566959335,-0.6698522435081777
-0.42795350674073795,-0.6684479148324572
-0.42611605954741705,-0.6670438240709247
-0.4259241931719889,-0.6656399707658968
-0.4254813377877362,-0.6642363544601788
-0.42479733793309005,-0.6628329746970605
-0.4241090356720367,-0.661429831020317
-0.4240906373697603,-0.6600269229742074
-0.4215870911294219,-0.6586242501034724
-0.42103102378415463,-0.6572218119533338
-0.4190710330054919,-0.6558196080694946
-0.4186575773746622,-0.6544176379981347
-0.4185007770395366,-0.6530159012859128
-0.41836126347409386,-0.6516143974799627
-0.41810670740298306,-0.6502131261278938
-0.4180322078461475,-0.6488120867777899
-0.4166555758126551,-0.647411278978207
-0.4163413983507427,-0.6460107022781721
-0.41356268698097465,-0.6446103562271827
-0.413226717810125,-0.6432102403752055
-0.41275847976880625,-0.6418103542726747
-0.4123002376015175,-0.6404106974704926
-0.4121203878701489,-0.6390112695200248
-0.41174095754841483,-0.6376120699731024
-0.4096097508893069,-0.6362130983820197
-0.4092006332023193,-0.6348143542995327
-0.4080138013772891,-0.6334158372788576
-0.4077278741912815,-0.6320175468736721
-0.40745256760928306,-0.6306194826381097
-0.40684240727360965,-0.6292216441267633
-0.4045487100550281,-0.6278240308946805
-0.4045325049322854,-0.6264266424973646
-0.40329166601405547,-0.6250294784907724
-0.40322772266158374,-0.6236325384313138
-0.4019414791046226,-0.6222358218758495
-0.40117809869462023,-0.6208393283816906
-0.40064684353375246,-0.6194430575065978
-0.3995000327808725,-0.6180470088087788
-0.39496091023372526,-0.61665118184689
-0.3946354307392428,-0.615255576180032
-0.39429465963056803,-0.6138601913677503
-0.39395982475538605,-0.612465026970034
-0.39323880915423415,-0.6110700825473145
-0.39321799516182726,-0.6096753576604641
-0.3931593416097893,-0.6082808518707961
-0.39297473215778705,-0.6068865647400616
-0.39224355974646835,-0.6054924958304505
-0.391275272190375,-0.6040986447045881
-0.3910443942340311,-0.6027050109255361
-0.390161858771437,-0.6013115940567914
-0.3897862437916551,-0.5999183936622825
-0.3895318887930824,-0.5985254093063717
-0.3894241885837491,-0.5971326405538512
-0.38735323479863887,-0.5957400869699438
-0.38719334343138695,-0.5943477481203011
-0.38706232816235,-0.5929556235710028
-0.38569636122438644,-0.591563712888555
-0.38462673344645903,-0.5901720156398892
-0.38388197305929395,-0.5887805313923618
-0.3837797460831004,-0.5873892597137519
-0.3837200170443128,-0.5859982001722615
-0.3833483000497917,-0.5846073523365143
-0.3832989421186495,-0.5832167157755533
-0.38251748011567915,-0.5818262900588408
-0.38249607040213,-0.5804360747562571
-0.3822250335121507,-0.5790460694380989
-0.38140460261744386,-0.5776562736750801
-0.38134452101627,-0.5762666870383277
-0.38033528101145125,-0.5748773090993836
-0.380220634899047,-0.5734881394302017
-0.378938288126143,-0.5720991776031471
-0.37889435297179075,-0.5707104231909959
-0.37651260918471413,-0.5693218757669337
-0.3732648179415,-0.5679335349045547
-0.37306445209662636,-0.5665454001778588
-0.3722776896008073,-0.5651574711612541
-0.3716054573133525,-0.5637697474295523
-0.3695944970818378,-0.56238222855797
-0.3694593251275071,-0.5609949141221272
-0.36935203080465406,-0.5596078036980452
-0.3692680312603911,-0.5582208968621465
-0.36548089221944396,-0.5568341931912534
-0.3651124897673527,-0.555447692262587
-0.36506448928068613,-0.5540613936537667
-0.36461329451088414,-0.5526752969428088
-0.36314823296349236,-0.5512894017081247
-0.3631388543347273,-0.5499037075285207
-0.36295183124560887,-0.5485182139831971
-0.36290732411414545,-0.547132920651746
-0.3626160262625387,-0.545747827114153
-0.3614552915267162,-0.5443629329507929
-0.3609117751367013,-0.5429782377424299
-0.360342987318425,-0.5415937410702174
-0.36028763830655997,-0.5402094425156959
-0.35752410234938287,-0.5388253416607937
-0.3572935003192292,-0.5374414380878227
-0.3561603323340238,-0.5360577313794809
-0.3553834135831562,-0.5346742211188488
-0.35519735917154566,-0.5332909068893898
-0.3548073419143646,-0.5319077882749486
-0.3534665166490701,-0.5305248648597509
-0.3534157515899145,-0.5291421362284017
-0.35325947704964394,-0.5277596019658838
-0.35320975113111847,-0.5263772616575583
-0.35257349451650166,-0.5249951148891623
-0.3507369660090485,-0.523613161246808
-0.34938606259959043,-0.5222314003169839
-0.34912039494610486,-0.5208498316865502
-0.34891935463152124,-0.5194684549427401
-0.3487160121506138,-0.5180872696731585
-0.3480939369631937,-0.5167062754657802
-0.34808463823313296,-0.5153254719089514
-0.3467714621492493,-0.513944858591385
-0.34465226730695153,-0.5125644351021619
-0.34259238051237423,-0.5111842010307303
-0.34241407899809617,-0.5098041559669034
-0.3423028493655211,-0.508424299500859
-0.339376658996602,-0.5070446312231397
-0.33901956738439115,-0.5056651507246498
-0.3387301277317047,-0.5042858575966556
-0.33862415099406645,-0.5029067514307843
-0.33833230701089706,-0.501527831819023
-0.3381035385068459,-0.5001490983537173
-0.33784358977943596,-0.4987705506275717
-0.33665554576105367,-0.49739218823364684
-0.33603078449730145,-0.49601401076535945
-0.3350719303462667,-0.4946360178164815
-0.3343279114765221,-0.4932582089811385
-0.33368675391302993,-0.4918805838538107
-0.33324888129936403,-0.490503142029329
-0.32998247202081843,-0.4891258831028762
-0.3296769978870835,-0.4877488066699852
-0.32894964784241987,-0.4863719123265383
-0.32809582220468614,-0.48499519966876636
-0.3269133441961028,-0.48361866829324807
-0.32676528598664406,-0.4822423177969082
-0.32592852305757325,-0.4808661477770173
-0.32567595478174927,-0.47949015783119076
-0.325458996503269,-0.47811434755738713
-0.324213738172755,-0.4767387165539084
-0.32346583591913564,-0.4753632644193987
-0.32303658982174277,-0.4739879907528426
-0.3226056719723344,-0.47261289515356497
-0.32249570110299786,-0.4712379772212295
-0.32245727052743434,-0.46986323655583817
-0.32031915653004295,-0.468488672757731
-0.32030316232465406,-0.4671142854275837
-0.3195791032721405,-0.4657400741664074
-0.3185396833780796,-0.4643660385755477
-0.3178818463478948,-0.4629921782566845
-0.31749085426179185,-0.4616184928118293
-0.3172515191814828,-0.4602449818433271
-0.3161442329844164,-0.458871644953852
-0.31610731060197567,-0.4574984817464095
-0.3145356640992803,-0.45612549182433304
-0.31383427627787597,-0.45475267479128534
-0.3135845823793835,-0.4533800302512552
-0.31313897512362576,-0.4520075578085593
-0.3131246379050556,-0.4506352570678389
-0.3127739683282713,-0.4492631276340596
-0.31261303208666885,-0.4478911691125116
-0.311442547185477,-0.44651938110880673
-0.31089041400766276,-0.4451477632288804
-0.31035681642802887,-0.4437763150789875
-0.3101534654046328,-0.44240503626570393
-0.3086707681082954,-0.44103392639592454
-0.30859703436097186,-0.43966298507686263
-0.30717015683763865,-0.4382922119160486
-0.30695047897846717,-0.4369216065213306
-0.30634234821889045,-0.43555116850087183
-0.3057303522978242,-0.4341808974631499
-0.30488768850380243,-0.4328107930169569
-0.3037363790329649,-0.4314408547713978
-0.303556685698803,-0.43007108233589064
-0.30323828396474883,-0.4287014753201638
-0.30313474277389996,-0.4273320333342566
-0.302841921711428,-0.42596275598851774
-0.30226265636681754,-0.42459364289360535
-0.3021082524218619,-0.4232246936604841
-0.3013509526675018,-0.4218559079004277
-0.300782361709082,-0.42048728522501444
-0.3002873017247709,-0.41911882524612853
-0.3000925343274225,-0.41775052757595843
-0.29997446490383406,-0.4163823918269963
-0.2997396835223003,-0.41501441761203706
-0.29956925617046526,-0.4136466045441778
-0.2994526473617565,-0.4122789522368162
-0.2990643980832623,-0.41091146030365044
-0.2984948091460864,-0.4095441283586778
-0.2964829302348318,-0.40817695601619375
-0.29637356604188997,-0.40680994289079275
-0.2961163928146025,-0.4054430885973648
-0.29603659923794845,-0.40407639275109586
-0.2942228788568675,-0.4027098549674678
-0.29389536695490776,-0.4013434748622561
-0.29387240969420325,-0.39997725205152956
-0.2938399091450967,-0.3986111861516507
-0.29354754940557104,-0.3972452767792728
-0.2932328788885754,-0.39587952355134004
-0.29307478512610263,-0.3945139260850872
-0.2928512017502162,-0.39314848399803803
-0.29272751998546004,-0.3917831969080042
-0.2923053839158627,-0.3904180644330867
-0.2913260598222084,-0.38905308619167167
-0.29054768209815673,-0.38768826180243166
-0.2894015965048048,-0.38632359088432444
-0.28675775513658375,-0.3849590730565916
-0.2857775966696161,-0.3835947079387596
-0.28378362854071626,-0.3822304951506361
-0.28346796722594125,-0.3808664343123114
-0.28291066836176065,-0.3795025250441564
-0.28186203570250606,-0.37813876696682225
-0.28179259790112143,-0.37677515970123965
-0.2777179329487516,-0.37541170286861836
-0.2773963012868577,-0.37404839609044516
-0.27657192893159044,-0.37268523898848427
-0.27632602078199425,-0.3713222311847757
-0.2737968624656231,-0.369959372301635
-0.2730616669801322,-0.36859666196165186
-0.2727689536753413,-0.36723409978769095
-0.2714646510935478,-0.3658716854028887
-0.27009447401369013,-0.364509418430654
-0.26928504066944176,-0.36314729849466687
-0.2683239696801114,-0.3617853252188782
-0.26772593312544374,-0.36042349822750874
-0.2674421407301818,-0.3590618171450478
-0.26737027779346734,-0.3577002815962529
-0.26708464937869236,-0.35633889120614914
-0.26621585670942316,-0.35497764560002787
-0.2647421934360966,-0.35361654440344603
-0.2642748315296654,-0.3522555872422266
-0.2640446118292858,-0.3508947737424557
-0.26337690357874277,-0.3495341035304832
-0.26272121597479875,-0.34817357623292133
-0.2615584435841595,-0.34681319147664447
-0.2612953737294298,-0.34545294888878775
-0.26115889326046227,-0.3440928480967471
-0.2609417304649492,-0.34273288872817764
-0.26078218675179415,-0.34137307041099285
-0.260081860400074,-0.3400133927733645
-0.25999740839411856,-0.3386538554437212
-0.2595765722404452,-0.33729445805074865
-0.2584766327025929,-0.3359352002233874
-0.2582322395490185,-0.3345760815908331
-0.25671427475435815,-0.3332171017825353
-0.25587942844048395,-0.3318582604281971
-0.2557588831916421,-0.33049955715777346
-0.2552226936747507,-0.32914099160147225
-0.255033260832491,-0.32778256338975154
-0.25492589876033606,-0.3264242721533195
-0.2547382573292808,-0.32506611752313397
-0.25444735947127384,-0.3237080991304011
-0.2540272957773718,-0.32235021660657603
-0.2530434854269657,-0.32099246958336014
-0.25284025582876857,-0.31963485769270106
-0.2517990013648768,-0.31827738056679244
-0.25046807773054647,-0.316920037838073
-0.24950264029161007,-0.3155628291392246
-0.24936413277880592,-0.3142057541031744
-0.24919086503211388,-0.31284881236309026
-0.24814233940420466,-0.3114920035523827
-0.24793802097327683,-0.3101353273047034
-0.24759210122128264,-0.3087787832539439
-0.24400241839445147,-0.30742237103423575
-0.2435733318493506,-0.3060660902799498
-0.2435547195095327,-0.30470994062569423
-0.24319946502824444,-0.3033539217063148
-0.24292903359002807,-0.3019980331568941
-0.24264512698994425,-0.30064227461274995
-0.24007238437201187,-0.29928664570943664
-0.2373766338980678,-0.29793114608274174
-0.23704710114577324,-0.29657577536868673
-0.23477469682510718,-0.29522053320352604
-0.2346766475488272,-0.2938654192237463
-0.23381485766410615,-0.29251043306606506
-0.23269286756475538,-0.291155574367432
-0.2319733779469288,-0.2898008427650254
-0.2317006977660413,-0.28844623789625323
-0.23164881681090727,-0.287091759398752
-0.23157794394836448,-0.28573740691038585
-0.23076248712943725,-0.2843831800692458
-0.23014202429950578,-0.28302907851365
-0.22829262521611607,-0.2816751018821414
-0.22691302021294985,-0.28032124981348816
-0.22465532750830292,-0.2789675219466823
-0.22365655075148438,-0.2776139179209388
-0.223010835287656,-0.27626043737569694
-0.2225053550850371,-0.2749070799506166
-0.2222606707147881,-0.27355384528557913
-0.22223171061958857,-0.2722007330206865
-0.22164934789485274,-0.27084774279626045
-0.22108538464145047,-0.2694948742528416
-0.22076138017330044,-0.26814212703118956
-0.22056304591994838,-0.26678950077228125
-0.2204492263471173,-0.2654369951173102
-0.2195883229766595,-0.26408460970768666
-0.21951583074543934,-0.2627323441850359
-0.21946581224750175,-0.26138019819119784
-0.21917906585027974,-0.26002817136822765
-0.2180915048432181,-0.2586762633583929
-0.21776264258298875,-0.2573244738041738
-0.21768641296656713,-0.2559728023482627
-0.21687527231787784,-0.25462124863356295
-0.21550748806725428,-0.25326981230318946
-0.21532195487639166,-0.25191849300046565
-0.2147070870255114,-0.2505672903689249
-0.21469764633735472,-0.24921620405230846
-0.21346092737582867,-0.24786523369456578
-0.21225050757467523,-0.24651437893985276
-0.21198678730563852,-0.2451636394325328
-0.20998497226373777,-0.24381301481717352
-0.20986261343027593,-0.24246250473854822
-0.20955008387978724,-0.24111210884163445
-0.20888966735334327,-0.2397618267716128
-0.20725842530055008,-0.23841165817386697
-0.2068654742716283,-0.23706160269398338
-0.20632005403211368,-0.23571165997774904
-0.20601656459769363,-0.23436182967115213
-0.20573455528814164,-0.23301211142038084
-0.20496128508806313,-0.23166250487182202
-0.20488162858791728,-0.230313009672063
-0.2047446944312272,-0.22896362546788754
-0.20462184941934403,-0.22761435190627696
-0.20435502712908843,-0.22626518863440973
-0.20353037582652553,-0.2249161352996595
-0.20290330061145528,-0.22356719154959562
-0.20255075493043578,-0.2222183570319826
-0.20245106764674697,-0.2208696313947777
-0.2020594579144002,-0.21952101428613205
-0.20149866092443092,-0.21817250535438906
-0.200990360819293,-0.21682410424808382
-0.20083416973910936,-0.21547581061594337
-0.1957534561892972,-0.21412762410688443
-0.1954560753740965,-0.21277954437001365
-0.19502640866424434,-0.2114315710546271
-0.19452790603724673,-0.21008370381020894
-0.19443225979314427,-0.20873594228643103
-0.19426222796224998,-0.20738828613315333
-0.19241583226708478,-0.2060407350004211
-0.19153369634960124,-0.2046932885384656
-0.18847035801703402,-0.20334594639770362
-0.18796750812681443,-0.2019987082287357
-0.18717256258486292,-0.2006515736823463
-0.187105211986746,-0.19930454240950377
-0.18564861985477857,-0.19795761406135784
-0.1851067344022905,-0.19661078828924053
-0.18164525997716607,-0.19526406474466454
-0.18065611134900103,-0.19391744307932288
-0.18021207396553374,-0.19257092294508946
-0.18010761623459431,-0.191224503994016
-0.1771828084716808,-0.1898781858783329
-0.17717547905047462,-0.18853196825044857
-0.1764247831505709,-0.18718585076294839
-0.17639349682278624,-0.18583983306859378
-0.17572430056829316,-0.1844939148203231
-0.1748879886544204,-0.1831480956712487
-0.17461309151039162,-0.18180237527465767
-0.17450758394235133,-0.18045675328401087
-0.17395520521464292,-0.17911122935294252
-0.17388422918671737,-0.17776580313525872
-0.17270751780112115,-0.1764204742849386
-0.17164447050490195,-0.17507524245613135
-0.17143321709957118,-0.1737301073031571
-0.17138598678471084,-0.1723850684805057
-0.17106197781256063,-0.17104012564283597
-0.170863239938641,-0.16969527844497637
-0.17067607472422566,-0.1683505265419222
-0.17019530918368606,-0.16700586958883626
-0.16840553162563252,-0.16566130724104808
-0.1678358856810828,-0.1643168391540533
-0.16735013392616285,-0.16297246498351206
-0.16687017122326253,-0.1616281843852508
-0.16635996606647196,-0.16028399701525856
-0.166243668164122,-0.15893990252968823
-0.16593367801761896,-0.15759590058485537
-0.16538421585100857,-0.15625199083723781
-0.16464882896230587,-0.15490817294347434
-0.16440880361423402,-0.15356444656036547
-0.16432576478540878,-0.15222081134487134
-0.16373681595562362,-0.15087726695411127
-0.16356928350064093,-0.14953381304536398
-0.16293551145773683,-0.14819044927606592
-0.16249763475507265,-0.14684717530381228
-0.16123900689361234,-0.14550399078635415
-0.1610206824002189,-0.14416089538159907
-0.1609337798341717,-0.14281788874761073
-0.15828249174230696,-0.1414749705426074
-0.15708423004921485,-0.14013214042496183
-0.15563286767724832,-0.13878939805320137
-0.1541690313672288,-0.13744674308600577
-0.15319031446955853,-0.13610417518220727
-0.15193706298104498,-0.13476169400079033
-0.15158950647589958,-0.13341929920089038
-0.15156935997748797,-0.13207699044179352
-0.1510046936541477,-0.13073476738293668
-0.14997004566428532,-0.1293926296839051
-0.14846464742355142,-0.12805057700443326
-0.14831604260831616,-0.12670860900440353
-0.14821668905340757,-0.12536672534384566
-0.1473762266341022,-0.12402492568293724
-0.14731381218057735,-0.12268320968200105
-0.14721078958593953,-0.12134157700150591
-0.14635799272775746,-0.12000002730206541
-0.1458562537856754,-0.11865856024443786
-0.14503643406318517,-0.11731717548952456
-0.14452310056713494,-0.11597587269837142
-0.14214346312563622,-0.11463465153216548
-0.1414967845449188,-0.1132935116522362
-0.14120888719880306,-0.11195245272005425
-0.14097739788125072,-0.11061147439723043
-0.1405565150056274,-0.10927057634551687
-0.13888126649787239,-0.10792975822680403
-0.13796279642256926,-0.10658901970312132
-0.13795832812481584,-0.10524836043663646
-0.13714277262978247,-0.1039077800896547
-0.13673296911321275,-0.10256727832461784
-0.13664712818202926,-0.10122685480410523
-0.13531325925380683,-0.09988650919083056
-0.1341096330649186,-0.09854624114764335
-0.13391462313014518,-0.09720605033752724
-0.1336397026157925,-0.09586593642359995
-0.1315075207121158,-0.09452589906911199
-0.13061674742882082,-0.09318593793744781
-0.1305896145105328,-0.09184605269212257
-0.1302372400576823,-0.09050624299678325
-0.1290045963792001,-0.08916650851520772
-0.1288751801451631,-0.08782684891130363
-0.12804359191500764,-0.08648726384910946
-0.12594166083118374,-0.08514775299279145
-0.12577264426682744,-0.08380831600664454
-0.1256394529106948,-0.0824689525550916
-0.12555803630809578,-0.08112966230268251
-0.12446365688564452,-0.07979044491409351
-0.12387162928626115,-0.07845130005412773
-0.12366074419553783,-0.07711222738771265
-0.12323389334896245,-0.0757732265799009
-0.12322543309510117,-0.07443429729586906
-0.12216524913153914,-0.07309543920091757
-0.12162083588751915,-0.07175665196046918
-0.12155528115773968,-0.07041793524007009
-0.12082229720491651,-0.06907928870538735
-0.12081426527438327,-0.06774071202220919
-0.1197411853853281,-0.06640220485644469
-0.11948526890445886,-0.06506376687412238
-0.11789193216053166,-0.0637253977413911
-0.11765924313733682,-0.06238709712451748
-0.11698190573559071,-0.0610488646898866
-0.11679517779797953,-0.059710700104001174
-0.11629496132336262,-0.05837260303348077
-0.11598268624103455,-0.057034573145060746
-0.11567844538852673,-0.055696610105593874
-0.11498957756007092,-0.05435871358204633
-0.11482243073957073,-0.0530208832414997
-0.11377284351974142,-0.0516831187511492
-0.1135784857285308,-0.050345419778303785
-0.11221134435168126,-0.04900778599038444
-0.11186053316116211,-0.04767021705492572
-0.11074932280620764,-0.04633271263957253
-0.10919984077547178,-0.04499527241208126
-0.10886768539827343,-0.04365789604031858
-0.10884075307232022,-0.0423205831922607
-0.10852864336762302,-0.040983333535994176
-0.10837417806633627,-0.039646146739713034
-0.10810916919836884,-0.03830902247171983
-0.1080072474515324,-0.03697196040042447
-0.10692623500488194,-0.035634960194343784
-0.10691920008510133,-0.034298021522100514
-0.10691408159659424,-0.03296114405242423
-0.105481697208801,-0.03162432745414853
-0.10519740843474581,-0.030287571396211854
-0.10463603666260565,-0.028950875547656657
-0.10462246875675268,-0.027614239577628236
-0.10458584969685358,-0.026277663155375913
-0.10432880769218714,-0.0249411459502501
-0.10370314663195716,-0.02360468763170298
-0.10344173186252337,-0.022268287869288028
-0.10307762331938178,-0.020931946332658935
-0.10209547591528442,-0.019595662691569038
-0.10143732236211649,-0.018259436615871927
-0.10131279258555947,-0.016923267775518808
-0.10101169767365767,-0.015587155840559419
-0.09993336564754017,-0.014251100481141005
-0.09928238865863144,-0.012915101367507648
-0.09904799547160187,-0.011579158169999576
-0.0973776821054913,-0.010243270559053913
-0.09697437755763169,-0.008907438205201651
-0.09697409106981932,-0.007571660779069123
-0.09677987384156242,-0.006235937951376419
-0.09671607959743087,-0.004900269392936918
-0.09641783055600088,-0.0035646547746578383
-0.0962736906382259,-0.0022290937675377986
-0.0962345127875695,-0.0008935860426673992
-0.09593453282568033,0.00044186872877161054
-0.09408680278044074,0.0017772708755068312
-0.09389408572666007,0.003112620726176213
-0.09372082484875711,0.004447918609327195
-0.09300478109513957,0.0057831648534194535
-0.09137115622423009,0.007118359786824041
-0.09084330658039111,0.008453503737824247
-0.09012106977532407,0.009788597034616264
-0.09003502820586798,0.01112364000531002
-0.08919328719080359,0.012458632977928402
-0.08896523594186546,0.01379357628040992
-0.08863627179620544,0.015128470240607983
-0.0884694675844082,0.016463315186291627
-0.08784149738327467,0.01779811144514651
-0.08766112995128142,0.019132859344774156
-0.08618946537294113,0.02046755921269458
-0.08579837652472432,0.021802211376345387
-0.08547206712752507,0.023136816163082857
-0.08516805923291323,0.024471373900182364
-0.08486922236021614,0.02580588491483929
-0.08452900710797229,0.0271403495341683
-0.08228111738973176,0.028474768085206048
-0.08218379531521966,0.02980914089490999
-0.08133975337181841,0.03114346829015993
-0.08123219833240287,0.032477750597757926
-0.0801510850046788,0.03381198814442965
-0.07998214067792088,0.03514618125682334
-0.07850195799133347,0.03648033026151262
-0.07807328551546197,0.03781443548499555
-0.07765529081498519,0.039148497253695486
-0.07600761665203129,0.04048251589396229
-0.07587468151701939,0.041816491732071
-0.0746140974370611,0.04315042509422504
-0.07459815710144292,0.04448431630655497
-0.07444634814413746,0.04581816569511968
-0.07430896440923215,0.047151973585906726
-0.07383880249968894,0.048485740304833436
-0.07334898939609207,0.04981946617774588
-0.07278851525045565,0.051153151530421714
-0.07254857453760068,0.05248679668856926
-0.07140552281931814,0.05382040197782842
-0.07112717579341021,0.05515396772377121
-0.06992012514366881,0.0564874942519028
-0.0698873446968685,0.057820981887660466
-0.06910564343064099,0.059154430956416426
-0.06908222814300209,0.06048784178347685
-0.06854626104275571,0.061821214694083054
-0.06827205791087843,0.06315455001341205
-0.06819439949336295,0.0644878480665759
-0.0679187029984406,0.06582110917862435
-0.06631288225858674,0.06715433367454401
-0.06507770805805085,0.06848752187925927
-0.06497392203155841,0.06982067411763274
-0.0648709011066609,0.07115379071446637
-0.06483019250577261,0.07248687199450027
-0.06481261338790567,0.0738199182824158
-0.06312152043629775,0.07515292990283443
-0.06291989215484312,0.0764859071803187
-0.06184218871668838,0.07781885043937325
-0.06133470107800828,0.07915176000444371
-0.05888386112550648,0.08048463619991972
-0.05767714969846218,0.0818174793501337
-0.05571902887025999,0.08315028977936215
-0.055453405319439625,0.0844830678118258
-0.05441464739549595,0.08581581377169098
-0.054401687075805005,0.08714852798306819
-0.05402487627534245,0.08848121077001536
-0.05382109991496658,0.08981386245653658
-0.051422056557382426,0.09114648336658324
-0.05055314903944424,0.09247907382405438
-0.04976277813582286,0.09381163415279786
-0.04965985573208964,0.09514416467660922
-0.04852264256403525,0.09647666571923452
-0.048511647641348084,0.09780913760436952
-0.047377968365173564,0.09914158065566042
-0.047166423020527835,0.10047399519670494
-0.046104011549208894,0.1018063815510513
-0.04512369954832959,0.10313874004220103
-0.04493561498530609,0.10447107099360801
-0.042886750554551496,0.10580337472867951
-0.0427689411106696,0.10713565157077654
-0.041927564234725885,0.10846790184321488
-0.04103035421511976,0.10980012586926423
-0.040927145483754014,0.11113232397215086
-0.04067222493153618,0.11246449647505671
-0.038629430246664646,0.1137966437011204
-0.03738407664959812,0.11512876597343759
-0.036529373566897234,0.11646086361506211
-0.03629358633596547,0.11779293694900489
-0.03627896286435184,0.11912498629823678
-0.0357517911073107,0.12045701198568769
-0.03572940516666265,0.1217890143342473
-0.03547862770812212,0.12312099366676627
-0.034958363526546056,0.12445295030605498
-0.03424773832540987,0.12578488457488668
-0.034133857901405454,0.12711679679599622
-0.034067176430550086,0.12844868729208112
-0.03284874662264526,0.1297805563858021
-0.032721618109044254,0.1311124043997841
-0.03255928688242662,0.13244423165661506
-0.03162403222236959,0.1337760384788491
-0.031548984259368536,0.13510782518900522
-0.03153228839077954,0.13643959210956835
-0.02991830774417591,0.13777133956299004
-0.02953352531499408,0.1391030678716891
-0.028260210851591677,0.140434777358051
-0.02804213085067964,0.1417664683444302
-0.026599015632030952,0.14309814115314978
-0.02591649925929565,0.14442979610650178
-0.025811178317603857,0.14576143352674856
-0.024451313676837734,0.1470930537361216
-0.024237969140058435,0.14842465705682445
-0.023828903722206272,0.1497562438110316
-0.022684371218066872,0.15108781432088952
-0.021007033453553443,0.15241936890851732
-0.02033098308454128,0.15375090789600743
-0.018560842553058694,0.15508243160542473
-0.018419238858608467,0.15641394035880946
-0.017119238150084183,0.15774543447817613
-0.01695724853320187,0.15907691428551454
-0.016579173869456783,0.16040838010279018
-0.0165700738557489,0.16173983225194535
-0.01653870275132922,0.16307127105489805
-0.01583105001702705,0.16440269683354486
-0.015682983541672597,0.1657341099097599
-0.013192320857419238,0.16706551060539584
-0.012755968025110174,0.16839689924228482
-0.011326640021801173,0.1697282761422374
-0.0110369755094784,0.1710596416270454
-0.010626185408820377,0.17239099601848107
-0.010589803215983478,0.17372233963829775
-0.010453449696586925,0.1750536728082307
-0.009249655494462484,0.17638499584999778
-0.007983377843244469,0.17771630908529865
-0.00714806254826744,0.1790476128358175
-0.006497645058242907,0.18037890742322207
-0.0064184523782778126,0.1817101931691647
-0.0062724379896123405,0.1830414703952831
-0.00508315824918682,0.18437273942319943
-0.004527424479141361,0.18570400057452308
-0.0033199912564434377,0.18703525417084987
-0.0019736077676762685,0.18836650053376275
-0.0016839620420917405,0.18969773998483244
-0.001659218162783999,0.19102897284561843
-0.0004599535174824654,0.19236019943766783
-0.0004289475124135712,0.19369142008251838
-0.000343967661265954,0.19502263510169732
0.00043477392078267293,0.19635384481672244
0.0027989719434898144,0.1976850495491025
0.004052862337054587,0.1990162496203382
0.005782846483892391,0.20034744535192137
0.00606700645429704,0.20167863706533748
0.006709426933532399,0.20300982508206492
0.0074271168689476535,0.20434100972357574
0.008096832357822424,0.2056721913113368
0.009443884095898672,0.20700337016680853
0.009464808606132184,0.20833454661144793
0.009977796638957042,0.2096657209667076
0.010162554849142743,0.2109968935540365
0.010917425765002469,0.2123280646948807
0.011087659664661806,0.21365923471068415
0.011675181105424032,0.21499040392288776
0.012672064375818732,0.21632157265293225
0.013248896235695145,0.21765274122225672
0.013491134298839661,0.2189839099523016
0.014294837089574028,0.22031507916450482
0.015365527582988241,0.22164624918030829
0.016096911698766363,0.22297742032115284
0.017159154710435505,0.22430859290848137
0.017566234922492693,0.2256397672637414
0.01804591297517815,0.22697094370838045
0.018635312309651157,0.22830212256385257
0.01906173020344475,0.2296333041516136
0.019365770287614173,0.23096448879312406
0.019740290932183862,0.23229567680985186
0.02013081357506621,0.2336268685232676
0.020698078390652772,0.23495806425485113
0.020698317500341627,0.23628926432608688
0.022186964087479593,0.23762046905846654
0.022717758398740035,0.23895167877349202
0.022987794362293097,0.2402828937926706
0.02327724901930368,0.2416141144375215
0.02361189853963605,0.24294534102957055
0.02420522179791765,0.24427657389035654
0.024394211684147054,0.24560781334142662
0.02527963640635557,0.2469390597043391
0.025886646941756908,0.2482703133006663
0.02858592599807251,0.24960157445198955
0.029285679577484104,0.25093284347990624
0.029729722603023936,0.25226412070602466
0.03026011446334569,0.2535954064519669
0.03037273528455731,0.2549267010393719
0.0304350196402164,0.25625800478989036
0.030700789795209658,0.2575893180251916
0.031729474770896805,0.25892064106695867
0.03207299468065098,0.2602519742368912
0.032115865413603895,0.2615833178567083
0.03218534563223477,0.2629146722481436
0.032939430439684204,0.26424603773295197
0.03468600631440989,0.2655774146329042
0.03469658520892038,0.26690880326979316
0.035294848074983246,0.26824020396542947
0.03534347210972016,0.2695716170416441
0.0354987966646288,0.2709030428202913
0.03575794547401624,0.27223448162324365
0.036316194259566836,0.2735659337723988
0.036647720135399985,0.2748973995896748
0.03837878108579633,0.27622887939701285
0.03892545638246418,0.2775603735163799
0.039115764761406185,0.27889188226976425
0.039807432910307104,0.28022340597918194
0.03992254904155607,0.28155494496667205
0.0402661844241227,0.28288649955429945
0.040961027627996756,0.2842180700641578
0.04118248102943435,0.2855496568183653
0.04120670613537242,0.28688126013906773
0.041333594520520864,0.28821288034844117
0.04296978772621901,0.28954451776868717
0.043285499274926184,0.2908761727220396
0.04374909602792026,0.2922078455307595
0.043909928565310063,0.2935395365171384
0.0442213867970046,0.2948712460035006
0.04440998740644997,0.29620297431219894
0.045581117282004376,0.297534721765621
0.04662287035281536,0.29886648868618376
0.04696786940782757,0.30019827539634025
0.04706679972414137,0.30153008221857464
0.047214243355021376,0.30286190947540526
0.047243284201123566,0.30419375748938726
0.04774757917497084,0.3055256265831079
0.04793213187060553,0.3068575170791932
0.04810062028765213,0.308189429300303
0.04814326561293379,0.3095213635691344
0.049585750254317544,0.3108533202084235
0.04995943523049527,0.31218529954094165
0.05043548628113858,0.31351730188950167
0.05320639630483431,0.31484932757695294
0.053449679003835716,0.3161813769261845
0.05424901265649946,0.3175134502601276
0.0544615789600901,0.3188455479017514
0.05543665298092197,0.32017767017406895
0.055879241073007985,0.3215098174001323
0.05673361256539762,0.3228419899030385
0.05682434751185529,0.3241741880059255
0.0568290341735561,0.3255064120319745
0.057007341234293775,0.32683866230441283
0.05799328821718854,0.32817093914650947
0.05837927444769007,0.32950324288158134
0.05907576781347589,0.33083557383298867
0.059666743253539184,0.33216793232413805
0.06046652057466272,0.3335003186784848
0.06073332916771546,0.33483273321952856
0.06158197357612584,0.3361651762708198
0.061610665415892774,0.3374976481559552
0.06197516990033499,0.3388301491985801
0.06451901465462964,0.3401626797223919
0.06475948406077195,0.34149524005113463
0.06568557833062368,0.3428278305086061
0.06599711311325167,0.34416045141865237
0.06608692016578359,0.345493103105174
0.06643318791614534,0.34682578589212154
0.0665213000358594,0.3481585001034984
0.06681728358338536,0.34949124606336357
0.06888860398814708,0.3508240240958268
0.06964316322622444,0.35215683452505564
0.06997185979526677,0.35348967767527
0.07032492063117556,0.3548225538707457
0.07120341303706296,0.3561554634358165
0.07181808719239065,0.35748840669487025
0.07184913931479042,0.35882138397235497
0.0719123432508589,0.36015439559277396
0.07286699740634053,0.3614874418806891
0.07423806605398853,0.36282052316072344
0.07429495338175221,0.3641536397575562
0.07454300880567329,0.3654867919959301
0.07458093071763228,0.366819980200645
0.075908837806404,0.368153204696565
0.07597699802152795,0.36948646580861383
0.07696138402534489,0.3708197638617773
0.07781027052858566,0.3721530991811063
0.07927244306932485,0.37348647209171215
0.08013900784272238,0.37481988291877294
0.08147827950336192,0.3761533319875293
0.08160670226153656,0.37748681962328656
0.08197170728403969,0.37882034615141813
0.08208168806357892,0.3801539118973606
0.0827483826021466,0.3814875171866201
0.08319363650082594,0.38282116234476804
0.08334380581381712,0.38415484769744346
0.08342026623359446,0.38548857357035626
0.0835875040737654,0.38682234028928225
0.0839901112467284,0.38815614818006966
0.08426277075535392,0.389489997568634
0.08454450332238488,0.3908238887809643
0.08466034927466225,0.39215782214311873
0.08488540583522641,0.3934917979812271
0.08492478265860812,0.39482581662149385
0.08605570530713699,0.3961598783901934
0.08691979892200558,0.3974939836136767
0.08705911704699672,0.39882813261836636
0.08726094402254567,0.4001623257307597
0.08760768178273753,0.40149656327743144
0.08784398773373907,0.402830845585029
0.08807314614950472,0.4041651729802793
0.08878107326411838,0.4054995457899837
0.0887940066035569,0.40683396434102104
0.08880847222540846,0.40816842896035044
0.09023628955963856,0.40950293997500664
0.09105304563594534,0.4108374977121065
0.09172232957394871,0.4121721024988436
0.09231734666242057,0.41350675466249476
0.09297662503744326,0.41484145453041554
0.09327086902620789,0.41617620243004283
0.09331913506732102,0.41751099868889774
0.09625049041896673,0.418845843634581
0.09655782384501807,0.4201807375947794
0.0975478099132207,0.4215156808972613
0.09776140323907968,0.42285067386987935
0.09776504345695698,0.42418571684057305
0.09797975365127516,0.42552081013736476
0.09881036045063024,0.4268559540883653
0.09976864791444975,0.42819114902177025
0.10059544765920711,0.42952639526586217
0.10070327679363174,0.4308616931490135
0.10070817886322765,0.43219704299968215
0.10251113048949725,0.43353244514641776
0.10281548166827655,0.4348678999178571
0.10283846408674176,0.43620340764272714
0.10326282666769336,0.4375389686498476
0.10340064762774016,0.43887458326812623
0.10343837988252375,0.4402102518265658
0.10387237226272601,0.4415459746542581
0.10404227750590685,0.442881752080391
0.10518705642685093,0.44421758443424364
0.10601734741022745,0.4455534720451889
0.10627839677753559,0.446889415242697
0.10638977965168203,0.44822541435633
0.10679857901515705,0.44956146971574873
0.10690844745032137,0.45089758165070853
0.10791246488300746,0.4522337504910613
0.10870561842007433,0.4535699765667588
0.10871627039602613,0.4549062602078479
0.10957401384683267,0.4562426017444774
0.11060337335666132,0.4575790015068927
0.11060601259192,0.45891545982543946
0.11097706203878695,0.4602519770305657
0.11125219003878148,0.4615885534528176
0.11221894109797007,0.462925189422846
0.11233981267695338,0.46426188527140083
0.11248685743119889,0.4655986413293379
0.11283131070113653,0.466935457927614
0.11326096311148152,0.46827233539728985
0.11326476827581333,0.4696092740695331
0.11331581532914906,0.4709462742756134
0.11477761335167641,0.4722833363469092
0.11513200753110678,0.4736204606149028
0.11514151288809073,0.4749576474111835
0.1153887951214936,0.47629489706745043
0.11570409494504393,0.4776322099155076
0.11606346662363107,0.4789695862872706
0.1166269129145801,0.4803070265147623
0.11845479718398798,0.48164453093011506
0.11923210353869894,0.48298209986557417
0.11929740022145309,0.4843197336534928
0.11960966630198376,0.48565743262633854
0.11981299523478824,0.4869951971166887
0.12075458243327629,0.4883330274572357
0.12261896421371388,0.4896709239807836
0.12272665083165607,0.49100888702025014
0.12305416012850548,0.49234691690867005
0.12331676562838707,0.4936850139791902
0.12334520851176421,0.49502317856507594
0.12359145047339186,0.4963614109997072
0.12404665192837724,0.49769971161658044
0.12461193493700254,0.4990380807493121
0.1249640863264774,0.5003765187316337
0.12504401953329009,0.5017150258973986
0.12545638644861515,0.5030536025805771
0.12594058225031027,0.5043922491152595
0.12642000250284594,0.5057309658356589
0.12700581343282713,0.5070697530761066
0.1270454744738613,0.5084086111710584
0.1279796790740292,0.5097475404550899
0.12863445082547034,0.511086541262902
0.13013569210389891,0.5124256139293174
0.13063410858828464,0.5137647587892828
0.1308112350209091,0.5151039761778718
0.13105324375132768,0.5164432664302806
0.13143711002715286,0.5177826298818339
0.1322366133674237,0.5191220668679811
0.13234093314054748,0.5204615777242988
0.13251373253200846,0.5218011627864934
0.13299437181924662,0.5231408223903967
0.13321334889514333,0.5244805568719726
0.1333661973537631,0.5258203665673122
0.1337410456029934,0.5271602518126371
0.1344440449661296,0.5285002129443017
0.13542198832574992,0.5298402502987889
0.13656128295613515,0.5311803642127166
0.1374780824077723,0.5325205550228324
0.13882036900267952,0.53386082306602
0.13980035763248774,0.535201168679295
0.14128922409165653,0.5365415921998072
0.14263073994953654,0.5378820939648441
0.142953288359314,0.5392226743118255
0.14296053693119642,0.5405633335783107
0.1431485435922015,0.5419040721019938
0.14485592660059157,0.5432448902207062
0.14668196784736828,0.5445857882724201
0.14802143632842896,0.5459267665952432
0.14807665748597207,0.5472678255274256
0.1509386859059171,0.5486089654073553
0.15148169853977023,0.5499501865735608
0.15184929991129073,0.5512914893647143
0.15224926436064418,0.5526328741196268
0.15312478471550656,0.5539743411772547
0.15328769797289843,0.5553158908766949
0.15331794206042482,0.5566575235571904
0.15411583233240334,0.557999239558127
0.1554742748045543,0.559341039219035
0.1554751334437055,0.5606829228795929
0.15605101157634457,0.5620248908796223
0.15628682326058,0.5633669435590944
0.15700581637647365,0.5647090812581264
0.15813425685966653,0.5660513043169829
0.15900258664946446,0.5673936130760797
0.1591312161986115,0.5687360078759793
0.15937560593389621,0.5700784890573967
0.15960940032863066,0.5714210569611955
0.16049002883217184,0.5727637119283907
0.16106175125513447,0.5741064543001516
0.16119693982358874,0.5754492844177964
0.1615938510652639,0.5767922026228001
0.16168759242555403,0.5781352092567881
0.16211040585436917,0.5794783046615435
0.16338608971680352,0.5808214891790021
0.16433811009691565,0.5821647631512553
0.16452117037671515,0.5835081269205533
0.16480406047800517,0.5848515808293002
0.16658334768959418,0.5861951252200607
0.1675461516476408,0.5875387604355552
0.16785637289884003,0.5888824868186637
0.16786269062418432,0.5902263047124272
0.16801876162767432,0.5915702144600443
0.16996526220273678,0.5929142164048776
0.17040575074407152,0.5942583108904483
0.17052351323884843,0.5956024982604401
0.17096868506268378,0.5969467788587017
0.1723839004852331,0.5982911530292423
0.17274948256211495,0.5996356211162375
0.17285869618935115,0.6009801834640253
0.17294422821416722,0.6023248404171115
0.17348529164368257,0.6036695923201661
0.1736172551472249,0.6050144395180254
0.17366180252124871,0.6063593823556951
0.17394392399690498,0.6077044211783461
0.1742804306010025,0.6090495563313207
0.174778120484073,0.6103947881601284
0.17699204601001042,0.6117401170104481
0.17733310743359243,0.6130855432281318
0.17798901538079054,0.6144310671591998
0.17814184903750535,0.615776689149847
0.1784691285248939,0.6171224095464384
0.17850856597261824,0.6184682286955124
0.1788165531493729,0.6198141469437835
0.17902273708505942,0.6211601646381374
0.17906524865675216,0.622506282125638
0.17923241626887795,0.6238524997535219
0.17937738432053962,0.6251988178692054
0.17975540186752034,0.6265452368202793
0.1800271645458115,0.6278917569545123
0.18017931422436365,0.6292383786198539
0.1803244033489546,0.6305851021644295
0.18200667240821838,0.6319319279365472
0.18266072469802316,0.6332788562846935
0.18279596953146257,0.6346258875575357
0.1828829556020506,0.635973022103925
0.18330580166241459,0.6373202602728926
0.1842991721762533,0.638667602413655
0.18437142806347773,0.6400150488756108
0.18438940612251942,0.6413626000083427
0.18446646477068657,0.6427102561616208
0.18500844189664803,0.6440580176853979
0.18514469743704465,0.6454058849298164
0.18556562874747679,0.6467538582452034
0.18592271407448466,0.6481019379820738
0.18614297614438502,0.649450124491133
0.1865646453133218,0.6507984181232732
0.18675923003594713,0.6521468192295784
0.18737608327475286,0.653495328161321
0.18816151270960407,0.654843945269967
0.18868019592936774,0.6561926709071723
0.18879610432002472,0.657541505424785
0.18883136052018565,0.6588904491748488
0.19094149352362003,0.6602395025095987
0.19125640064137783,0.6615886657814664
0.19125962929764953,0.6629379393430773
0.1912839617914595,0.6642873235472524
0.19138953876762985,0.6656368187470119
0.19144810775261642,0.6669864252955698
0.19180969048432112,0.6683361435463415
0.1919022367782278,0.6696859738529388
0.19217309413250142,0.6710359165691727
0.1939416879217548,0.6723859720490567
0.19561206282563892,0.6737361406468018
0.19603063789221972,0.6750864227168237
0.19619790889814387,0.6764368186137372
0.19624543941595596,0.6777873286923629
0.19741974987796726,0.6791379533077225
0.1985158547115391,0.6804886928150421
0.19860330821346128,0.6818395475697552
0.19902487938972394,0.6831905179274974
0.19926569454786225,0.6845416042441143
0.1995722865407164,0.6858928068756553
0.2001509425780267,0.6872441261783788
0.20178733322130596,0.6885955625087526
0.20212095714112105,0.6899471162234517
0.20353171687929494,0.6912987876793631
0.20442274295822277,0.6926505772335826
0.2049347605010712,0.6940024852434171
0.20532508426706733,0.6953545120663875
0.20577480632684125,0.6967066580602248
0.2064013402667524,0.698058923582876
0.20781285728086632,0.6994113089924993
0.20818270102119515,0.7007638146474706
0.20891515398763882,0.7021164409063793
0.2090060225086328,0.7034691881280309
0.20917947197310183,0.7048220566714498
0.20924472150595527,0.7061750468958754
0.20951294113751828,0.7075281591607685
0.210029560093142,0.7088813938258064
0.21005233183400146,0.7102347512508863
0.21027637617977954,0.7115882317961285
0.21048105704527528,0.7129418358218712
0.21054455478545564,0.7142955636886774
0.21065631616630134,0.7156494157573312
0.21075567469552148,0.7170033923888395
0.2112041441243638,0.7183574939444355
0.2121069362039172,0.7197117207855749
0.21279052573916746,0.7210660732739413
0.2135247572285495,0.7224205517714423
0.21366067352841356,0.7237751566402149
0.21430560422968495,0.7251298882426218
0.21460130784817918,0.7264847469412545
0.21483831160694752,0.7278397330989358
0.21623943268834217,0.7291948470787151
0.21676617246505805,0.7305500892438762
0.21721491007387336,0.7319054599579317
0.21795170531321922,0.7332609595846261
0.21824764084845996,0.7346165884879396
0.2184599357449182,0.7359723470320831
0.21896205078858663,0.7373282355815042
0.21913645854746897,0.7386842545008839
0.21923851153411644,0.7400404041551392
0.22006903157844032,0.7413966849094256
0.22009145712198452,0.742753097129133
0.220289001236234,0.7441096411798928
0.22064751276522074,0.7454663174275717
0.22102076061218753,0.7468231262382797
0.22154760111370664,0.7481800679783642
0.22179152743865374,0.7495371430144141
0.2219207361782527,0.7508943517132624
0.22226853000033225,0.7522516944419815
0.22238366148862068,0.7536091715678904
0.22279334928644573,0.7549667834585498
0.22324176174733196,0.7563245304817655
0.2243779993471195,0.7576824130055909
0.22483608836425117,0.759040431398323
0.22496981473199398,0.760398586028509
0.22508245517383374,0.7617568772649413
0.2253126768342782,0.7631153054766616
0.22538128371359648,0.7644738710329633
0.22577618223798307,0.7658325743033861
0.22588911199555897,0.7671914156577248
0.2269358282078276,0.7685503954660221
0.22744393259631737,0.7699095140985768
0.22790175060549736,0.7712687719259383
0.22927175105319617,0.7726281693189107
0.2294150316398862,0.773987706648554
0.2295126871136782,0.7753473842861819
0.22953819328324893,0.7767072026033671
0.22982697310947536,0.7780671619719369
0.2302033449028145,0.7794272627639771
0.23024150018696213,0.7807875053518339
0.2310163026038944,0.7821478901081104
0.2310544671677894,0.7835084174056726
0.23108249841956405,0.7848690876176454
0.23163415576122864,0.7862299011174161
0.23216136476480548,0.7875908582786358
0.2323583713396096,0.7889519594752169
0.2326172158789214,0.7903132050813386
0.23272574542476124,0.7916745954714419
0.2333446870221068,0.7930361310202372
0.235129664033792,0.7943978121026984
0.23524300410479015,0.7957596390940676
0.2355908971364619,0.7971216123698563
0.23635421701592246,0.798483732305843
0.23692871878108104,0.7998459992780781
0.23731608096056786,0.8012084136628808
0.23734736129848188,0.8025709758368412
0.23735030634224916,0.8039336861768244
0.23783514588458704,0.8052965450599647
0.23829683274560148,0.8066595528636736
0.23871822975900608,0.8080227099656351
0.23912428453018178,0.8093860167438077
0.23923964602222794,0.8107494735764295
0.23942856527583192,0.8121130808420113
0.23971477975636277,0.8134768389193457
0.23974146411203115,0.8148407481875004
0.2397446628067474,0.8162048090258256
0.24043986325917074,0.8175690218139494
0.24047629013856536,0.8189333869317811
0.24097214961710836,0.8202979047595138
0.2413608602390326,0.8216625756776207
0.24156593239958815,0.823027400066861
0.2417634963517566,0.8243923783082766
0.24265200981655624,0.8257575107831937
0.24312234452649367,0.8271227978732274
0.24321079945698545,0.8284882399602762
0.24387195298736133,0.8298538374265294
0.24388506822227804,0.8312195906544625
0.24388513932618555,0.8325855000268402
0.24423856129018282,0.8339515659267193
0.24435157283557993,0.8353177887374451
0.24448638566531952,0.8366841688426572
0.2456517912708476,0.8380507066262857
0.24585741097687752,0.8394174024725541
0.24658752077799262,0.8407842567659826
0.24673943334051457,0.8421512698913831
0.2468300385348406,0.8435184422338672
0.24743261881252684,0.8448857741788395
0.24799988910247486,0.8462532661120056
0.2482990278815506,0.8476209184193676
0.24836568026180592,0.8489887314872264
0.24842583244942898,0.8503567057021858
0.24845270766115393,0.8517248414511475
0.24909577413002623,0.8530931391213179
0.2492807938406479,0.8544615991002042
0.249662202068724,0.8558302217756171
0.2498624582724809,0.8571990075356739
0.25019355650692465,0.8585679567687944
0.2502793305834966,0.8599370698637072
0.2505369204530698,0.8613063472094463
0.2505901045422568,0.8626757891953533
0.25108108939864837,0.8640453962110803
0.2511101170820812,0.8654151686465873
0.25149061463887434,0.8667851068921464
0.25234007874843717,0.868155211338339
0.25236822026150557,0.8695254823760612
0.2524684644198183,0.8708959203965205
0.2540533206462964,0.872266525791238
0.2548001717219927,0.873637298952052
0.25551405482694833,0.8750082402711136
0.2555540739714952,0.8763793501408933
0.2557643452920238,0.8777506289541773
0.25675124120986187,0.8791220771040698
0.2571330271334395,0.8804936949839964
0.2577291731383418,0.8818654829877006
0.2589418290398091,0.8832374415092491
0.25894738382499644,0.8846095709430287
0.259079782393069,0.8859818716837488
0.2591498094307369,0.887354344126445
0.25950701230084483,0.8887269886664744
0.26109329082341487,0.8900998056995225
0.2617729776704283,0.8914727956215985
0.2619615199369883,0.8928459588290415
0.26202394363008213,0.8942192957185168
0.26266846750894257,0.8955928066870187
0.2631648703842607,0.896966492131874
0.2634004719084498,0.8983403524507367
0.2636261474958485,0.8997143880415968
0.2670464275407055,0.9010885993027735
0.2672030606767075,0.9024629866329205
0.2673968971028159,0.903837550431028
0.2675582822031436,0.9052122910964185
0.26755993143279844,0.9065872090287542
0.26807105344223164,0.9079623046280325
0.26808171415777937,0.9093375782945882
0.2693173618664548,0.9107130304290981
0.2699536464329138,0.9120886614325762
0.27005731084226486,0.91346447170638
0.2702062662609703,0.9148404616522063
0.270216348799575,0.9162166316720977
0.27164320444362966,0.9175929821684379
0.2723942355295075,0.9189695135439556
0.27242276565222545,0.9203462262017278
0.27260688719799303,0.9217231205451742
0.27279499298220755,0.9231001969780657
0.2728314313175181,0.9244774559045188
0.27368174895154607,0.9258548977290001
0.27414220670728945,0.9272325228563284
0.27488712745161453,0.9286103316916705
0.2753552964221749,0.9299883246405489
0.2766886500729054,0.9313665021088366
0.2770078728724805,0.9327448645027612
0.2777521582192193,0.9341234122289073
0.2778610893569267,0.9355021456942121
0.2789487668584255,0.9368810653059738
0.28023621873741567,0.9382601714718446
0.2804932350458163,0.9396394645998393
0.2811808274529843,0.9410189450983295
0.2814311205436827,0.9423986133760485
0.2820339378137029,0.9437784698420928
0.2821568364304996,0.9451585149059193
0.2821604751133576,0.9465387489773514
0.28256725849694697,0.9479191724665746
0.2830274289724147,0.9492997857841409
0.2830506329801404,0.9506805893409702
0.28330457257440356,0.9520615835483476
0.283498118712664,0.9534427688179294
0.2845865817966867,0.95482414556174
0.28514679539696736,0.9562057141921734
0.28644225027810105,0.9575874751219979
0.2865338218962649,0.9589694287643513
0.2865623453679062,0.9603515755327476
0.28744559618319954,0.9617339158410728
0.2885493442404933,0.963116450103591
0.28925670961237876,0.9644991787349408
0.28993211303798505,0.965882102150138
0.290828477744725,0.9672652207645793
0.2908319064108583,0.9686485349940378
0.2925960982635537,0.9700320452546703
0.2926515977641095,0.9714157519630126
0.29360005280463713,0.972799655535983
0.2940357118238114,0.9741837563908857
0.2940521598912646,0.9755680549454064
0.29425173576121816,0.9769525516176193
0.2947950596465342,0.9783372468259828
0.2954576810285824,0.9797221409893425
0.29734992180981606,0.9811072345269359
0.29769346548404013,0.9824925278583861
0.29863026913794577,0.9838780214037102
0.2990117373136786,0.9852637155833137
0.29983637869908597,0.9866496108179983
0.30084896759774826,0.9880357075289568
0.3012568088837048,0.9894220061377762
0.301345903584074,0.9908085070664429
0.3015221221376548,0.9921952107373355
0.3023716152810652,0.9935821175732347
0.3024010193027108,0.994969227997317
0.30327988341256434,0.9963565424331594
0.3034873280317516,0.9977440613047418
0.3040255193296291,0.9991317850364432
0.304459524352858,1.0005197140530482
0.30472205684982717,1.0019078487797444
0.3060181315036115,1.0032961896421233
0.3061005131823966,1.0046847370661858
0.3072714711950818,1.006073491478336
0.30733077907790524,1.0074624533053909
0.30763392668272255,1.0088516229745725
0.30827327751309364,1.0102410009135172
0.30884698123689613,1.0116305875502698
0.30938249673689966,1.0130203833132883
0.30958694908118706,1.0144103886314466
0.3101726777959582,1.0158006039340297
0.3107197654219449,1.0171910296507427
0.310828295225623,1.018581666211704
0.3115872554341366,1.019972514047451
0.3134835542456395,1.0213635735889413
0.3144867968140201,1.0227548452675508
0.31511690474339105,1.0241463295150786
0.31567206327193476,1.0255380267637448
0.316230946280456,1.0269299374461922
0.31632138416491284,1.0283220619954907
0.31654563418645193,1.0297144008451329
0.3181632161371193,1.0311069544290405
0.318408588522556,1.0324997231815607
0.31954500872150465,1.033892707537472
0.32013877774001553,1.0352859079319812
0.32029322793126613,1.0366793248007253
0.32036777776448117,1.0380729585797774
0.3205189901759316,1.0394668097056394
0.3212551626373213,1.0408608786152511
0.3213759416557347,1.0422551657459858
0.3221192433525864,1.0436496715356534
0.3222415944071958,1.0450443964225038
0.32229797460257026,1.046439340845223
0.32234648531975685,1.0478345052429396
0.3229301687218724,1.049229890055222
0.323753416824039,1.0506254957220795
0.32449134559344767,1.0520213226839688
0.3255555083178324,1.0534173713817867
0.3260618569673745,1.05481364225688
0.3266140021141231,1.0562101357510394
0.3267231370391191,1.0576068523065034
0.3268014102059044,1.059003792365962
0.32738947477490077,1.0604009563725538
0.32804645619597783,1.06179834476987
0.32834101456266707,1.0631959580019523
0.3323163157886356,1.0645937965132992
0.3337669808782489,1.0659918607488619
0.3339840303498351,1.0673901511540471
0.3345429248390266,1.068788668174722
0.3353984386186489,1.0701874122572086
0.33604089027367146,1.0715863838482917
0.33627253675983565,1.0729855833952147
0.33647811437305036,1.0743850113456819
0.33690030026828105,1.0757846681478647
0.33811915642135276,1.0771845542503944
0.3391740482879688,1.0785846701023722
0.33944807990241205,1.0799850161533617
0.3397631399828192,1.0813855928533964
0.34042345128280255,1.08278640065298
0.34193098858458587,1.084187440003083
0.3420059548825498,1.0855887113551521
0.34204572211577833,1.0869902151611017
0.3424143757046588,1.088391951873324
0.34323308122494783,1.0897939219446844
0.3439492272690913,1.0911961258285232
0.3442086822766169,1.0925985639786617
0.3444553323680698,1.0940012368493963
0.34452909033556395,1.0954041448955065
0.3452958377982518,1.0968072885722502
0.34539290496346686,1.098210668335368
0.34616986810757056,1.0996142846410866
0.34638097673934,1.1010181379461137
0.34731742181196423,1.1024222287076468
0.34837993205684914,1.1038265573833674
0.3484772951366431,1.1052311244314466
0.3489201251915056,1.1066359303105469
0.3491797650864033,1.1080409754798184
0.34918589277503836,1.109446260398907
0.3501467516114772,1.1108517855279487
0.350192671282698,1.1122575513275774
0.35064825698075025,1.1136635582589203
0.3516136368705888,1.1150698067836022
0.3536138864195752,1.1164762973637488
0.35384674835694113,1.1178830304619811
0.3539985295805536,1.119290006541426
0.35539478022024035,1.1206972260657089
0.355493113614487,1.1221046894989597
0.3566163018830481,1.1235123973058145
0.3569366261582136,1.124920349951413
0.3569495895887126,1.1263285479014054
0.3582687046205485,1.1277369916219475
0.3594236458773891,1.1291456815797054
0.36099628772099696,1.1305546182418589
0.36221918519730606,1.1319638020760963
0.36280702459536934,1.1333732335506241
0.36334913388115736,1.1347829131341596
0.36339949388459475,1.1361928412959406
0.3639301296732114,1.1376030185057187
0.3654964763571749,1.139013445233766
0.366847992343751,1.140424121950876
0.3677988340099911,1.1418350491283618
0.3689272015972014,1.1432462272380615
0.3700298895002238,1.1446576567523357
0.37006678701558865,1.1460693381440699
0.3705126350330646,1.1474812718866796
0.37074854962152615,1.1488934584541046
0.3725422268509786,1.1503058983208179
0.3727328329479931,1.1517185919618202
0.3741648709026982,1.1531315398526456
0.37623463510543864,1.1545447424693627
0.37737245563441263,1.1559582002885727
0.377384638835813,1.1573719137874159
0.3780227137654879,1.1587858834435667
0.3788682731146445,1.1602001097352421
0.3788771131923919,1.1616145931411965
0.38030913820527773,1.1630293341407258
0.3813368149683357,1.1644443332136718
0.38175797064313444,1.165859590840417
0.3833114271855401,1.1672751075018932
0.38423466471837076,1.1686908836795762
0.3842852503368194,1.1701069198554903
0.3846444672948132,1.1715232165122131
0.38488577457100015,1.172939774132869
0.3855434062572308,1.1743565932011382
0.38604217766922605,1.1757736742012534
0.38678546682260134,1.1771910176180018
0.3883552240936915,1.1786086239367302
0.38941654873267334,1.1800264936433398
0.3902963658157264,1.181444627224295
0.39152488202028163,1.1828630251666181
0.39221942576402175,1.1842816879578966
0.39236611743560096,1.1857006160862789
0.39350235992686733,1.1871198100404798
0.3935345873172781,1.188539270309782
0.39416141510617225,1.1899589973840332
0.39544061220300125,1.1913789917536546
0.39617545743367477,1.1927992539096346
0.3964034301025305,1.1942197843435347
0.3972436092811111,1.1956405835474921
0.3974962147635224,1.1970616520142163
0.39757973782724637,1.1984829902369967
0.3989149184496017,1.199904598709698
0.39977861458436154,1.2013264779267638
0.4003518108484115,1.202748628383223
0.4032939658884661,1.2041710505746812
0.4040910423276972,1.205593744997333
0.40554392207637746,1.2070167121479543
0.4062980013474554,1.2084399525239111
0.4070737488650941,1.2098634666231554
0.40714489361419204,1.2112872549442284
0.40733259066353167,1.2127113179862659
0.407335499791802,1.214135656248992
0.4073607634360501,1.215560270232729
0.40901368032054086,1.2169851604383923
0.4094327067905043,1.2184103273674942
0.41067450529118593,1.2198357715221486
0.4112911819833427,1.2212614934050652
0.4127010477302399,1.2226874935195597
0.41365018120252095,1.2241137723695485
0.4145015100913407,1.2255403304595516
0.4145252945352983,1.2269671682946988
0.4151825843407404,1.2283942863807236
0.4154065162986291,1.2298216852239718
0.4164058390933522,1.231249365331398
0.41678732502003685,1.2326773272105707
0.4170914944029187,1.2341055713696705
0.4171087459432808,1.2355340983174934
0.41849718316507745,1.2369629085634546
0.41984676444455715,1.238392002617584
0.42033505164783685,1.2398213809905358
0.42207878678293814,1.2412510441935825
0.4224319205569399,1.2426809927386193
0.4231189321542911,1.2441112271381696
0.4247712090904457,1.2455417479053783
0.424867445684722,1.246972555554023
0.42502478600082,1.2484036505985063
0.4254724165955479,1.2498350335538637
0.4257207584184431,1.2512667049357638
0.4259301032395601,1.2526986652605068
0.4266030267447031,1.2541309150450324
0.4278640024649096,1.2555634548069134
0.42874348159878767,1.2569962850643652
0.43076047151928787,1.2584294063362402
0.43466102662718686,1.2598628191420345
0.43590937723040757,1.2612965240018887
0.4376954211001954,1.2627305214365867
0.44104438929671114,1.2641648119675615
0.442205903290044,1.2655993961168925
0.44319413196078783,1.2670342744073095
0.44394440136991314,1.268469447362196
0.4445693050375509,1.2699049155055862
0.4459408555012649,1.2713406793621718
0.4462323419373349,1.2727767394572993
0.446800635381646,1.2742130963169733
0.44858637131290835,1.2756497504678608
0.4496049970345705,1.277086702437287
0.4504423370066879,1.2785239527532435
0.45159748396406496,1.2799615019443848
0.4523698341633954,1.2813993505400316
0.45272673676859926,1.2828374990701754
0.4541464981328289,1.2842759480654746
0.4554128768076225,1.285714698057262
0.4562217053432681,1.2871537495775403
0.45668393496488174,1.2885931031589912
0.45916798146503124,1.2900327593349699
0.4599942054372167,1.2914727186395103
0.46026211774002695,1.2929129816073281
0.4605136539018681,1.2943535487738187
0.4605185194028137,1.2957944206750631
0.4615053598864528,1.2972355978478258
0.46226544762148336,1.2986770808295576
0.4629882306754377,1.3001188701584006
0.46409914946632597,1.301560966373184
0.4644749818284951,1.3030033700134322
0.4645577039359258,1.304446081619361
0.4648037984556402,1.3058891017318819
0.4658249064367686,1.3073324308926062
0.466682881061319,1.30877606964384
0.4667084195987172,1.310220018528595
0.46746205206420866,1.311664278090581
0.4680409220405867,1.3131088488742153
0.4692848125208829,1.3145537314246198
0.46953697344576617,1.3159989262876235
0.47011917834184314,1.3174444340097675
0.4704636918043517,1.3188902551383013
0.4718100498053011,1.3203363902211909
0.4752775240214289,1.321782839807114
0.47603475268445056,1.3232296044454663
0.4760544435590218,1.3246766846863636
0.4777395096142709,1.326124081080639
0.47999448139841083,1.327571794179851
0.4811810821671367,1.32901982453628
0.48237569843522127,1.3304681727029322
0.48304892818928524,1.3319168392335432
0.4848120378639902,1.3333658246825755
0.48659967063113413,1.3348151296052255
0.4875293213053549,1.3362647545574202
0.4876049564701622,1.3377147000958247
0.488049899418121,1.3391649667778378
0.48902613554866287,1.3406155551615975
0.48949343878204493,1.3420664658059849
0.4896996169453297,1.3435176992706195
0.49062159935604643,1.3449692561158695
0.4908241795043503,1.3464211369028458
0.4920940200263233,1.3478733421934077
0.4930657623442321,1.3493258725501667
0.49339035264931885,1.3507787285364825
0.49455428144364616,1.3522319107164726
0.496479561409613,1.353685419655007
0.49733980200221944,1.3551392559177131
0.4977619450132422,1.3565934200709806
0.4985686872716175,1.3580479126819565
0.49921564083864267,1.3595027343185546
0.4992561031968624,1.360957885549451
0.500512786553746,1.3624133669440919
0.5006924647289231,1.3638691790726893
0.5008031987373691,1.3653253225062272
0.500851899103829,1.3667817978164638
0.5018466054188162,1.3682386055759301
0.5027065784262491,1.3696957463579362
0.504792531492358,1.3711532207365689
0.5080761138786448,1.3726110292866953
0.5089134039747965,1.3740691725839682
0.5089313399997133,1.3755276512048213
0.5098595035364629,1.3769864657264785
0.51017350808298,1.3784456167269492
0.5115688251237395,1.3799051047850341
0.5177151053995561,1.3813649304803293
0.5177747758257522,1.3828250943932208
0.5178236035510416,1.3842855971048955
0.5182940595183188,1.3857464391973358
0.5202431352071335,1.3872076212533273
0.5202563241656265,1.3886691438564562
0.5213594140991082,1.3901310075911135
0.5225553565219103,1.391593213042499
0.5227322810727268,1.3930557607966183
0.522972277069904,1.3945186514402914
0.524698816639386,1.3959818855611472
0.5252951412971612,1.3974454637476317
0.5259757691915573,1.3989093865890083
0.5274044459092135,1.400373654675358
0.5294879930122645,1.4018382685975843
0.5296509308416127,1.403303228947413
0.5314077395008002,1.4047685363173945
0.5317218838586292,1.4062341913009093
0.5319303344968539,1.4077001944921637
0.5343363068249244,1.409166546486199
0.5355004710484109,1.4106332478788874
0.5378793420801751,1.4121002992669394
0.5383480179828846,1.4135677012479013
0.5383513080030836,1.4150354544201598
0.5398143329075931,1.4165035593829456
0.5401038292479203,1.4179720167363308
0.5403777561199504,1.4194408270812373
0.5440552968879055,1.4209099910194332
0.5446565779895602,1.4223795091535367
0.5451632673865784,1.4238493820870224
0.546401753254145,1.4253196104242158
0.5480756954059726,1.4267901947703037
0.5507475183434213,1.4282611357313293
0.5515347489164155,1.4297324339141977
0.5516609948409734,1.4312040899266805
0.5521074602291447,1.4326761043774112
0.5549296202862919,1.434148477875896
0.5550465342019353,1.4356212110325075
0.5557572900343077,1.4370943044584945
0.5557861516964878,1.438567758765978
0.5587369101386963,1.4400415745679562
0.559411959696015,1.441515752478309
0.5596858637010711,1.4429902931117953
0.5607707149002955,1.44446519708406
0.5607774692689471,1.4459404650116325
0.5610427211346335,1.4474160975119301
0.5613207081957093,1.4488920952032633
0.5623137867410717,1.4503684587048324
0.5633547891224191,1.4518451886367356
0.5659761514668563,1.4533222856199668
0.5660136576977078,1.4547997502764192
0.5677543298259496,1.4562775832288903
0.5678720525443937,1.4577557851010796
0.5701761439845969,1.4592343565175956
0.570522631503301,1.4607132981039528
0.5707025450795268,1.4621926104865803
0.5722936075113539,1.4636722942928186
0.5723761510632164,1.465152350150924
0.5772694322756462,1.4666327786900732
0.5776072153484872,1.4681135805403611
0.5778879862218322,1.4695947563328082
0.578133689747855,1.4710763066993582
0.5783029611358427,1.472558232272883
0.5784016877220117,1.474040533687186
0.5789993907510941,1.4755232115770012
0.5807546509970354,1.4770062665779997
0.5828555371995764,1.4784896993267884
0.5844111166561184,1.479973510460913
0.5851537978456933,1.481457700618865
0.585956455313509,1.4829422704400756
0.5879961238367115,1.4844272205649274
0.590863221057115,1.48591255163475
0.5921438908243926,1.4873982642918244
0.5924195232966688,1.4888843591793888
0.5925927223926332,1.490370836941634
0.5936298380187582,1.4918576982237146
0.5941459159074678,1.4933449436717428
0.5955310501070876,1.4948325739327983
0.5993421888343379,1.4963205896549254
0.5994350074882189,1.4978089914871373
0.5995548197691221,1.499297780079421
0.6000485176094662,1.500786956082735
0.6017105778274865,1.5022765201490171
0.6017165998135748,1.5037664729311828
0.6021139930905194,1.5052568150831283
0.6022440966616274,1.5067475472597367
0.6036802739760261,1.5082386701168748
0.6040809660892766,1.5097301843114028
0.60468253742355,1.5112220905011688
0.6069169440740688,1.5127143893450166
0.6080374113678553,1.5142070815027884
0.6091487483349184,1.5157001676353241
0.6096100277318158,1.5171936484044677
0.6096501842391606,1.5186875244730658
0.6105298375509055,1.5201817965049749
0.6116501693538027,1.5216764651650596
0.6123390687392629,1.523171531119197
0.6128045553319592,1.5246669950342815
0.6132908766896271,1.5261628575782222
0.6136698237494825,1.527659119419953
0.6137676071815833,1.5291557812294267
0.6157512112131697,1.5306528436776234
0.6203036631459874,1.532150307436554
0.6203236878342089,1.5336481731792564
0.6213666690162153,1.535146441579806
0.6224093427283736,1.5366451133133128
0.624812623829586,1.5381441890559255
0.6275834504165069,1.5396436694848372
0.6275960022615963,1.5411435552782826
0.627696391701343,1.5426438471155468
0.6289462140256584,1.5441445456769616
0.6302776846418454,1.5456456516439154
0.6312169876321712,1.547147165698849
0.6319244544836654,1.548649088525262
0.6326797525607106,1.5501514208077174
0.6330198956253835,1.5516541632318386
0.634110396052363,1.553157316484319
0.6342888087967926,1.5546608812529192
0.635110517231848,1.5561648582264715
0.6372848317742799,1.5576692480948857
0.637595369575352,1.5591740515491466
0.6383086890358577,1.5606792692813227
0.6393156884804913,1.5621849019845628
0.6414016411858371,1.563690950353103
0.6416075785091502,1.5651974150822703
0.642037217943826,1.5667042968684806
0.6426838073190925,1.5682115964092478
0.6449838253109645,1.5697193144031805
0.6472830475081075,1.5712274515499909
0.6477816793032868,1.572736008550492
0.647838283622968,1.5742449861066037
0.648685150481412,1.5757543849213573
0.6516123342201502,1.577264205698893
0.6517517328533172,1.578774449144469
0.6526943568502511,1.5802851159644598
0.6532541271438114,1.5817962068663605
0.656027255312795,1.5833077225587924
0.6563961527858415,1.5848196637515004
0.6567552946116083,1.5863320311553633
0.6572596840047928,1.5878448254823885
0.6581490160916723,1.5893580474457212
0.6592586048737946,1.5908716977596464
0.6598787093804068,1.592385777139588
0.6606015548035864,1.5939002863021186
0.6608982513664172,1.5954152259649539
0.6615259761449191,1.5969305968469656
0.6630587434439479,1.5984463996681753
0.6645238834190791,1.5999626351497616
0.6645984967103739,1.6014793040140667
0.6651861301934311,1.6029964069845914
0.6681872875497448,1.6045139447860062
0.6687356417169799,1.606031918144149
0.6695839716047768,1.6075503277860288
0.6714999770902282,1.6090691744398333
0.6715755277712039,1.6105884588349255
0.6716058562644087,1.6121081817018532
0.6719554765160443,1.6136283437723458
0.6720331841580873,1.6151489457793213
0.6729637750327321,1.6166699884568916
0.6732128438583767,1.6181914725403586
0.6744035454834042,1.6197133987662253
0.674749744114005,1.621235767872192
0.6760547441708993,1.6227585805971663
0.6803540528923194,1.62428183768126
0.6817514977182825,1.6258055398657947
0.684676807387531,1.627329687893309
0.6878900033857239,1.6288542825075536
0.6885737429619958,1.6303793244535025
0.6888070934586124,1.6319048144773518
0.6892993652232046,1.6334307533265222
0.6900498526842791,1.6349571417496673
0.6906226791975647,1.6364839804966704
0.6908886576115777,1.638011270318654
0.6914367620029391,1.639539011967978
0.6932114927485777,1.641067206198245
0.6949005019986438,1.6425958537643055
0.6951187882682687,1.6441249554222575
0.699148711216129,1.6456545119294543
0.7029136357795437,1.6471845240445024
0.7040526598640536,1.6487149925272706
0.7042099733981055,1.650245918138889
0.7069771780168251,1.6517773016417532
0.7090064793271157,1.6533091437995315
0.7096822522227527,1.6548414453771614
0.7105003538713495,1.6563742071408614
0.7113036745828099,1.6579074298581258
0.7114906492874098,1.6594411142977334
0.7120604358198687,1.6609752612297526
0.7147594947639837,1.6625098714255377
0.7153833453698074,1.6640449456577409
0.7153949902870488,1.6655804847003088
0.7155747645291942,1.6671164893284887
0.7172185414373374,1.6686529603188347
0.7174204785290234,1.6701898984492056
0.7175879695619356,1.6717273044987744
0.7184518275021552,1.6732651792480255
0.7200668968202336,1.6748035234787657
0.720173276016527,1.6763423379741205
0.720969352150162,1.677881623518541
0.7217002864789467,1.6794213808978105
0.7219861367320939,1.6809616108990406
0.7221211166638813,1.682502314310683
0.7238275079213488,1.6840434919225273
0.7260612494241347,1.6855851445257057
0.728071487834354,1.687127272912701
0.7290420400574414,1.6886698778773424
0.7292511260520729,1.6902129602148173
0.7296676192350513,1.6917565207216694
0.7298804086887408,1.6933005601958033
0.7302901371802571,1.6948450794364922
0.7312473537365002,1.6963900792443751
0.7321176641215914,1.697935560421467
0.7337676237536256,1.6994815237711562
0.7356248615557837,1.7010279700982154
0.7360038063750104,1.7025749002087984
0.7363996194165315,1.7041223149104472
0.7398325968471844,1.7056702150120975
0.7402783929084388,1.7072186013240782
0.7413715796264705,1.70876747465812
0.7414740054206683,1.7103168358273548
0.7444162262750554,1.7118666856463212
0.7472560897680535,1.713417024930971
0.7486549572003047,1.7149678544986673
0.7488356051150143,1.7165191751681954
0.7489933625441344,1.718070987759761
0.7491572063514025,1.7196232930949948
0.7507857433081924,1.7211760919969612
0.7510284273899951,1.722729385290155
0.7525464138551006,1.7242831738005124
0.7542038461049239,1.72583745835541
0.7570720241500556,1.7273922397836687
0.7585145222752115,1.728947518915563
0.7597552726730448,1.730503296582818
0.7608925242189671,1.7320595736186197
0.7614820043203119,1.7336163508576128
0.7616003049117089,1.735173629135911
0.763331210034716,1.7367314092910962
0.764252853477253,1.7382896921622233
0.7648882221862513,1.7398484785898283
0.7664248876294902,1.7414077694159265
0.7668967100107483,1.742967565484022
0.7675246198573388,1.7445278676391072
0.7684437089217525,1.7460886767276687
0.7689462500613433,1.7476499935976944
0.7707650320544852,1.7492118190986714
0.7717287757044548,1.750774154081597
0.7720648944295666,1.7523369993989775
0.7727177210437902,1.7539003559048338
0.7728599489347819,1.7554642244547092
0.7731412252542896,1.7570286059056668
0.7745012113628148,1.7585935011163012
0.7748362586627638,1.760158910946736
0.7750531744698631,1.7617248362586342
0.7774978924830284,1.7632912779151966
0.7779083158385753,1.7648582367811694
0.7781931545227996,1.7664257137228507
0.7784945995868844,1.7679937096080878
0.7786050039004608,1.76956222530629
0.7793596477298249,1.7711312616884258
0.7821508676908205,1.7727008196270306
0.7824776738478373,1.7742708999962125
0.783465560567024,1.7758415036716524
0.78411326094753,1.7774126315306134
0.7869384089492586,1.7789842844519408
0.788108862282186,1.7805564633160673
0.7897451689749946,1.7821291690050227
0.7915644378892392,1.783702402402429
0.7918983147047721,1.785276164393515
0.7929526391693372,1.786850455865111
0.7987018064393636,1.7884252777056626
0.8000159597105314,1.7900006308052279
0.800485630806615,1.7915765160554846
0.8028676206351737,1.7931529343497368
0.8062061110767387,1.794729886582916
0.8066947149862986,1.7963073736515889
0.8081395637187534,1.797885396453958
0.8095457871970594,1.799463955889869
0.8107888684570939,1.8010430528608183
0.8130446835033746,1.8026226882699488
0.8171372319340061,1.804202863022065
0.8179770195792145,1.8057835780236298
0.8207968172056679,1.8073648341827717
0.8226252271971373,1.8089466324092933
0.8228840444088047,1.8105289736146684
0.8232287745182293,1.812111858712054
0.8255639294499235,1.8136952886162903
0.826390429440704,1.8152792642439084
0.8264599384333339,1.8168637865131327
0.8290886437184894,1.8184488563438868
0.8295253601542385,1.8200344746577997
0.8313793102323346,1.821620642378207
0.833882505889708,1.8232073604301609
0.836216734415936,1.82479462974043
0.8387742918066026,1.8263824512375055
0.8394490470013121,1.8279708258516107
0.845422733942924,1.8295597545146978
0.8465540445961016,1.8311492381604608
0.8482775323621949,1.8327392777243348
0.8497626758085165,1.834329874143502
0.8501729829400223,1.8359210283569007
0.850470144308865,1.8375127413052241
0.8511022703663803,1.839105013930932
0.8525204822809508,1.8406978471782478
0.8555631907336638,1.8422912419931725
0.8576263476055953,1.8438851993234826
0.8585216822117135,1.8454797201187378
0.8593671066368523,1.8470748053302881
0.8597688485768559,1.848670455911275
0.8634858718041831,1.8502666728166408
0.865913110050273,1.8518634570031294
0.8673535660516902,1.8534608094292941
0.868057945617753,1.855058731055504
0.8701304506095507,1.856657222843945
0.8727144921759995,1.8582562857586309
0.8738662849392184,1.859855920765402
0.8741162347561671,1.8614561288319351
0.8744995025763541,1.8630569109277484
0.8753049129267082,1.8646582680242032
0.8755824592494029,1.866260201094515
0.877907126589877,1.8678627111137525
0.8783580909386536,1.8694657990588488
0.8787808184722532,1.8710694659086025
0.8796912643517315,1.8726737126436832
0.8806232387807823,1.8742785402466424
0.8808769875166347,1.8758839497019106
0.8814142709321249,1.8774899419958102
0.8827341016972466,1.8790965181165562
0.8828763992051495,1.8807036790542626
0.8834466720146413,1.882311425800951
0.8898699073399972,1.8839197593505506
0.8902124745192124,1.8855286806989098
0.8909872163852356,1.8871381908437972
0.893960118893467,1.8887482907849078
0.8945913603658556,1.8903589815238726
0.8954977845004268,1.8919702640642573
0.8970975299081713,1.8935821394115766
0.8971691828387817,1.8951946085732903
0.8974621574087314,1.896807672558817
0.8975185664861433,1.8984213323795356
0.8989764188914124,1.9000355890487906
0.8993939318468883,1.9016504435819026
0.9025000153643091,1.9032658969961669
0.9042169117079849,1.9048819503108663
0.9050612323883296,1.906498604547272
0.9064829929210174,1.9081158607286504
0.9068739720200448,1.9097337198802726
0.9098181507633613,1.911352183029413
0.9120554786911705,1.9129712512053645
0.9128414632252512,1.9145909254394355
0.9135297669656136,1.9162112067649608
0.9148223772236671,1.917832096217308
0.9161415870198113,1.9194535948338791
0.9176329316892784,1.9210757036541237
0.9198166666649134,1.9226984237195357
0.9210386316093957,1.924321756073668
0.921904481213427,1.925945701762133
0.9227089166431899,1.927570261832611
0.923451275495468,1.9291954373348565
0.9242558676852309,1.9308212293207019
0.9256270642320998,1.9324476388440688
0.9268672157952343,1.9340746669609667
0.9280889604777303,1.9357023147295054
0.9315537858746278,1.9373305832098995
0.9340212820081785,1.9389594734644726
0.9366643886305114,1.9405889865576675
0.9367355978337726,1.9422191235560486
0.9367656468972672,1.9438498855283077
0.9372147188954899,1.9454812735452773
0.9374056994115245,1.9471132886799276
0.9381044247943778,1.9487459320073799
0.9381138597271516,1.9503792046049093
0.9390257130034046,1.952013107551951
0.9409201410289179,1.9536476419301112
0.9428628392838531,1.9552828088231664
0.9459760637650081,1.9569186093170776
0.9461921044203493,1.958555044499989
0.9478536298717591,1.960192115462243
0.9479368471838772,1.9618298232963787
0.9492530529078087,1.963468169097142
0.9504771386463545,1.9651071539614957
0.9506149703051017,1.966746778988618
0.9537867109880748,1.968387045279919
0.9580998116851082,1.970027953939038
0.9590819184409839,1.9716695060718545
0.9600389044340304,1.973311702786499
0.9607063742301574,1.974954545193351
0.9617389270211746,1.9765980344050535
0.963285435516908,1.9782421715365148
0.9663266287361203,1.9798869577049167
0.9701739719392901,1.9815323940297251
0.9704519312289698,1.9831784816326894
0.9716259484960604,1.984825221637857
0.972817147599478,1.9864726151715744
0.9755435009770173,1.9881206633624995
0.9778634603964022,1.9897693673416026
0.9793582001417553,1.9914187282421767
0.9814591407407526,1.9930687471998476
0.9827638859703859,1.994719425352574
0.9829972897488557,1.996370763840661
0.9830572502148811,1.9980227638067618
0.9837511141349294,1.9996754263958891
0.9837614227204351,2.0013287527554207
0.9841422768419972,2.002982744035106
0.984552364910841,2.0046374013870754
0.986141420460383,2.006292725965844
0.9871093585917479,2.00794871892832
0.987299868248552,2.0096053814338175
0.9879156056001033,2.0112627146440536
0.9892787454804304,2.0129207197231658
0.9894753777901543,2.014579397837712
0.9918194434856649,2.016238750156683
0.9926104457353456,2.017898777851505
0.9930068789210234,2.0195594820960516
0.9938954467219531,2.021220864066651
0.9967103764021046,2.0228829249420883
1.0021317409756527,2.0245456659036205
1.0042890121906387,2.0262090881349772
1.0057261788120233,2.0278731928223728
1.0074482098268316,2.029537981154514
1.0079869003885187,2.0312034543226023
1.0105001951720582,2.032869613520351
1.0113421235991213,2.034536459943982
1.0120734220364167,2.036203994792242
1.012431412131389,2.0378722192664074
1.0130469841189433,2.039541134570289
1.0142218599498294,2.041210741910247
1.0142722469302259,2.042881042495192
1.0144424698669765,2.0445520375365964
1.0152095544546051,2.046223728248501
1.0188089345785276,2.0478961158475224
1.0194842931173127,2.0495692015528655
1.0201009522279252,2.051242986586323
1.0237794733100642,2.0529174721722945
1.0253716891793103,2.0545926595377835
1.0302489238505166,2.0562685499124114
1.031249285738443,2.0579451445284276
1.0320154890067057,2.0596224446207114
1.0377240379831472,2.061300451426787
1.0413587795589971,2.062979166186826
1.041573331336083,2.0646585901436576
1.0428046827004565,2.06633872454278
1.0429882377309152,2.0680195706323636
1.0468662943753604,2.069701129663264
1.0501531685488847,2.071383402889025
1.0510467581205603,2.073066391565894
1.0530412917984295,2.0747500969528248
1.05572280710816,2.0764345203114867
1.0564218028263568,2.0781196629062784
1.0584311731116829,2.079805526004327
1.0604562340248036,2.081492110875508
1.0623668346311737,2.083179418792443
1.0638136066134471,2.0848674510305147
1.0653567839342648,2.086556208867877
1.0668589350912812,2.0882456935854568
1.0673198983425387,2.0899359064669696
1.0675765626069655,2.0916268487989256
1.067764448139639,2.093318521870635
1.0682620608399198,2.095010926974227
1.068989845133113,2.0967040654046447
1.0699631612167788,2.0983979384596676
1.0723014356524874,2.1000925474399095
1.0743546849692245,2.1017878936488357
1.076801351766227,2.103483978392768
1.0889162960697543,2.105180802980891
1.0921461590671135,2.106878368725271
1.098144096756187,2.1085766769408525
1.0991465833219694,2.1102757289454788
1.1097680767411005,2.111975526059892
1.1185940173217177,2.1136760696077483
1.1186160010303543,2.115377360915626
1.119240886026681,2.117079401313031
1.120128834475264,2.1187821921324153
1.124175256628161,2.1204857347091726
1.1277292799127165,2.1221900303816605
1.129002918298855,2.1238950804912053
1.1297070474088293,2.125600886382107
1.1303942112869527,2.1273074494016586
1.135481676142009,2.129014770900145
1.1357376783817608,2.130722852230861
1.137415227737865,2.132431694750116
1.1375791077845894,2.1341412998172458
1.1388391219764866,2.1358516687946225
1.1455126750957831,2.1375628030476617
1.1472899635741556,2.1392747039448374
1.1498240103699995,2.140987372857687
1.1518329059481955,2.1427008111608203
1.1521153384076241,2.1444150202319374
1.1526175596695574,2.1461300014518288
1.1546994466595923,2.1478457562043927
1.1562173497241492,2.149562285876641
1.1575811903084456,2.151279591858709
1.1600644251468042,2.152997675543871
1.1609099483747125,2.154716538328543
1.163778080650107,2.1564361816122997
1.1642952900135286,2.158156606797878
1.1648790507555622,2.1598778152911953
1.1657096146850379,2.1615998085013515
1.1662315292674936,2.1633225878406432
1.1678541819796546,2.1650461547245783
1.1681872384553713,2.1667705105718778
1.1712955248734007,2.1684956568044944
1.1723247988569379,2.1702215948476176
1.1758668208274436,2.171948326129685
1.1759661289311334,2.1736758520823978
1.1769632210757075,2.1754041741407235
1.1832133710982886,2.177133293742915
1.1845828285504074,2.1788632123305143
1.1860087829018506,2.1805939313483655
1.1874555082272034,2.182325452244631
1.1882689314967296,2.184057776470793
1.1899771967707078,2.1857909054816727
1.1924445806640895,2.187524840735434
1.1955284291447577,2.189259583693602
1.1960823677043095,2.1909951358210695
1.1967114680872262,2.1927314985861064
1.199820836059518,2.194468673460377
1.2003534043100916,2.196206661918945
1.200547359970423,2.19794546544029
1.201729766509783,2.1996850855063146
1.2017529924065762,2.201425523602355
1.2021601148086938,2.203166781217201
1.2033490130455236,2.204908859843094
1.2061450128077629,2.2066517609757517
1.2087813115937271,2.2083954861143695
1.2096256158433025,2.2101400367616373
1.2097872124502702,2.2118854144237523
1.211066065395777,2.213631620610424
1.2122863417205454,2.215378656834894
1.215095863992298,2.2171265246139433
1.2166406855706573,2.2188752254679023
1.2172927514811995,2.220624760920669
1.2173538279266662,2.2223751324997143
1.217668921163147,2.2241263417360995
1.2186850190727763,2.225878390164482
1.2203455016729192,2.2276312793231345
1.2248365673720163,2.2293850107539526
1.2253463040595143,2.2311395860024654
1.226495100020056,2.232895006617855
1.227374872265415,2.234651274152959
1.2281293187927762,2.236408390164293
1.2289600191380061,2.238166356212054
1.2291494156095566,2.239925173860138
1.2314664526841421,2.2416848446761515
1.2328393665596709,2.243445370231422
1.2355989734994555,2.245206752101016
1.2370214532490802,2.2469689918637443
1.2425713276124606,2.2487320911021786
1.2446706795028215,2.250496051402666
1.2449822385577523,2.252260874355338
1.2455970123070048,2.254026561554127
1.2496598679105764,2.255793114596773
1.2507144053778403,2.257560535084846
1.25241321172224,2.259328824623751
1.252825938613182,2.2610979848227433
1.2549880164333422,2.2628680172949447
1.2573816372928401,2.2646389236573516
1.2594739146839513,2.266410705530853
1.2600204092947886,2.2681833645402403
1.2611931550468836,2.2699569023142208
1.2647376813305937,2.2717313204854355
1.2674463653404628,2.2735066206904664
1.2679782243825188,2.2752828045698545
1.269401297947385,2.2770598737681116
1.269540778843982,2.278837829933732
1.2719984623680671,2.2806166747192123
1.273663516162584,2.2823964097810565
1.274212067449136,2.2841770367797998
1.2761081479851186,2.285958557380011
1.2781188610536491,2.2877409732503184
1.2787798392840741,2.2895242860634144
1.278920306045444,2.2913084974960727
1.2822889884000737,2.2930936092291656
1.2830300719550567,2.294879622947672
1.2833696978553324,2.296666540340699
1.2835728013581365,2.298454363101489
1.2843059633995344,2.3002430929274356
1.2857720091218858,2.302032731520106
1.2858286890195478,2.3038232805852417
1.2870939111681825,2.305614741832787
1.293014057645802,2.3074071169768913
1.2932491578584093,2.3092004077359327
1.2973019051956447,2.31099461583253
1.3032506654192673,2.3127897429935533
1.3052840221935118,2.3145857909501477
1.3081603960192092,2.316382761437738
1.3097967032897495,2.3181806561960543
1.311951003895865,2.3199794769691358
1.3127438253942043,2.3217792255053538
1.3132702922727948,2.3235799035574276
1.3168628590464697,2.325381512882431
1.3196830731863418,2.3271840552418195
1.3226085916177983,2.3289875324014355
1.3230376542966924,2.330791946131528
1.3230808744417626,2.332597298206771
1.3232926913527236,2.3344035904062723
1.3247270288703326,2.3362108245135973
1.3268073091283843,2.338019002316776
1.3272870437944848,2.339828125608325
1.3298837759670807,2.341638196185262
1.333394070144291,2.3434492158491187
1.3344891096891571,2.3452611864059643
1.334616479538555,2.3470741096664103
1.3360485395390365,2.3488879874456385
1.3360579199736506,2.3507028215634085
1.3377989101684509,2.3525186138440755
1.3385006641865085,2.3543353661166138
1.3413839408802144,2.356153080214622
1.3443220051762106,2.357971757976349
1.3450685584746036,2.3597914012447045
1.3467697759596435,2.361612011867278
1.3502743936575021,2.363433591696358
1.3533718947065596,2.3652561425889425
1.3546016115320771,2.3670796664067626
1.3567542434178697,2.3689041650162945
1.3581130894508793,2.370729640288779
1.3595826365623664,2.37255609410024
1.3605180807731492,2.3743835283314954
1.3615652640229443,2.3762119448681838
1.3616741187617307,2.3780413456007716
1.3667348376071249,2.37987173242458
1.368212176749256,2.3817031072397965
1.3706866196889818,2.383535471951491
1.3709958922458356,2.3853688284696415
1.3755802597151843,2.3872031787091417
1.378097030719424,2.389038524589829
1.3789730035129595,2.390874868036494
1.3790302871143834,2.392712210978899
1.3801549518227059,2.394550555351806
1.383390704091494,2.3963899030949807
1.3877019617508817,2.3982302561532225
1.39325987077952,2.400071616476375
1.3947033089333063,2.4019139860193457
1.4003865975621295,2.403757366742131
1.4016545256715838,2.405601760609825
1.4038459193456134,2.407447169592646
1.4048478245381517,2.4092935956659494
1.4048507250549707,2.4111410408102523
1.4059943599191282,2.412989507011247
1.4100743996198881,2.41483899625982
1.4112485745156018,2.41668951055208
1.4138575671295182,2.418541051889363
1.4165528903468148,2.420393622278264
1.419627151600866,2.4222472237306483
1.4212037231480916,2.4241018582636746
1.4223351684260241,2.425957527899814
1.4243340379068523,2.4278142346668687
1.425371914800109,2.429671980597993
1.4260614023341613,2.431530767731712
1.4269737335416524,2.4333905981119393
1.4301908495837266,2.4352514737880044
1.430708070795337,2.4371133968146625
1.4330578475175773,2.4389763692521242
1.4401706145745632,2.440840393166068
1.440981726523936,2.4427054706276663
1.442464548563835,2.444571603713603
1.4464327765413039,2.446438794506093
1.4474579028809347,2.448307045092907
1.4496355438332251,2.4501763575673863
1.4505715851160093,2.4520467340284715
1.4548952321980737,2.4539181765807143
1.4549796329894025,2.4557906873343036
1.4555149647547572,2.457664268405089
1.4570401384367015,2.459538921914595
1.4599004386829975,2.4614146499900507
1.4604426047361472,2.463291454764402
1.4618844213556335,2.465169338376339
1.4620182897280323,2.46704830297032
1.4626394912340395,2.4689283506965842
1.464716735917106,2.4708094837111845
1.4706376179904792,2.472691704175998
1.4708056547576627,2.4745750142587584
1.4735755633478005,2.4764594161330717
1.4793224692834375,2.478344911978438
1.479511706834817,2.480231503980281
1.4820050219176717,2.482119194329959
1.4822470483429866,2.484007985224802
1.483633651761872,2.4858978788681187
1.4858619442757732,2.4877888774692294
1.4900281983881332,2.489680983243488
1.4908542224679304,2.491574198412299
1.491549036519441,2.49346852520315
1.4956318981531436,2.4953639658496254
1.4957391148592978,2.4972605225914335
1.4965616612327897,2.4991581976744355
1.4984206798783148,2.501056993350657
1.5001213789148595,2.502956911878324
1.5007716267648066,2.504857955521877
1.5010313085128788,2.5067601265520003
1.5019112105642924,2.508663427245646
1.5039861972944335,2.5105678598860535
1.5053461865854028,2.5124734267627806
1.5058357309811758,2.5143801301717197
1.5076843222973568,2.516287972415131
1.5082937994984909,2.5181969558016593
1.508644311840213,2.520107082646362
1.5090322713414654,2.5220183552707374
1.5103980107649786,2.5239307760027407
1.5109331436143891,2.5258443471768195
1.5151015199373221,2.5277590711339304
1.5157279160953985,2.529674950221568
1.5191476741933503,2.531591986793792
1.520134985177679,2.5335101832112485
1.521135748532379,2.5354295418411996
1.524175436586672,2.537350065057546
1.526219668791986,2.5392717552408532
1.5268421701409307,2.541194614778383
1.5299935478382853,2.5431186460641095
1.5325801416564029,2.545043851498756
1.5334632499574636,2.5469702334898137
1.5377354849788205,2.548897794451572
1.5390513060460946,2.5508265368051433
1.5390856756109188,2.55275646297849
1.54100198920619,2.5546875754064566
1.5433888917478513,2.556619876530786
1.548179161890083,2.558553368800158
1.5491068147065306,2.5604880546702087
1.55034746888152,2.562423936603561
1.552397716033473,2.564361017069853
1.5560364946517424,2.566299298545764
1.5620567296813983,2.5682387835150444
1.563533991012133,2.570179474468541
1.5646575966816627,2.572121373904225
1.5664641890711108,2.5740644843272262
1.569168439614375,2.5760088082498527
1.5710614514053534,2.5779543481916276
1.5746515144669995,2.5799011066793103
1.5767387645909585,2.5818490862469314
1.5828099945653173,2.583798289435819
1.5848842154957414,2.585748718794626
1.5864957398950998,2.5877003768793645
1.5875483799635959,2.5896532662534293
1.5907085381785915,2.5916073894876335
1.5939979354548477,2.5935627491602333
1.59460551987433,2.5955193478569583
1.596444303952308,2.5974771881710454
1.5972945967639203,2.5994362727032656
1.5986894239546647,2.601396604061956
1.6006514815612158,2.6033581848630485
1.605948565084245,2.6053210177300996
1.6154884846841258,2.607285105294328
1.6160947024311811,2.609250450194635
1.619590568949889,2.611217055077647
1.6208300199529657,2.6131849225977346
1.6225712061215818,2.615154055417057
1.6245304360548107,2.617124456205582
1.627120812269647,2.6190961276411233
1.6280216527498048,2.6210690724093744
1.6291410279014393,2.623043293203935
1.629229467104393,2.62501879272635
1.6303885328111627,2.6269955736861346
1.6317513919903477,2.6289736388008116
1.6321538529361774,2.6309529907959455
1.6335608992847204,2.6329336324051673
1.634120508846066,2.6349155663702195
1.6356992064570066,2.6368987954409793
1.6375449828165298,2.638883322375495
1.6394014515900277,2.6408691499400234
1.6408297157140797,2.6428562809090574
1.6441239646349084,2.644844718065366
1.6589289718849893,2.646834464200021
1.662978143443372,2.6488255221124417
1.6637223992687098,2.6508178946104177
1.6694829092603587,2.65281158451015
1.669574613304931,2.6548065946362893
1.670491230223221,2.65680292782196
1.6713518670258654,2.6588005869088085
1.6732455744267203,2.6607995747470277
1.6744007519328747,2.6627998941953965
1.6751375190268765,2.664801548121321
1.6754781586744334,2.666804539400858
1.6781972753984857,2.668808870918766
1.6797976803197507,2.670814545568528
1.6816254804057065,2.672821566252396
1.6844864197624367,2.6748299358814274
1.687894366451585,2.6768396573755155
1.6886820284337323,2.678850733663437
1.69105169816988,2.6808631676828774
1.691343124948778,2.6828769623804805
1.6922273394995075,2.6848921207118734
1.6941684808453703,2.686908645641715
1.6952164310773792,2.6889265401437306
1.700152950714363,2.6909458072007455
1.7014204464996707,2.6929664498047323
1.7062956023427318,2.694988470956841
1.7080307345190098,2.6970118736674413
1.709375164273658,2.699036660956166
1.7101960334915864,2.701062835851941
1.7112576815904943,2.7030904013930344
1.714524178689764,2.7051193606270894
1.716211650121526,2.7071497166111644
1.7193321876779217,2.7091814724117813
1.719470387880197,2.711214631104954
1.7223074418960198,2.7132491957762377
1.7264177682149813,2.7152851695207656
1.728959974827757,2.717322555443292
1.7300100254990693,2.7193613566582315
1.7349166350959688,2.7214015762897006
1.7351992742438518,2.7234432174715626
1.7368477212587379,2.725486283347465
1.7380973057038447,2.7275307770708848
1.7388152809733786,2.7295767018051698
1.740382587587394,2.7316240607235773
1.742015845569496,2.733672857009328
1.7433660022079327,2.735723093855633
1.7436524998502432,2.7377747744657532
1.743898542370279,2.7398279020530305
1.745173548056752,2.7418824798409367
1.745405066111934,2.7439385110631203
1.7463363225951776,2.745995998963443
1.7582735909220462,2.748054946796032
1.7589377384864384,2.750115357825319
1.7595289915664127,2.7521772353260894
1.7602401604818934,2.754240582583524
1.7604612435075808,2.7563054028932448
1.7616159026850022,2.758371699561365
1.767517401487041,2.760439475904528
1.7733005321659518,2.7625087352499613
1.7744118579305148,2.7645794809355144
1.7772591134638203,2.7666517163097124
1.7785278745091058,2.768725444731801
1.7811873562104463,2.770800669571791
1.7837354247224821,2.772877394210512
1.7854510337227172,2.7749556220396503
1.7858758061637585,2.777035356461807
1.7872934261195543,2.779116600890541
1.7944339027727314,2.781199358750417
1.7966112592722778,2.7832836334770583
1.7978882816901223,2.7853694285171913
1.8000885290877506,2.787456747328695
1.8001648280369158,2.7895455933806583
1.8030333934781018,2.7916359701534175
1.804352279678612,2.793727881138619
1.8082164216100765,2.795821329839257
1.810044296294095,2.797916319769739
1.8107463322705903,2.800012854455922
1.811695355927166,2.8021109374351725
1.811917294316811,2.8042105722564195
1.8143139843028875,2.8063117624801976
1.8151343332600105,2.808414511678711
1.817556958747267,2.8105188234358742
1.8179186715378548,2.8126247013473717
1.818143619572396,2.814732149020712
1.8208967844818928,2.8168411700752753
1.8228878917697835,2.818951768142373
1.8244057270141267,2.8210639468652983
1.8251920288020291,2.8231777098993787
1.8264823092671223,2.825293060912039
1.8276599645528127,2.827410003582843
1.8295784326561284,2.8295285416035645
1.8301444703270617,2.831648678678226
1.8316345796913631,2.8337704185231707
1.8351191810139393,2.835893764867105
1.8395251715126326,2.8380187214511627
1.8417420808700664,2.8401452920289634
1.8421056603328172,2.8422734803666603
1.8501165877527388,2.84440329024301
1.8513137034495752,2.8465347254494198
1.8592683054296255,2.84866778979001
1.8602640715107694,2.850802487081676
1.8615067935713279,2.852938821154139
1.8617341852752138,2.855076795850014
1.8642488558899228,2.857216415024863
1.8691343414288624,2.8593576825472535
1.871157766407235,2.8615006022988294
1.8722102601330066,2.8636451781743566
1.872734978037169,2.8657914140817975
1.8752372090919218,2.8679393139423612
1.8758998159503202,2.8700888816905747
1.8769545626890418,2.872240121274338
1.8778914564019504,2.874393036654985
1.879138532709203,2.876547631807357
1.8819916278647777,2.878703910719854
1.8822460673904657,2.8808618773945054
1.8840375499236548,2.8830215358470284
1.8849671406375046,2.885182890106894
1.8856406049883108,2.8873459442173997
1.890567797768886,2.889510702235717
1.8929846609698895,2.8916771682329774
1.8936467724921704,2.8938453462943188
1.896363504962351,2.896015240518964
1.8979722692773062,2.898186855020287
1.9000213878394825,2.900360193925869
1.9021172409138214,2.9025352613775826
1.9053217061834464,2.90471206153164
1.9080037364366245,2.9068905985586806
1.9091719411266885,2.909070876643823
1.9108698623460414,2.9112528999867435
1.9121169211135938,2.9134366728017453
1.912587188857944,2.9156221993178217
1.912653183950819,2.917809483778733
1.9136568021084852,2.919998530443074
1.9140284422727998,2.9221893435843445
1.9142698637765085,2.924381927491023
1.915421562044379,2.9265762864666347
1.916177116585279,2.9287724248298304
1.9191740520430605,2.930970346914452
1.920081478949211,2.933170057069608
1.920529928680494,2.9353715596597523
1.9216302581792808,2.937574859064748
1.9219825487891466,2.939779959679952
1.922362034819188,2.9419868659162844
1.927759416818283,2.944195582200305
1.9299911103376586,2.9464061129742896
1.9387944057444553,2.948618462696304
1.9404540039363336,2.950832635840287
1.9417203399397764,2.95304863689612
1.9432105757905873,2.955266470369711
1.9519789160426855,2.957486140783068
1.9523357574987648,2.9597076526743775
1.9545187318861763,2.961931010598094
1.9557703512494262,2.964156219125002
1.9570847086466536,2.966383282842313
1.958526723535092,2.9686122063537366
1.9677844784388618,2.970842994279561
1.9746945861284657,2.9730756512567433
1.977616166437561,2.9753101819389807
1.97930281299065,2.9775465909968033
1.9868061315177103,2.9797848831176483
1.9879915078064734,2.982025063005951
1.989001008332791,2.9842671353832233
1.9892552877643706,2.986511104988143
1.9898615930247359,2.988756976576637
1.9929691940801169,2.9910047549219656
1.9975199455610109,2.993254444814813
1.997737087414496,2.9955060510633698
1.9986770223024635,2.997759578493421
2.0034023942558346,3.0000150319484398
2.0041458138938504,3.002272416289668
2.0065510658706343,3.0045317363962107
2.008084083496119,3.006792997165123
2.017649727076088,3.009056203511498
2.0195530788896376,3.0113213603685685
2.02394382966017,3.0135884726877835
2.02655742227632,3.0158575454389123
2.0279981356632533,3.018128583610127
2.032258974164086,3.0204015922081076
2.0328053596968814,3.0226765762581222
2.0408737804423134,3.0249535408041304
2.0414924642366343,3.027232490908877
2.04222211653295,3.029513431653984
2.045015283687061,3.031796368140052
2.0457820688435033,3.034081305486751
2.047531772366494,3.036368248832921
2.0490545702890777,3.0386572033366726
2.0496175046563705,3.040948174175478
2.0540092818376237,3.0432411665462813
2.0644267659884132,3.045536185665585
2.070727140731248,3.047833236769563
2.0751675235589357,3.050132325114154
2.081822726787886,3.0524334559751654
2.088211494794757,3.0547366346483793
2.0921171837850463,3.0570418664496475
2.0923084012512714,3.0593491567150077
2.0946531230402785,3.0616585108007732
2.1015844432881208,3.0639699340836484
2.1084853557418466,3.066283431960836
2.11119094147489,3.0685990098501317
2.118538199230866,3.0709166731900472
2.1187592193699945,3.073236427439905
2.1191209367719974,3.0755582780799537
2.126562011348668,3.077882230611479
2.128215570432525,3.0802082905569064
2.1300267324744326,3.082536463459921
2.1333878279635945,3.0848667548855713
2.134958429263677,3.087199170420385
2.1351233010711215,3.0895337156724856
2.1381440935750144,3.091870396271699
2.1484445003101413,3.094209217869674
2.151107340798145,3.096550186139994
2.152346476508059,3.0988933067782947
2.152445718165266,3.101238585502381
2.1582650348592067,3.103586028052343
2.158706445481874,3.1059356401906792
2.1616637891106674,3.1082874277024093
2.1622828638334917,3.1106413963951995
2.1623261727541325,3.112997552099478
2.1661937016967507,3.1153559006685616
2.16900777470365,3.117716447978779
2.1724415856527863,3.1200791999295863
2.1726122066369156,3.122444162443702
2.1816533593877625,3.124811341467222
2.1855637176053038,3.1271807429697502
2.1860265586713954,3.1295523729445254
2.187905064997553,3.1319262374085493
2.188215284115775,3.134302342402712
2.1916393638089664,3.1366806939919245
2.1951548456283376,3.1390612982652435
2.195531535653793,3.141444161336012
2.1966555113007082,3.1438292893419804
2.2069597676002934,3.1462166884454468
2.2097250952095147,3.148606364833388
2.2123194524712417,3.1509983247175968
2.216198563493539,3.1533925743348097
2.22383147378976,3.155789119946851
2.227652239222632,3.158187967840773
2.228970634361305,3.1605891243289848
2.236280388825571,3.1629925957493987
2.2427381539950844,3.165398388465565
2.2486719165630595,3.1678065088668195
2.249512091384117,3.170216963368425
2.2653215007471195,3.172629758411706
2.266574075150171,3.1750449004642074
2.268358977827685,3.1774623960198256
2.275101111643773,3.1798822515989627
2.2852184564762346,3.182304473748675
2.2971979773322384,3.1847290690428145
2.304651975129453,3.187156044082186
2.3049718459509045,3.189585405494687
2.30845331191419,3.1920171599354767
2.3131889797003278,3.1944513140871096
2.3164789489457296,3.1968878746596956
2.3193378666535516,3.199326848391066
2.3208994061627224,3.2017682420469127
2.329705888153951,3.2042120624209516
2.335433369880503,3.2066583163350844
2.3375196998766965,3.2091070106395536
2.3393086994069257,3.211558152213104
2.341251154839797,3.2140117479631427
2.344132929262686,3.216467804825904
2.3510369246899017,3.2189263297666124
2.3514775453232972,3.221387329779643
2.3533862272856987,3.223850811888698
2.357835505977548,3.226316783146961
2.3579542896070653,3.2287852506372814
2.3588864671230207,3.2312562214723215
2.3600528180779756,3.2337297027947542
2.360897075695142,3.23620570177741
2.362150710921785,3.238684225623472
2.364860272599771,3.2411652815666363
2.366404638626022,3.243648876871286
2.368505838918444,3.2461350188326885
2.372199595048089,3.2486237147771484
2.373495808148437,3.2511149720622
2.374953717299398,3.253608798076797
2.376208270297281,3.2561052002414708
2.3762427299932307,3.258604186008543
2.377891617249481,3.2611057628622837
2.37915077292765,3.2636099383191186
2.3811603329287054,3.266116719927808
2.3818626710831468,3.268626115269633
2.386648329645661,3.2711381319585913
2.3897778953418927,3.27365277764159
2.3920603639689113,3.2761700599986345
2.3928264779321817,3.278689986743024
2.402071757261064,3.281212565621553
2.408852867528079,3.283737804414705
2.4100618966077785,3.286265710936848
2.4132231740400383,3.2887962930364427
2.4199775132665517,3.291329558596244
2.420219063893695,3.2938655155334953
2.429777468001286,3.2964041718001487
2.4373466643947013,3.2989455353830555
2.438935305727904,3.3014896143041894
2.4442516927264193,3.3040364166208462
2.4448525381645347,3.3065859504258577
2.451031654117542,3.3091382238478113
2.4529864603949436,3.311693245051253
2.4641477155733074,3.314251022236917
2.477035812640098,3.316811563641927
2.4816965169765224,3.319374877540034
2.4860905755132374,3.3219409722418276
2.4916906308944666,3.3245098560949544
2.491910638054035,3.3270815374843594
2.4927720269598943,3.3296560248324907
2.500766609123081,3.332233326599544
2.5035232375753265,3.3348134512836913
2.507624328022813,3.337396407421297
2.513969602642239,3.339982203587175
2.525909153478516,3.3425708483948022
2.5263175826516915,3.3451623504965693
2.5267598754597533,3.347756718584015
2.532105504934578,3.350353961388064
2.542234185747108,3.352954087679278
2.553849242294172,3.3555571062680882
2.557961575869292,3.3581630260050517
2.5580075160892752,3.3607718557810964
2.561218320113283,3.36338360452777
2.562755311407675,3.3659982812174913
2.563952202417696,3.368615894863808
2.581702647094958,3.3712364545216515
2.5933342530200933,3.3738599692875924
2.599535771332088,3.3764864483001022
2.6041626648081277,3.3791159007398237
2.6057052006486123,3.3817483358298115
2.6075792420690043,3.384383762835831
2.6244205302947496,3.3870221910666003
2.6271348165968638,3.3896636298740757
2.6284268922828407,3.392308088653715
2.629853467322509,3.394955576844761
2.6328099436993946,3.3976061039305114
2.6328197018033124,3.4002596794385993
2.642112451477235,3.402916312941286
2.6448413685382395,3.4055760140557223
2.649155755887096,3.408238792444259
2.6525919716435578,3.410904657814718
2.654587116267902,3.413573619920687
2.6642194479331747,3.4162456885618226
2.6644055148334562,3.4189208735841263
2.668326396398139,3.4215991848802627
2.6708331773724887,3.4242806323898454
2.679590388603177,3.4269652260997434
2.6816811651984067,3.4296529760443963
2.6827614896591014,3.4323438923061005
2.684013692570376,3.4350379850153416
2.688622472198077,3.4377352643510926
2.695562047493264,3.44043574054113
2.7007874680973454,3.443139423862365
2.7013440057743567,3.445846324641144
2.7037712956859417,3.4485564532535893
2.711277508612416,3.451269820125907
2.7216198989063933,3.4539864357347367
2.7303613189005107,3.4567063106074634
2.7307499876100163,3.4594294553225575
2.7345658610866463,3.4621558805099233
2.735227113787149,3.4648855968512122
2.747029456416711,3.467618615080196
2.748033155414265,3.4703549459830847
2.7489709259579107,3.4730946003988885
2.7500512848219913,3.47583758921977
2.7501850542042114,3.47858392339139
2.7512311299270706,3.4813336139132725
2.7557361483525717,3.4840866718391523
2.76254144764853,3.486843108277352
2.763232481679349,3.4896029343911388
2.763898434370577,3.492366161399095
2.76597567404958,3.4951328005754925
2.7727343715636987,3.497902863250665
2.775249030020522,3.5006763608113887
2.775516271661295,3.5034533047012584
2.7825927733455638,3.506233706421081
2.7907260536855882,3.509017577529257
2.793094787377149,3.511804929642172
2.7971192122391546,3.5145957744346004
2.799338749171921,3.517390123640087
2.7994513894250788,3.5201879890513617
2.8019777380421136,3.5229893825207466
2.804450979401479,3.525794315960547
2.8050482302943833,3.528602801343488
2.8315454797818647,3.531414850703104
2.836465235295813,3.5342304761341805
2.8426890261923785,3.5370496897931685
2.8442169397426236,3.539872503898599
2.844384964410585,3.5426989307315373
2.8673836316660077,3.545528982635995
2.867488978312011,3.548362672019383
2.8683509258602853,3.55120001135294
2.876742767349903,3.55404101317219
2.886936394200575,3.556885690077385
2.899152470462364,3.5597340547339598
2.900355459569744,3.562586119872992
2.9065905403557597,3.5654418982916583
2.9095927097797687,3.5683014028536997
2.910856159645642,3.571164646489901
2.9125319566408887,3.5740316421985536
2.918441403151731,3.5769024030459424
2.9278345187312627,3.579776942166814
2.9343086814080688,3.582655272764882
2.9344019431359962,3.5855374081133053
2.9352315384410015,3.588423361555186
2.9392209558399687,3.5913131465040746
2.940469515355587,3.594206776444463
2.9618473422269127,3.5971042649323066
2.99154593002931,3.60000562559553
2.993740152544473,3.602910872134543
2.998182386813355,3.605820018322774
3.013849831608444,3.6087330780071865
3.014089445531708,3.6116500651088157
3.0150016607704107,3.614570993623311
3.0153910892049667,3.6174958776214656
3.0190085306060093,3.6204247312497766
3.0213759148895103,3.6233575687309885
3.0248717026486607,3.6262944043646597
3.025621209941353,3.6292352525277147
3.0265067788045976,3.6321801276750136
3.034185717518148,3.635129044339932
3.05551401373808,3.6380820171349337
3.0599342314516598,3.641039060752156
3.062360294592003,3.644000189963992
3.0647811142365637,3.646965419623696
3.0673009352740563,3.649934764665981
3.069729612139384,3.6529082401076116
3.0762840396888786,3.655885861048036
3.0874003929143155,3.658867642669982
3.1069001291134364,3.6618536002401028
3.1089980185172763,3.664843749109581
3.1200750745202757,3.667838104714781
3.1355695847064675,3.6708366825778826
3.1387789662341365,3.673839498307527
3.1461832619509917,3.676846567599477
3.1494302238455942,3.679857906237266
3.1545226380011346,3.6828735300928663
3.1550639206939937,3.685893455127369
3.16092437957748,3.6889176973916484
3.1629175921574175,3.6919462730270625
3.1676015029206095,3.694979198266128
3.1681476526125296,3.6980164894332246
3.17244068169799,3.701058162945311
3.1826087434916976,3.704104235312615
3.1876656006379256,3.707154723139372
3.195482609306684,3.7102096431245326
3.2085775177478886,3.7132690120625136
3.2090814700143797,3.7163328468439216
3.236152245063689,3.7194011644563014
3.24220510502844,3.7224739819849044
3.2464386906263583,3.725551316613432
3.2503958157145,3.7286331856248185
3.272542057924629,3.7317196064019993
3.273921941507655,3.7348105964286926
3.275217894975831,3.7379061732902046
3.2752219165676384,3.7410063546742114
3.291741792095166,3.744111158371589
3.2969544507980855,3.747220602277201
3.3064498533701037,3.750334704390744
3.314083211078368,3.7534534828175783
3.317104580312874,3.756576955769556
3.319602226205872,3.7597051415658793
3.3217532380238333,3.762838058633955
3.324980359804813,3.765975725510263
3.3290815329389782,3.7691181608412254
3.3298572805878988,3.7722653833840982
3.330583628879098,3.775417412007856
3.330684489770626,3.7785742656940964
3.3344288893790845,3.7817359635379546
3.3372616720927986,3.7849025247490196
3.3399535503276074,3.78807396865226
3.3443508202877275,3.791250314688973
3.349865934980049,3.7944315824177215
3.349990481338154,3.797617791515306
3.3564909652410013,3.800808961777716
3.376988886381016,3.8040051131211223
3.38696118499456,3.8072062655828622
3.3928665699378073,3.81041243932243
3.4127985849088547,3.813623654622499
3.4148836232411792,3.8168399318899264
3.4202145060359106,3.820061291656803
3.431920744216253,3.823287754581471
3.4363704676141076,3.82651934144959
3.447562137503423,3.829756073175201
3.467376793359535,3.832997970801792
3.493637048522839,3.836245055503395
3.494740293418995,3.8394973485856667
3.4957895667988064,3.842754871487009
3.4965997035474006,3.8460176457796913
3.508853690784494,3.8492856931709705
3.5120398658688146,3.8525590355042505
3.540467087871005,3.8558376947602238
3.54482038140263,3.8591216930580488
3.5480146267938464,3.862411052656533
3.571063915469195,3.865705795955318
3.5828472610049302,3.869005945496101
3.58576440019638,3.872311523963836
3.5864691866047638,3.8756225541879856
3.587876398787626,3.878939059143757
3.595622227652461,3.8822610619533577
3.598033910916425,3.88558858588729
3.619800480742378,3.8889216543656135
3.6199810690077414,3.892260290959265
3.6340810722039087,3.895604519391366
3.635500678770264,3.8989543635385555
3.6370762603335653,3.90230984743234
3.637714000250762,3.9056709952604445
3.6420797898436206,3.9090378313681984
3.656884901821707,3.9124103802599173
3.6851116450291177,3.915788666600313
3.6872191395972584,3.9191727152159217
3.69847612823366,3.9225625510965227
3.7042530698761893,3.925958199396618
3.709802879657237,3.9293596854368795
3.711531084958977,3.9327670347056523
3.711715139225734,3.9361802728604465
3.713550515995078,3.939599425729461
3.71615025511101,3.9430245193131297
3.7163902295843485,3.9464555797856633
3.7239090404417925,3.9498926334966318
3.725783751385231,3.9533357069725508
3.731283268393792,3.95678482691849
3.7435300066672363,3.9602400202197083
3.745915014266011,3.963701313943286
3.7635778192992704,3.9671687353398055
3.7672372955802436,3.9706423118450234
3.7763362049922975,3.97412207108158
3.777488317463279,3.977608040860729
3.7779209152999873,3.9811002491840632
3.778855971241785,3.984598724245302
3.7812914596387777,3.988103494432055
3.7894137747979193,3.9916145883276375
3.7894989671117525,3.9951320347129027
3.795259521915216,3.9986558625680777
3.7984221372080795,4.002186101074645
3.79865390244952,4.005722779617221
3.800658431203048,4.009265927785489
3.805289665872815,4.012815575376124
3.806990939853249,4.016371752394748
3.816869704506036,4.019934489057934
3.8224944935464404,4.02350381579519
3.8253956241934493,4.027079763251018
3.8298900941403384,4.030662362286936
3.833831937958591,4.034251643983591
3.851883673570175,4.037847639642849
3.8534517545869833,4.041450380789929
3.8597099672117356,4.045059899175562
3.8769245638986454,4.048676226778174
3.880232383397662,4.052299395806098
3.8840243593554473,4.055929438699811
3.8957911224065107,4.059566388134196
3.900718029907543,4.063210277020849
3.9018447670499534,4.066861138510373
3.9126998021061135,4.070519005994761
3.92015073413027,4.0741839131097475
3.9254481267816237,4.077855893737235
3.928831192094444,4.081534982007725
3.9543108343172384,4.0852212123027885
3.9724404537326614,4.088914619257569
3.980673315201136,4.092615237763308
3.982294698048746,4.096323102969917
3.986765952053317,4.100038250288569
3.9993126039460862,4.103760715394319
4.005693714047078,4.107490534228786
4.016074387814089,4.111227743002835
4.031442036473002,4.114972378199299
4.061871218312394,4.118724476575773
4.0619688264843035,4.122484075167382
4.0682636432256265,4.126251211289643
4.090310094883487,4.13002592254132
4.100630416787742,4.133808246807355
4.10724980373486,4.13759822226179
4.108628704731444,4.141395887370776
4.110768069964918,4.145201280895596
4.155222910959075,4.1490144418957104
4.163618877218627,4.152835409731888
4.167005226388794,4.156664224069339
4.1695569640777705,4.160500924880896
4.190943161823441,4.164345552450262
4.206030039956274,4.168198147375266
4.21552479309082,4.172058750571186
4.215575563989752,4.17592740327411
4.219227595106128,4.179804147044335
4.221305044965502,4.183689023769828
4.230659720846546,4.187582075669708
4.2363073218974625,4.191483345297802
4.2471271789675065,4.195392875546232
4.254113225158968,4.199310709649058
4.254839689963755,4.203236891185959
4.257253302767727,4.207171464085984
4.275033128898868,4.21111447263134
4.2938070033264495,4.215065961461227
4.295509108309363,4.219025975575747
4.3028638370404755,4.222994560339839
4.35409601701574,4.226971761487293
4.362220702499462,4.230957625124809
4.3738460512891795,4.2349521977361
4.376311921223572,4.238955526186091
4.377578065466422,4.2429676577251145
4.39030195090101,4.246988639993233
4.405544675917825,4.251018521024573
4.4182653953334,4.255057349251737
4.422307953262573,4.259105173510288
4.424933209352994,4.2631620430432715
4.438826205390772,4.267228007505841
4.440262549573751,4.2713031169698965
4.449167521415612,4.275387421928837
4.4503389710931875,4.279480973302367
4.478031255292434,4.28358382244135
4.48596282167959,4.287696021132772
4.487258643771719,4.291817621604731
4.490308163298835,4.295948676531539
4.492208303838646,4.30008923903888
4.493470722927328,4.304239362709036
4.503112190216964,4.308399101586213
4.505267547958047,4.312568510181913
4.513153598220815,4.316747643480418
4.525509799797469,4.320936556944331
4.527092921133531,4.32513530652021
4.571577061517647,4.329343948644287
4.577305162631654,4.333562540248259
4.577393287468033,4.337791138765197
4.60455423181053,4.342029802135485
4.610371993947427,4.346278588812923
4.612796975063739,4.350537557770862
4.617217386833525,4.354806768508462
4.626231617338065,4.359086281057037
4.6296417878973255,4.3633761559864945
4.6330492831427685,4.3676764544118685
4.640417911101251,4.371987237999981
4.644684755732081,4.37630856897616
4.653860277832056,4.380640510131104
4.654343018504323,4.3849831248278255
4.658768769272961,4.389336477008704
4.674358557456327,4.393700631202683
4.688877473785838,4.398075652532514
4.695545862759313,4.402461606722187
4.701812841791036,4.406858560104422
4.705206568123898,4.411266579628306
4.7270574306755755,4.415685732867051
4.750425561237854,4.420116088025851
4.751627564300442,4.4245577139499055
4.753810724028889,4.429010680132527
4.754050613255155,4.433475056723412
4.761574331835099,4.437950914537025
4.762383785332755,4.442438325061125
4.763894013224875,4.446937360465439
4.772776113526501,4.451448093610446
4.777694705463451,4.455970598056355
4.786957933157533,4.460504948072172
4.819290136425796,4.46505121864496
4.819872698534449,4.469609485489233
4.875691429083568,4.474179825056496
4.917542684527819,4.478762314544977
4.924652844109089,4.483357031909472
4.935942097278445,4.487964055871406
4.952944763861634,4.492583465929008
4.967172406349648,4.497215342367714
4.987627631912212,4.501859766270706
4.989582670838357,4.506516819529629
5.003728014669213,4.511186584855525
5.008147896981072,4.515869145789909
5.031073594813407,4.520564586716061
5.038768880431198,4.525272992870518
5.0407671267190395,4.529994450354728
5.058358113370677,4.534729046146953
5.063875216309201,4.539476868114343
5.082003581253051,4.544238005025218
5.085553492162109,4.549012546561609
5.091076173349085,4.553800583331957
5.091648937821071,4.558602206884089
5.097819155099776,4.563417509718382
5.100341203259367,4.568246585301191
5.141337076434732,4.573089528078494
5.1473333582297,4.5779464334897915
5.165749203485804,4.58281739798226
5.1801162403447085,4.587702519025141
5.209421074956368,4.592601895124411
5.210435123241475,4.5975156258376995
5.214534633124436,4.602443811789489
5.216604458315148,4.607386554686601
5.248023169945039,4.612343957333922
5.256700658658809,4.617316123650492
5.26005623878126,4.622303158685819
5.285759128253966,4.627305168636523
5.306970767396969,4.632322260863325
5.30850591472817,4.6373545439082715
5.321234384071712,4.642402127512371
5.376772956623194,4.647465122633498
5.379862453667147,4.652543641464657
5.389950537476521,4.657637797452613
5.395994730115826,4.662747705316829
5.421310116457008,4.667873481068822
5.472549438273123,4.673015242031832
5.47285539503372,4.678173106860926
5.481566493021972,4.683347195563437
5.481863768030105,4.688537629519849
5.483527306733198,4.693744531505055
5.498280705241471,4.698968025710035
5.522184393271606,4.704208237763982
5.52788312636232,4.709465294756833
5.550773964160723,4.714739325262269
5.552413630610621,4.720030459361172
5.555676535787316,4.725338828665517
5.558609630564888,4.730664566342805
5.593376263135251,4.736007807140916
5.595768985801192,4.741368687413518
5.616305136509274,4.74674734514598
5.629308739726425,4.75214391998178
5.634743469442708,4.757558553249509
5.640548837917269,4.762991387990369
5.651022293381735,4.768442568986304
5.665536430248142,4.773912242788644
5.688259584307546,4.779400557747403
5.694727857758032,4.78490766404116
5.78813307862342,4.790433713707571
5.817552255150519,4.7959788606745315
5.8231447319262655,4.801543260791986
5.865557735899641,4.8071270718644215
5.949426771937426,4.812730453684071
5.9743530756978505,4.81835356806479
5.989289667352282,4.823996578876705
6.0133707723346586,4.829659652081572
6.04175529823784,4.835342955768942
6.04943156641553,4.841046660193092
6.0708244459536225,4.84677093781076
6.07770221729984,4.852515963319749
6.081344024754648,4.858281913698325
6.08390795432499,4.864068968245559
6.101431897902713,4.869877308622503
6.140219739629858,4.875707118894341
6.156595728141359,4.881558585573474
6.1725098229231685,4.887431897663566
6.26602139721075,4.893327246704604
6.267016132003111,4.899244826818994
6.279118618833229,4.905184834758695
6.326838231396342,4.911147469953479
6.328235329894863,4.917132934560246
6.330560354630552,4.923141433513559
6.333766696800211,4.9291731745773095
6.378681049945681,4.935228368397611
6.399114686464511,4.941307228556972
6.4128837314609175,4.947409971629694
6.413007270197926,4.9535368172386605
6.415896623573796,4.95968798811342
6.427145958610863,4.965863710149737
6.433472844164682,4.972064212470519
6.446856047686943,4.978289727488264
6.449378679970389,4.984540490969043
6.456934178224531,4.990816742098015
6.463717886127735,4.9971187235466
6.465470086543426,5.003446681541297
6.477115856596556,5.009800865934214
6.4844017816045945,5.016181530275407
6.491685583803194,5.022588931886977
6.492645985165988,5.029023331939115
6.537314690087381,5.035484995528018
6.539298131893075,5.041974191755849
6.59221868081814,5.048491193812743
6.614673445995389,5.055036279060909
6.6189844744661235,5.0616097291209625
6.622399838287803,5.068211829960466
6.627421938634352,5.074842871984858
6.672640076580145,5.081503150130714
6.702418097944522,5.088192963961547
6.803752303776871,5.094912617766157
6.8146769641535085,5.101662420659569
6.8238072870931585,5.108442686686784
6.831875413740835,5.115253734929279
6.857677813722949,5.122095889614437
6.8640744967384615,5.128969480228023
6.88833767282371,5.135874841629685
6.910420316295649,5.142812314171757
6.928055444031785,5.149782243821303
6.944692085862622,5.156784982285631
6.947627629052994,5.163820887141378
6.957447111045349,5.170890321967188
6.970375315393436,5.177993656480273
6.989379429152398,5.185131266676827
6.9938853344926875,5.192303534976571
6.997364875110917,5.199510850371438
7.0071313516017995,5.206753608578661
7.050614857894043,5.214032212198364
7.063874130079982,5.221347070875787
7.094407211415861,5.228698601468403
7.09894024780092,5.236087228217996
7.239246229584741,5.243513382927972
7.2650278156090184,5.250977505146045
7.3180233476682925,5.258480042352478
7.321850827818053,5.266021450154169
7.363841204938904,5.2736021924846845
7.413623493623522,5.281222741810559
7.443706308850514,5.288883579344065
7.506006205905682,5.296585195262661
7.511241598988592,5.304328088935449
7.554726481836093,5.312112769156829
7.58250771402354,5.319939754387712
7.608073980759582,5.327809573004501
7.660363535194641,5.335722763556221
7.683404284593216,5.343679875030081
7.761661693384704,5.351681467125785
7.872520320160912,5.359728110539013
7.878224055281122,5.367820387254338
7.921690813701365,5.37595889084807
7.962542964621308,5.384144226801374
7.974677258456394,5.3923770128240545
7.997390025080599,5.400657879189552
8.057147948891096,5.4089874690814925
8.15887297539115,5.417366438952383
8.159981602477771,5.425795458894928
8.211712978801737,5.434275213026444
8.218407825855378,5.442806399887078
8.225941323342065,5.451389732852255
8.269327794465505,5.460025940560139
8.272205205099382,5.468715767354634
8.295852585767019,5.477459973744683
8.307498331472996,5.486259336880628
8.329186203339955,5.4951146510482465
8.411456643028355,5.504026728181483
8.472202137201961,5.512996398394509
8.473871627999898,5.522024510534166
8.476409253562098,5.531111932753681
8.57326418517841,5.540259553108565
8.591195475957829,5.549468280175934
8.641914785421418,5.558739043698117
8.673598551733068,5.568072795251939
8.676006189571519,5.577470508944799
8.733611893582053,5.586933182138821
8.786981097049269,5.5964618362045755
8.78833500328935,5.606057517305699
8.841170543668252,5.615721297216049
8.878351069923477,5.625454274171004
8.895308786218553,5.6352575737545925
8.905806909911266,5.645132349824382
8.915911968220609,5.65507978547597
8.961073510822969,5.665101094049243
8.964265145275848,5.675197520178483
9.023071261602876,5.685370340888776
9.042601933780452,5.695620866741107
9.062075527321392,5.705950443028762
9.07826903817323,5.716360451027943
9.080169982548991,5.726852309305417
9.099569348693155,5.737427475086514
9.105399421309212,5.7480874456867825
9.163199716542788,5.758833760010858
9.177074207049678,5.7696680001225245
9.190012657752488,5.780591792889916
9.243202962619048,5.791606811710353
9.328261278828077,5.80271477831945
9.586929228491668,5.813917464689481
9.660292993605905,5.825216695022426
9.666999814886985,5.836614347843351
9.718143984209364,5.8481123582003995
9.807168086984374,5.859712719977805
9.904171471438518,5.871417488329218
9.950015110923777,5.883228782238794
10.3121632430018,5.895148787218234
10.334646903824623,5.907179758148686
10.367407813005633,5.91932402227677
10.56682312893407,5.9315839823750895
10.58628627121101,5.9439621200781625
10.705141838475365,5.9564609994055395
10.74085353535715,5.969083270485086
10.79737273769338,5.981831673490082
10.960913898677934,5.99470904280525
11.002851350694616,6.007718311437876
11.14355995824494,6.020862515691525
11.198846912229936,6.034144800121572
11.21853774178565,6.047568422793039
11.223422473785279,6.061136760863471
11.365192402099586,6.074853316515094
11.965025581707295,6.0887217232631095
12.050304636371457,6.102745752669149
12.135610648251799,6.116929321491525
12.223145964350058,6.131276499307166
12.453570455633356,6.145791516642983
12.610969523329684,6.160478773658383
12.892310115169742,6.175342849424522
13.008866968043098,6.190388511850201
13.024348659247993,6.205620728309729
13.040611583934444,6.221044677033077
13.525781882690671,6.236665759325397
13.608073555801727,6.252489612689534
13.779926332394147,6.268522124933074
14.353134039618123,6.284769449350434
14.36643248120765,6.301238021079857
15.086848339219861,6.3179345747468725
15.30766278255392,6.3348661635176855
17.318852311387396,6.352040179700594
18.332222475935716,6.369464377049339
18.399036709787854,6.387146894940394
18.886972551155118,6.4050962846173025
19.124708152110156,6.423321537718272
19.707045314286244,6.441832117330678
21.088193440288535,6.460637991846819
21.91340999542332,6.479749671930613
22.523598546639935,6.49917825094623
22.737264539182437,6.518935449246102
