container_id,origin_index,origin_timestamp,hybrid_mae,hybrid_rmse,prophet_mae,prophet_rmse,n_history_steps,rolling_hybrid_mae,rolling_hybrid_rmse,rolling_prophet_mae,rolling_prophet_rmse,baseline_hybrid_mae,baseline_hybrid_rmse,baseline_prophet_mae
c_10032,200,1970-01-04 01:45:00,1.0256047230364447,1.3622427197863307,1.0282023272562173,1.3638766242155589,200,1.0256047230364447,1.3622427197863307,1.0282023272562173,1.3638766242155589,0.3531221154126398,0.4327977328186703,1.0282023272562173
c_10032,296,1970-01-05 01:45:00,1.2893014735554529,1.5141215862850492,1.2924781605164892,1.5166990155720983,296,1.1574530982959488,1.43818215303569,1.1603402438863533,1.4402878198938285,0.3531221154126398,0.4327977328186703,1.0282023272562173
c_10032,392,1970-01-06 01:45:00,0.738772352564172,0.8456230973083346,0.7297418404213313,0.8346935600650048,392,1.0178928497186899,1.240662467793238,1.016807442731346,1.238423066617554,0.3531221154126398,0.4327977328186703,1.0282023272562173
c_10032,488,1970-01-07 01:45:00,0.524621026379489,0.6394944997255343,0.5245119831182845,0.6391447654083089,488,0.8508982841663714,0.9997463944396393,0.848910661352035,0.9968457803484706,0.3531221154126398,0.4327977328186703,1.0282023272562173
c_10032,584,1970-01-08 01:45:00,0.36663773766609714,0.43480602412369035,0.36440000640372716,0.43391548320137285,584,0.5433437055365861,0.6399745403858531,0.539551276647781,0.6359179362248956,0.3531221154126398,0.4327977328186703,1.0282023272562173
c_10034,200,1970-01-04 01:45:00,0.9043154219915251,1.1871872447786527,0.919594878445659,1.1875131230284,200,0.9043154219915251,1.1871872447786527,0.919594878445659,1.1875131230284,3.6561898548874816,4.107339381144937,0.919594878445659
c_10034,296,1970-01-05 01:45:00,1.1981643215473434,1.4640827670643828,1.179657616330734,1.4439082865170423,296,1.0512398717694342,1.3256350059215176,1.0496262473881965,1.3157107047727212,3.6561898548874816,4.107339381144937,0.919594878445659
c_10034,392,1970-01-06 01:45:00,0.9196931354611767,1.1438634349429677,0.9193451789219744,1.144455355302218,392,1.007390959666682,1.265044482262001,1.0061992245661224,1.2586255882825534,3.6561898548874816,4.107339381144937,0.919594878445659
c_10034,488,1970-01-07 01:45:00,2.5629277728448434,3.7440171359114047,2.559559259716432,3.738912288803294,488,1.5602617432844543,2.1173211126395852,1.5528540183230468,2.109091976874185,3.6561898548874816,4.107339381144937,0.919594878445659
c_10034,584,1970-01-08 01:45:00,3.9934535040723596,4.786080999067296,3.82704198058464,4.624515289131532,584,2.492024804126127,3.224653856640556,2.4353154730743487,3.1692943110790144,3.6561898548874816,4.107339381144937,0.919594878445659
c_10089,200,1970-01-04 01:45:00,1.019238325969895,1.2021392569707054,1.030325945255152,1.2092643242626364,200,1.019238325969895,1.2021392569707054,1.030325945255152,1.2092643242626364,0.767384200123057,1.024064625455502,1.030325945255152
c_10089,296,1970-01-05 01:45:00,0.8641209110956959,1.1769570886916019,0.8658341259874233,1.1776895759780646,296,0.9416796185327954,1.1895481728311537,0.9480800356212877,1.1934769501203504,0.767384200123057,1.024064625455502,1.030325945255152
c_10089,392,1970-01-06 01:45:00,0.8088162874776709,0.9668020900720367,0.8133884255459424,0.9742141861138833,392,0.8973918415144206,1.1152994785781145,0.9031828322628392,1.1203893621181946,0.767384200123057,1.024064625455502,1.030325945255152
c_10089,488,1970-01-07 01:45:00,0.89591599778106,1.2957692877033273,0.8978425439537494,1.2980976612846413,488,0.8562843987848089,1.146509488822322,0.8590216984957051,1.150000474458863,0.767384200123057,1.024064625455502,1.030325945255152
c_10089,584,1970-01-08 01:45:00,0.9499605352883087,1.24026090353653,0.9349725872796069,1.228177153765045,584,0.8848976068490132,1.167610760437298,0.8820678522597664,1.1668296670545233,0.767384200123057,1.024064625455502,1.030325945255152
c_10132,200,1970-01-04 01:45:00,0.8747481632679254,1.0261283643509842,0.877261565809869,1.0285545739087596,200,0.8747481632679254,1.0261283643509842,0.877261565809869,1.0285545739087596,0.6161709487152378,0.7626872448676484,0.877261565809869
c_10132,296,1970-01-05 01:45:00,0.6811169559898911,0.8362014319345745,0.684110047825118,0.8375420420769277,296,0.7779325596289082,0.9311648981427794,0.7806858068174936,0.9330483079928437,0.6161709487152378,0.7626872448676484,0.877261565809869
c_10132,392,1970-01-06 01:45:00,0.6723127076512018,0.8162485277068715,0.6698153311857787,0.8180187143487656,392,0.742725942303006,0.8928594413308101,0.7437289816069219,0.8947051101114843,0.6161709487152378,0.7626872448676484,0.877261565809869
c_10132,488,1970-01-07 01:45:00,0.5649441994829771,0.6919471561627119,0.5679531246297642,0.6921353086197618,488,0.63945795437469,0.7814657052680527,0.6406261678802203,0.7825653550151518,0.6161709487152378,0.7626872448676484,0.877261565809869
c_10132,584,1970-01-08 01:45:00,0.6859173696043296,0.872337125381406,0.6888026740081435,0.8739853858461695,584,0.6410580922461695,0.7935109364169964,0.6421903766078955,0.7947131362715657,0.6161709487152378,0.7626872448676484,0.877261565809869
c_1016,200,1970-01-04 01:45:00,0.4990966786006019,1.5755286741629417,0.4972264045348931,1.575040231962965,200,0.4990966786006019,1.5755286741629417,0.4972264045348931,1.575040231962965,0.3478017208669357,0.5139317804109284,0.4972264045348931
c_1016,296,1970-01-05 01:45:00,0.5155873151286451,0.7436304109633961,0.5179059924844333,0.742102327671829,296,0.5073419968646236,1.159579542563169,0.5075661985096631,1.158571279817397,0.3478017208669357,0.5139317804109284,0.4972264045348931
c_1016,392,1970-01-06 01:45:00,0.4026326011576907,0.5012513815646384,0.4052563052328673,0.5027864997496212,392,0.4724388649623126,0.9401368222303255,0.4734629007507312,0.9399763531281384,0.3478017208669357,0.5139317804109284,0.4972264045348931
c_1016,488,1970-01-07 01:45:00,0.38449230751164776,0.5946790418761003,0.3870765384621894,0.5955472596627636,488,0.4342374079326612,0.6131869448013783,0.4367462787264967,0.6134786956947379,0.3478017208669357,0.5139317804109284,0.4972264045348931
c_1016,584,1970-01-08 01:45:00,0.36937487059664,0.5272997928821499,0.3730591724653313,0.5289023190616317,584,0.38549992642199277,0.5410767387742962,0.38846400538679604,0.5424120261580055,0.3478017208669357,0.5139317804109284,0.4972264045348931
c_10306,200,1970-01-04 01:45:00,0.3590433344041812,0.49149887517842833,0.3592377284140346,0.4913741030193571,200,0.3590433344041812,0.49149887517842833,0.3592377284140346,0.4913741030193571,0.3498958781742383,0.4010295572516438,0.3592377284140346
c_10306,296,1970-01-05 01:45:00,0.34448434207071177,0.39647376556206176,0.3440870292177612,0.3954767525267373,296,0.3517638382374465,0.44398632037024505,0.3516623788158979,0.44342542777304716,0.3498958781742383,0.4010295572516438,0.3592377284140346
c_10306,392,1970-01-06 01:45:00,0.3314268564717025,0.37523839086713073,0.3356821901476208,0.37957951179028626,392,0.34498484431553184,0.42107034386920694,0.34633564925980553,0.42214345577879353,0.3498958781742383,0.4010295572516438,0.3592377284140346
c_10306,488,1970-01-07 01:45:00,0.32979698961648984,0.38431817059498735,0.32927071595552854,0.38270901703166466,488,0.3352360627196347,0.3853434423413933,0.33634664510697015,0.3859217604495628,0.3498958781742383,0.4010295572516438,0.3592377284140346
c_10306,584,1970-01-08 01:45:00,0.339268954522195,0.3989803559975798,0.3344782087521326,0.39449463508176197,584,0.3334976002034624,0.3861789724865659,0.33314370495176066,0.3855943879679043,0.3498958781742383,0.4010295572516438,0.3592377284140346
c_10312,200,1970-01-04 01:45:00,0.7763137195921453,0.9700534720293836,0.7890058575326734,0.9771150919194153,200,0.7763137195921453,0.9700534720293836,0.7890058575326734,0.9771150919194153,0.3192895326828834,0.4103126315689475,0.7890058575326734
c_10312,296,1970-01-05 01:45:00,0.7565274298647843,2.489667638349888,0.7514781423987508,2.493314972687694,296,0.7664205747284648,1.7298605551896358,0.7702419999657121,1.7352150323035547,0.3192895326828834,0.4103126315689475,0.7890058575326734
c_10312,392,1970-01-06 01:45:00,0.5625553220373049,0.6853501707235815,0.564700768696282,0.6789956752519722,392,0.6984654904980782,1.3816904270342842,0.7017282562092354,1.3831419132863605,0.3192895326828834,0.4103126315689475,0.7890058575326734
c_10312,488,1970-01-07 01:45:00,0.555067655370271,0.7398984471895645,0.5357043775538598,0.7195137587670624,488,0.62471680242412,1.3049720854210112,0.6172944295496309,1.2972748022355762,0.3192895326828834,0.4103126315689475,0.7890058575326734
c_10312,584,1970-01-08 01:45:00,0.38055552609650106,0.5343245858492995,0.3685486025060006,0.5198924982916203,584,0.49939283450135896,0.6531910679208152,0.4896512495853808,0.6394673107702183,0.3192895326828834,0.4103126315689475,0.7890058575326734
c_10382,200,1970-01-04 01:45:00,0.6335661808289922,1.0350500004013914,0.6340556530112117,1.035897661276002,200,0.6335661808289922,1.0350500004013914,0.6340556530112117,1.035897661276002,0.5509489858687353,0.7926803926062403,0.6340556530112117
c_10382,296,1970-01-05 01:45:00,0.6304832241619106,0.8138600642744164,0.628969096410604,0.8138163386972053,296,0.6320247024954514,0.9244550323379039,0.6315123747109078,0.9248569999866036,0.5509489858687353,0.7926803926062403,0.6340556530112117
c_10382,392,1970-01-06 01:45:00,0.5404467682192632,0.7322367447786381,0.5422164893085962,0.7380234875163059,392,0.6014987244033887,0.8603822698181487,0.601747079576804,0.8625791624965045,0.5509489858687353,0.7926803926062403,0.6340556530112117
c_10382,488,1970-01-07 01:45:00,0.5383344721175578,0.9310644597416142,0.5387718713776937,0.9312218705395499,488,0.5697548214995772,0.8257204229315563,0.569985819032298,0.8276872322510203,0.5509489858687353,0.7926803926062403,0.6340556530112117
c_10382,584,1970-01-08 01:45:00,0.5225427570298377,0.6247313132529725,0.5230972324203309,0.6245098307184906,584,0.5337746657888862,0.7626775059244082,0.5346951977022069,0.7645850629247821,0.5509489858687353,0.7926803926062403,0.6340556530112117
c_10393,200,1970-01-04 01:45:00,2.527639461168679,2.9358305765252912,2.5359712149784457,2.945461059584344,200,2.527639461168679,2.9358305765252912,2.5359712149784457,2.945461059584344,1.1531114679365286,1.4936879473947569,2.5359712149784457
c_10393,296,1970-01-05 01:45:00,1.4201110308780993,1.67743141746664,1.425554514804908,1.6873090030534066,296,1.9738752460233893,2.3066309969959655,1.9807628648916769,2.3163850313188754,1.1531114679365286,1.4936879473947569,2.5359712149784457
c_10393,392,1970-01-06 01:45:00,1.3278453617663908,1.8682773300220792,1.3397174783841146,1.8752818945486192,392,1.7585319512710562,2.16051310800467,1.767081069389156,2.1693506523954564,1.1531114679365286,1.4936879473947569,2.5359712149784457
c_10393,488,1970-01-07 01:45:00,1.4305190989349283,1.773396483864407,1.4294088195705115,1.7690389417855807,488,1.3928251638598061,1.7730350771177088,1.3982269375865115,1.7772099464625353,1.1531114679365286,1.4936879473947569,2.5359712149784457
c_10393,584,1970-01-08 01:45:00,1.212713282625167,1.618410025655327,1.2181641930340208,1.6173766459497503,584,1.3236925811088287,1.7533612798472709,1.329096830329549,1.7538991607613168,1.1531114679365286,1.4936879473947569,2.5359712149784457
c_10641,200,1970-01-04 02:00:00,1.341796187116776,1.7664745149553553,1.3483578848936881,1.7799768990989089,200,1.341796187116776,1.7664745149553553,1.3483578848936881,1.7799768990989089,0.5863754414484974,0.7703941902754676,1.3483578848936881
c_10641,296,1970-01-05 02:00:00,0.43436843891768256,0.5930096057472536,0.45559245537709786,0.6136491662435155,296,0.8880823130172293,1.1797420603513045,0.901975170135393,1.196813032671212,0.5863754414484974,0.7703941902754676,1.3483578848936881
c_10641,392,1970-01-06 02:00:00,0.711675297754249,1.1756822026774743,0.707687692601661,1.1768704206053777,392,0.8292799745962359,1.1783887744600277,0.837212677624149,1.1901654953159342,0.5863754414484974,0.7703941902754676,1.3483578848936881
c_10641,488,1970-01-07 02:00:00,0.6483356676373865,0.9708701926097497,0.6390823051028014,0.9625415058241359,488,0.5981264681031061,0.9131873336781592,0.6007874843605201,0.9176870308910097,0.5863754414484974,0.7703941902754676,1.3483578848936881
c_10641,584,1970-01-08 02:00:00,0.5713857002925656,0.7309205439634104,0.5772347800866462,0.7402509276348852,584,0.6437988885614004,0.9591576464168782,0.6413349259303696,0.9598876180214663,0.5863754414484974,0.7703941902754676,1.3483578848936881
c_10695,200,1970-01-04 01:45:00,0.5825085385103863,0.8933316216153685,0.5828735262123385,0.8930980168880965,200,0.5825085385103863,0.8933316216153685,0.5828735262123385,0.8930980168880965,0.63970343114487,0.8904394867651344,0.5828735262123385
c_10695,296,1970-01-05 01:45:00,0.5496120497586309,0.7915747353586355,0.5495968947374744,0.7915467875444393,296,0.5660602941345085,0.842453178487002,0.5662352104749064,0.8423224022162679,0.63970343114487,0.8904394867651344,0.5828735262123385
c_10695,392,1970-01-06 01:45:00,0.5467763716529938,0.6965637129122011,0.5454034991078701,0.6962212405059489,392,0.5596323199740036,0.793823356628735,0.5592913066858943,0.7936220149794949,0.63970343114487,0.8904394867651344,0.5828735262123385
c_10695,488,1970-01-07 01:45:00,0.4879453198132298,0.6158916135803751,0.48786047153768247,0.6188466958585223,488,0.5281112470749515,0.701343353950404,0.5276202884610091,0.7022049079696369,0.63970343114487,0.8904394867651344,0.5828735262123385
c_10695,584,1970-01-08 01:45:00,0.6453717903067933,0.8936966251591654,0.6392366720748974,0.8851713531428059,584,0.5600311605910057,0.7353839838839139,0.5575002142401501,0.7334130965024257,0.63970343114487,0.8904394867651344,0.5828735262123385
c_10733,200,1970-01-04 01:45:00,1.6568673295883969,2.0967452691459743,1.6634603492867541,2.105068901012822,200,1.6568673295883969,2.0967452691459743,1.6634603492867541,2.105068901012822,1.7676144136357277,2.231522023365973,1.6634603492867541
c_10733,296,1970-01-05 01:45:00,1.814642303548751,2.2353423893238715,1.8197825672948635,2.237764290770722,296,1.7357548165685739,2.1660438292349227,1.7416214582908087,2.171416595891772,1.7676144136357277,2.231522023365973,1.6634603492867541
c_10733,392,1970-01-06 01:45:00,1.4211879784159966,1.89545255262324,1.428310147655779,1.9003519372192759,392,1.6308992038510481,2.0758467370310285,1.6371843547457987,2.0810617096676065,1.7676144136357277,2.231522023365973,1.6634603492867541
c_10733,488,1970-01-07 01:45:00,2.5205790696608044,3.241270046695793,2.482825348631683,3.2129217530985676,488,1.9188031172085174,2.4573549962143013,1.9103060211941087,2.4503459936961884,1.7676144136357277,2.231522023365973,1.6634603492867541
c_10733,584,1970-01-08 01:45:00,1.6371927115908813,2.1919126291921422,1.6591756782282114,2.2044473329302114,584,1.859653253222561,2.442878409503725,1.8567703915052247,2.439240341082685,1.7676144136357277,2.231522023365973,1.6634603492867541
c_10878,200,1970-01-04 01:45:00,0.4165453033860959,0.6247424780409722,0.4161406541533051,0.6244737699993356,200,0.4165453033860959,0.6247424780409722,0.4161406541533051,0.6244737699993356,0.4118594789730776,0.5572886780074063,0.4161406541533051
c_10878,296,1970-01-05 01:45:00,0.332571632286108,0.5004717811695318,0.33700568299240113,0.5022317132924308,296,0.3745584678361019,0.5626071296052519,0.3765731685728531,0.5633527416458832,0.4118594789730776,0.5572886780074063,0.4161406541533051
c_10878,392,1970-01-06 01:45:00,0.40479322449780014,0.6502783692547152,0.4083919954852693,0.6509633006511556,392,0.38463672005666805,0.5918308761550731,0.38717944421032513,0.5925562613143073,0.4118594789730776,0.5572886780074063,0.4161406541533051
c_10878,488,1970-01-07 01:45:00,0.4628072051666763,0.6149207554685403,0.4557195341405298,0.6137111164733963,488,0.40005735398352815,0.5885569686309292,0.4003724042060668,0.5889687101389942,0.4118594789730776,0.5572886780074063,0.4161406541533051
c_10878,584,1970-01-08 01:45:00,0.37428987109780804,0.4774788834987258,0.3761287276654337,0.47668659371280364,584,0.4139634335874282,0.5808926694073272,0.4134134190970776,0.5804536702791184,0.4118594789730776,0.5572886780074063,0.4161406541533051
c_10898,200,1970-01-04 01:45:00,0.5425401374037193,0.6710766618353606,0.5505146950154731,0.6747537040212662,200,0.5425401374037193,0.6710766618353606,0.5505146950154731,0.6747537040212662,0.5882831983095519,0.7765384401543982,0.5505146950154731
c_10898,296,1970-01-05 01:45:00,0.48969252322211715,0.6732634283902527,0.49872122873020963,0.6788280797232825,296,0.5161163303129183,0.6721700451128066,0.5246179618728414,0.6767908918722744,0.5882831983095519,0.7765384401543982,0.5505146950154731
c_10898,392,1970-01-06 01:45:00,0.5318660003928618,0.6528537751307175,0.5326710756294796,0.6510406447711345,392,0.521366220339566,0.6657312884521103,0.527302333125054,0.6682074761718945,0.5882831983095519,0.7765384401543982,0.5505146950154731
c_10898,488,1970-01-07 01:45:00,0.48335093202662643,0.5718773220880385,0.48317109956123455,0.5699779455460241,488,0.5016364852138685,0.6326648418696696,0.5048544679736412,0.6332822233468137,0.5882831983095519,0.7765384401543982,0.5505146950154731
c_10898,584,1970-01-08 01:45:00,0.5534042030689688,0.7139232818656907,0.5550141460576623,0.7156246200920167,584,0.5228737118294856,0.6462181263614822,0.5236187737494588,0.6455477368030584,0.5882831983095519,0.7765384401543982,0.5505146950154731
c_11013,200,1970-01-04 01:45:00,4.590037894827266,5.587536471614344,4.623297570272803,5.572566969793535,200,4.590037894827266,5.587536471614344,4.623297570272803,5.572566969793535,2.733269214823506,4.04162076383406,4.623297570272803
c_11013,296,1970-01-05 01:45:00,2.885818158626043,3.9384489040544612,2.9112971628862865,3.9539931225447504,296,3.737928026726655,4.762992687834402,3.7672973665795446,4.763280046169143,2.733269214823506,4.04162076383406,4.623297570272803
c_11013,392,1970-01-06 01:45:00,2.6037191924056846,3.2285545967801714,2.66718769250876,3.2918691466554915,392,3.359858415286331,4.251513324149659,3.400594141889283,4.2728097463312595,2.733269214823506,4.04162076383406,4.623297570272803
c_11013,488,1970-01-07 01:45:00,2.5822206761089768,3.307071730465802,2.631464637362699,3.3256095467018048,488,2.6905860090469016,3.4913584104334787,2.7366498309192484,3.5238239386340156,2.733269214823506,4.04162076383406,4.623297570272803
c_11013,584,1970-01-08 01:45:00,4.0429864282263495,5.329362328750176,4.035235289455702,5.307571736107672,584,3.0763087655803374,3.9549962186653835,3.1112958731090536,3.9750168098216565,2.733269214823506,4.04162076383406,4.623297570272803
c_11087,200,1970-01-04 01:45:00,10.646564509430501,19.099813735122716,10.685642618943026,19.082752108231528,200,10.646564509430501,19.099813735122716,10.685642618943026,19.082752108231528,6.341315955758329,12.143608317798146,10.685642618943026
c_11087,296,1970-01-05 01:45:00,6.972888316687341,16.837839163761853,6.928498591758305,16.866904503535736,296,8.809726413058922,17.968826449442282,8.807070605350665,17.974828305883634,6.341315955758329,12.143608317798146,10.685642618943026
c_11087,392,1970-01-06 01:45:00,9.219533791372761,16.932900053480264,9.247070710537429,16.950608509018682,392,8.946328872496869,17.623517650788276,8.953737307079587,17.633421706928647,6.341315955758329,12.143608317798146,10.685642618943026
c_11087,488,1970-01-07 01:45:00,8.324842921486878,13.513886084002877,8.291505323975274,13.468900774629999,488,8.172421676515661,15.761541767081665,8.155691542090336,15.762137929061472,6.341315955758329,12.143608317798146,10.685642618943026
c_11087,584,1970-01-08 01:45:00,5.658124565168492,8.751314237614173,5.705854924818499,8.775459726067123,584,7.734167092676043,13.066033458365771,7.7481436531104,13.064989669905268,6.341315955758329,12.143608317798146,10.685642618943026
c_11203,200,1970-01-04 01:45:00,3.314740621039513,3.5966500245302306,3.32235459475737,3.5967658785413423,200,3.314740621039513,3.5966500245302306,3.32235459475737,3.5967658785413423,1.4382352439657524,2.327395812928256,3.32235459475737
c_11203,296,1970-01-05 01:45:00,1.4793214671187107,1.691152203015289,1.496727718840103,1.7048243252758357,296,2.397031044079112,2.6439011137727597,2.4095411567987366,2.650795101908589,1.4382352439657524,2.327395812928256,3.32235459475737
c_11203,392,1970-01-06 01:45:00,1.055890494305677,1.3988083863963678,1.0930662236774948,1.4336114683191894,392,1.9499841941546336,2.2288702046472957,1.9707161790916559,2.245067224045456,1.4382352439657524,2.327395812928256,3.32235459475737
c_11203,488,1970-01-07 01:45:00,1.4089142801552288,1.642836706659968,1.400732476054139,1.627808805048516,488,1.3147087471932055,1.5775990986905415,1.3301754728572457,1.5887481995478472,1.4382352439657524,2.327395812928256,3.32235459475737
c_11203,584,1970-01-08 01:45:00,1.1440290326849893,1.611561319845608,1.1359816310657382,1.600105991585504,584,1.2029446023819652,1.5510688043006482,1.2099267769324573,1.5538420883177364,1.4382352439657524,2.327395812928256,3.32235459475737
c_11307,200,1970-01-04 01:45:00,1.5237719580935207,1.9456719070218944,1.5258909309187594,1.9467001603791685,200,1.5237719580935207,1.9456719070218944,1.5258909309187594,1.9467001603791685,2.599772794136848,4.427834255988572,1.5258909309187594
c_11307,296,1970-01-05 01:45:00,1.8495724280177255,2.3378181593421483,1.7503985387454797,2.262975187270192,296,1.6866721930556232,2.1417450331820214,1.6381447348321196,2.1048376738246803,2.599772794136848,4.427834255988572,1.5258909309187594
c_11307,392,1970-01-06 01:45:00,1.4355003017820944,1.96248419597491,1.4289463111657426,1.952974350308602,392,1.6029482292977804,2.081991420779651,1.5684119269433274,2.0542165659859877,2.599772794136848,4.427834255988572,1.5258909309187594
c_11307,488,1970-01-07 01:45:00,1.7469898629360572,2.6054195030752685,1.7354203015718979,2.5888728189896457,488,1.6773541975786257,2.3019072861307754,1.6382550504943734,2.2682741188561466,2.599772794136848,4.427834255988572,1.5258909309187594
c_11307,584,1970-01-08 01:45:00,2.4639359899750057,4.295647583774947,2.4553509751640346,4.2901675057970206,584,1.8821420515643856,2.9545170942750416,1.8732391959672248,2.944004891698423,2.599772794136848,4.427834255988572,1.5258909309187594
c_11327,200,1970-01-04 02:30:00,0.6621117329820304,0.8860556724807148,0.6647469419283992,0.887597063379104,200,0.6621117329820304,0.8860556724807148,0.6647469419283992,0.887597063379104,0.6761880078960535,0.8348698183787383,0.6647469419283992
c_11327,296,1970-01-05 02:30:00,0.8827305870807307,1.0250325251567585,0.8629567918631422,0.9953323623597925,296,0.7724211600313806,0.9555440988187367,0.7638518668957708,0.9414647128694482,0.6761880078960535,0.8348698183787383,0.6647469419283992
c_11327,392,1970-01-06 02:30:00,0.6069240248478852,0.8172036009476824,0.6025018797516143,0.8138236007105327,392,0.7172554483035487,0.9094305995283852,0.7100685378477186,0.8989176754831432,0.6761880078960535,0.8348698183787383,0.6647469419283992
c_11327,488,1970-01-07 02:30:00,0.7179110177468632,1.0024810608401162,0.7121773851434163,1.0077601907940381,488,0.7358552098918264,0.9482390623148523,0.7258786855860576,0.938972051288121,0.6761880078960535,0.8348698183787383,0.6647469419283992
c_11327,584,1970-01-08 02:30:00,0.6415472589540275,0.7851088211905467,0.6448664643889462,0.7883309611892778,584,0.6554607671829252,0.8682644943261151,0.6531819097613255,0.869971584231283,0.6761880078960535,0.8348698183787383,0.6647469419283992
c_11461,200,1970-01-04 03:15:00,1.9561830711739088,2.4646038410323814,1.9625900293674288,2.453066261555307,200,1.9561830711739088,2.4646038410323814,1.9625900293674288,2.453066261555307,1.4544164221832905,2.0343420952109654,1.9625900293674288
c_11461,296,1970-01-05 03:15:00,1.9560580008247375,2.546464293882366,1.952365292549529,2.548098872476483,296,1.956120535999323,2.505534067457374,1.957477660958479,2.500582567015895,1.4544164221832905,2.0343420952109654,1.9625900293674288
c_11461,392,1970-01-06 03:15:00,1.4904368372954098,1.8915426981994783,1.491015007223006,1.8990882790847061,392,1.800892636431352,2.300870277704742,1.801990109713321,2.300084471038832,1.4544164221832905,2.0343420952109654,1.9625900293674288
c_11461,488,1970-01-07 03:15:00,2.0555480408371767,2.8558586874727863,2.0326207192513883,2.834850919338883,488,1.8340142929857748,2.4312885598515432,1.8253336730079743,2.4273460236333575,1.4544164221832905,2.0343420952109654,1.9625900293674288
c_11461,584,1970-01-08 03:15:00,1.6670860935592338,2.1024589468580728,1.6773310896801152,2.122631888669323,584,1.7376903238972734,2.283286777510112,1.7336556053848364,2.2855236956976377,1.4544164221832905,2.0343420952109654,1.9625900293674288
c_11735,200,1970-01-04 02:00:00,0.5688328034165536,0.7130687439468305,0.5790095566118652,0.7204047582593611,200,0.5688328034165536,0.7130687439468305,0.5790095566118652,0.7204047582593611,2.081541006767186,4.383919986397988,0.5790095566118652
c_11735,296,1970-01-05 02:00:00,0.5946467076570158,0.711092525072115,0.61498670589666,0.7330026822873369,296,0.5817397555367847,0.7120806345094728,0.5969981312542626,0.7267037202733491,2.081541006767186,4.383919986397988,0.5790095566118652
c_11735,392,1970-01-06 02:00:00,1.1744099507741137,3.9690566147877826,1.1982948015085093,3.9788105302105325,392,0.7792964872825611,1.7977392946022428,0.7974303546723448,1.8107393235857436,2.081541006767186,4.383919986397988,0.5790095566118652
c_11735,488,1970-01-07 02:00:00,0.8369748140073631,1.1208021389289025,0.8025160496254782,1.0897863488388615,488,0.8686771574794975,1.9336504262629335,0.8719325190102158,1.9338665204455772,2.081541006767186,4.383919986397988,0.5790095566118652
c_11735,584,1970-01-08 02:00:00,1.564053518309666,3.257589613594669,1.5889081672683287,3.2777071102013897,584,1.1918127610303808,2.782482789103785,1.1965730061341056,2.7821013297502613,2.081541006767186,4.383919986397988,0.5790095566118652
c_11752,200,1970-01-04 02:30:00,0.6473794776251148,0.7400825091763946,0.6462726277329617,0.7384945257736418,200,0.6473794776251148,0.7400825091763946,0.6462726277329617,0.7384945257736418,0.4919711095589451,0.6081134757258618,0.6462726277329617
c_11752,296,1970-01-05 02:30:00,0.5439214018296515,0.6247211912231723,0.5432631429914702,0.6261899915385628,296,0.5956504397273832,0.6824018501997835,0.5947678853622159,0.6823422586561023,0.4919711095589451,0.6081134757258618,0.6462726277329617
c_11752,392,1970-01-06 02:30:00,0.525540971888457,0.6922723873888009,0.5265857388188958,0.6923473494797527,392,0.5722806171144078,0.6856920292627894,0.5720405031811092,0.6856772889306525,0.4919711095589451,0.6081134757258618,0.6462726277329617
c_11752,488,1970-01-07 02:30:00,0.4863813660203644,0.5848031104654516,0.4823217960641742,0.5818177999864547,488,0.5186145799128243,0.633932229692475,0.5173902259581801,0.6334517136682568,0.4919711095589451,0.6081134757258618,0.6462726277329617
c_11752,584,1970-01-08 02:30:00,0.4784527821665643,0.5991754906209925,0.47867868485003173,0.595901221833371,584,0.4967917066917953,0.625416996158415,0.49586207324436726,0.6233554570998595,0.4919711095589451,0.6081134757258618,0.6462726277329617
c_1181,200,1970-01-04 03:00:00,5.769451744953852,8.031768603248238,5.787278828370784,8.037371326645324,200,5.769451744953852,8.031768603248238,5.787278828370784,8.037371326645324,5.491862429044893,8.96833995329392,5.787278828370784
c_1181,296,1970-01-05 03:00:00,7.011180675901893,11.277406097560897,7.046461461749369,11.288982022640239,296,6.390316210427873,9.654587350404569,6.416870145060077,9.66317667464278,5.491862429044893,8.96833995329392,5.787278828370784
c_1181,392,1970-01-06 03:00:00,7.302759420738055,9.034693297589815,7.340006574870632,9.04968657871556,392,6.694463947197934,9.447955999466316,6.724582288330262,9.458679976000374,5.491862429044893,8.96833995329392,5.787278828370784
c_1181,488,1970-01-07 03:00:00,5.853847403630113,8.419750109299116,5.875615159758152,8.422846811638724,488,6.722595833423354,9.577283168149942,6.754027732126051,9.587171804331508,5.491862429044893,8.96833995329392,5.787278828370784
c_1181,584,1970-01-08 03:00:00,4.804465856931869,7.413263777747137,4.807773812425466,7.413216168709424,584,5.9870242271000125,8.289235728212022,6.00779851568475,8.295249853021238,5.491862429044893,8.96833995329392,5.787278828370784
c_1186,200,1970-01-04 01:45:00,0.6640861693328844,0.8157215810152322,0.65963169355089,0.8135774610934388,200,0.6640861693328844,0.8157215810152322,0.65963169355089,0.8135774610934388,0.9899183458354428,1.17486422950655,0.65963169355089
c_1186,296,1970-01-05 01:45:00,0.8410385145567617,1.0093988069631856,0.8604607345364528,1.0280225910807141,296,0.7525623419448231,0.912560193989209,0.7600462140436715,0.9208000260870765,0.9899183458354428,1.17486422950655,0.65963169355089
c_1186,392,1970-01-06 01:45:00,0.8322249415535495,1.0447496572598987,0.8540832559775934,1.0699409029845512,392,0.7791165418143985,0.9566233484127723,0.7913918946883122,0.970513651719568,0.9899183458354428,1.17486422950655,0.65963169355089
c_1186,488,1970-01-07 01:45:00,2.057269259316621,2.2686365197874596,2.040910850338008,2.235181449669912,488,1.2435109051423108,1.4409283280035146,1.2518182802840179,1.4443816479117257,0.9899183458354428,1.17486422950655,0.65963169355089
c_1186,584,1970-01-08 01:45:00,1.217562454957483,1.374313668977183,1.2199365944845746,1.3695969090978553,584,1.3690188852758844,1.5625666153415139,1.3716435669333917,1.5582397539174393,0.9899183458354428,1.17486422950655,0.65963169355089
c_11996,200,1970-01-04 02:00:00,3.3136316464206197,3.694130704121315,3.3115993477676464,3.677876116705586,200,3.3136316464206197,3.694130704121315,3.3115993477676464,3.677876116705586,1.3379557047956772,1.6551429506370745,3.3115993477676464
c_11996,296,1970-01-05 02:00:00,2.473265326659076,3.1193131519928428,2.478927338745603,3.1073892240352547,296,2.8934484865398478,3.406721928057079,2.895263343256625,3.3926326703704204,1.3379557047956772,1.6551429506370745,3.3115993477676464
c_11996,392,1970-01-06 02:00:00,1.1451854784570057,1.47843523908108,1.1607005756595377,1.4944527953040223,392,2.3106941505122336,2.7639596983984127,2.3170757540575955,2.7599060453482878,1.3379557047956772,1.6551429506370745,3.3115993477676464
c_11996,488,1970-01-07 02:00:00,1.5050867981367269,2.003092540778929,1.4955922497500194,1.9928796707716077,488,1.707845867750936,2.2002803106176168,1.7117400547183867,2.198240563370295,1.3379557047956772,1.6551429506370745,3.3115993477676464
c_11996,584,1970-01-08 02:00:00,1.3468518474410545,1.5613511478540674,1.357058064384927,1.568273234370072,584,1.3323747080115957,1.6809596425713587,1.3377836299314947,1.6852019001485674,1.3379557047956772,1.6551429506370745,3.3115993477676464
c_12060,200,1970-01-04 01:45:00,0.22406797877571097,0.28476928667692475,0.222502568606857,0.2857147612901568,200,0.22406797877571097,0.28476928667692475,0.222502568606857,0.2857147612901568,0.1393219184435442,0.2378292161176445,0.222502568606857
c_12060,296,1970-01-05 01:45:00,0.18901520914043582,0.23232384096773517,0.18847329006326163,0.23112926035761816,296,0.2065415939580734,0.25854656382233,0.20548792933505933,0.2584220108238875,0.1393219184435442,0.2378292161176445,0.222502568606857
c_12060,392,1970-01-06 01:45:00,0.1309543730634557,0.22798701148661504,0.12868340711312273,0.2279777172626921,392,0.18134585365986747,0.24836004637709164,0.1798864219277471,0.2482739129701557,0.1393219184435442,0.2378292161176445,0.222502568606857
c_12060,488,1970-01-07 01:45:00,0.1298598898800802,0.23064307882633256,0.1320041208810447,0.23153388209957718,488,0.1499431573613239,0.23031797709356092,0.14972027268580967,0.23021361990662914,0.1393219184435442,0.2378292161176445,0.222502568606857
c_12060,584,1970-01-08 01:45:00,0.14698546952739489,0.2506590785291613,0.15103140733055687,0.2515853932045769,584,0.13593324415697694,0.23642972294736964,0.1372396451082414,0.2370323308556154,0.1393219184435442,0.2378292161176445,0.222502568606857
c_12158,200,1970-01-04 02:45:00,2.001566247638427,2.5953542978338127,2.0167420286394893,2.613938333949808,200,2.001566247638427,2.5953542978338127,2.0167420286394893,2.613938333949808,1.9106663974913136,2.30898771468804,2.0167420286394893
c_12158,296,1970-01-05 02:45:00,1.7506398387792228,2.3494629129638493,1.739884693923741,2.3408312246201217,296,1.876103043208825,2.4724086053988312,1.8783133612816152,2.477384779284965,1.9106663974913136,2.30898771468804,2.0167420286394893
c_12158,392,1970-01-06 02:45:00,2.8079795413027373,3.2814130561893,2.800231426529175,3.2770609320208988,392,2.1867285425734626,2.7420767556623207,2.1856193830308017,2.7439434968636096,1.9106663974913136,2.30898771468804,2.0167420286394893
c_12158,488,1970-01-07 02:45:00,2.9879056695401314,3.692889590181795,2.958320813107795,3.6614059120453866,488,2.5155083498740307,3.107921853111648,2.4994789778535704,3.093099356228803,1.9106663974913136,2.30898771468804,2.0167420286394893
c_12158,584,1970-01-08 02:45:00,1.9185145553829293,2.5259323692106976,1.923335203974303,2.532937620490154,584,2.5714665887419326,3.1667450051939308,2.5606291478704244,3.157134821518813,1.9106663974913136,2.30898771468804,2.0167420286394893
c_12164,200,1970-01-04 01:45:00,0.6791297497011689,0.8122964779827953,0.6735515277887677,0.8109410197280457,200,0.6791297497011689,0.8122964779827953,0.6735515277887677,0.8109410197280457,0.7588075810014022,0.9877322833694504,0.6735515277887677
c_12164,296,1970-01-05 01:45:00,0.9458884453675638,1.1594943856063886,0.9400388879852688,1.1528811858314065,296,0.8125090975343663,0.9858954317945919,0.8067952078870182,0.981911102779726,0.7588075810014022,0.9877322833694504,0.6735515277887677
c_12164,392,1970-01-06 01:45:00,0.650412253689188,0.8392406812335205,0.654004883159592,0.8414659926995237,392,0.7584768162526402,0.9370105149409014,0.7558650996445428,0.9350960660863253,0.7588075810014022,0.9877322833694504,0.6735515277887677
c_12164,488,1970-01-07 01:45:00,0.7323146684434456,1.4150360751540312,0.7333007237425542,1.414029416747889,488,0.7762051225000658,1.13792371399798,0.775781498295805,1.1361255317596064,0.7588075810014022,0.9877322833694504,0.6735515277887677
c_12164,584,1970-01-08 01:45:00,0.6744043757238574,0.8769625345041736,0.6737402414165669,0.8765146151741919,584,0.6857104326188304,1.0437464302972417,0.6870152827729044,1.0440033415405348,0.7588075810014022,0.9877322833694504,0.6735515277887677
c_12174,200,1970-01-04 01:45:00,0.5791858452821299,0.7671337329899612,0.5838757200245314,0.7718204580156635,200,0.5791858452821299,0.7671337329899612,0.5838757200245314,0.7718204580156635,0.5749557041623001,0.7553018590539455,0.5838757200245314
c_12174,296,1970-01-05 01:45:00,0.5674583848456881,0.8027973298764962,0.5685273504005626,0.8033774331888967,296,0.573322115063909,0.7849655314332287,0.5762015352125469,0.78759894560228,0.5749557041623001,0.7553018590539455,0.5838757200245314
c_12174,392,1970-01-06 01:45:00,0.5202696901700905,0.6789168926367769,0.5205750934379448,0.6791943984516324,392,0.5556379734326362,0.7496159851677447,0.5576593879543462,0.7514640965520641,0.5749557041623001,0.7553018590539455,0.5838757200245314
c_12174,488,1970-01-07 01:45:00,0.5204822415152249,0.6642872212602143,0.5178458655515689,0.6608355426468707,488,0.5360701055103345,0.7153338145911624,0.5356494364633587,0.7144691247624665,0.5749557041623001,0.7553018590539455,0.5838757200245314
c_12174,584,1970-01-08 01:45:00,0.5447854274838921,0.7377788314753404,0.5475621525944991,0.7381045539163045,584,0.5285124530564025,0.6936609817907772,0.528661037194671,0.6927114983382693,0.5749557041623001,0.7553018590539455,0.5838757200245314
c_12189,200,1970-01-04 01:45:00,0.5279939718184857,0.6314837242506289,0.5245455881132994,0.6285139424431253,200,0.5279939718184857,0.6314837242506289,0.5245455881132994,0.6285139424431253,0.4024761780560019,0.5173666973243207,0.5245455881132994
c_12189,296,1970-01-05 01:45:00,0.6048837167813013,1.5396514337526865,0.6114618913058975,1.543710168964726,296,0.5664388442998936,1.0855675790016577,0.5680037397095985,1.0861120557039257,0.4024761780560019,0.5173666973243207,0.5245455881132994
c_12189,392,1970-01-06 01:45:00,0.4697121574736387,0.6058616293225234,0.4738134274787707,0.6086757161495012,392,0.5341966153578085,0.9256655957752796,0.5366069689659893,0.9269666091857841,0.4024761780560019,0.5173666973243207,0.5245455881132994
c_12189,488,1970-01-07 01:45:00,0.5853561744731569,0.7726179804899078,0.5828234814788192,0.7684234818100936,488,0.5533173495760323,0.9727103478550392,0.5560329334211624,0.9736031223081069,0.4024761780560019,0.5173666973243207,0.5245455881132994
c_12189,584,1970-01-08 01:45:00,0.42869525818131865,0.569749219207598,0.4291834679210907,0.5686303916347877,584,0.4945878633760381,0.6494096096733432,0.49527345895956015,0.6485765298647941,0.4024761780560019,0.5173666973243207,0.5245455881132994
c_12193,200,1970-01-04 02:45:00,0.44080960686485265,0.5838934385565246,0.4411275709909072,0.5843628813324135,200,0.44080960686485265,0.5838934385565246,0.4411275709909072,0.5843628813324135,0.316933921865914,0.4207564636224599,0.4411275709909072
c_12193,296,1970-01-05 02:45:00,0.333388056202148,0.46119737961668505,0.3352008138875164,0.4616451953281229,296,0.38709883153350033,0.5225454090866049,0.3881641924392118,0.5230040383302682,0.316933921865914,0.4207564636224599,0.4411275709909072
c_12193,392,1970-01-06 02:45:00,0.3389624678414491,0.495141418626386,0.3407308628487747,0.49699523166930837,392,0.37105337696948326,0.5134107455998652,0.3723530825757328,0.5143344361099483,0.316933921865914,0.4207564636224599,0.4411275709909072
c_12193,488,1970-01-07 02:45:00,0.34153379492496033,0.49361122964989496,0.34101871337029155,0.4904209929558417,488,0.33796143965618586,0.483316675964322,0.33898346336886087,0.48302047331775766,0.316933921865914,0.4207564636224599,0.4411275709909072
c_12193,584,1970-01-08 02:45:00,0.31694639138850594,0.417020035188002,0.3181067866690758,0.41710954698863956,584,0.3324808847183051,0.4685908944880943,0.33328545429604733,0.4681752572045966,0.316933921865914,0.4207564636224599,0.4411275709909072
c_12231,200,1970-01-04 01:45:00,0.3095651593207179,0.3895272337207955,0.3117036860340561,0.3878002464150238,200,0.3095651593207179,0.3895272337207955,0.3117036860340561,0.3878002464150238,7.85918750959097,8.6255976350485,0.3117036860340561
c_12231,296,1970-01-05 01:45:00,0.2248039343820015,0.32981848690236704,0.22382241354791146,0.3323090054392803,296,0.26718454685135967,0.3596728603115813,0.2677630497909838,0.3600546259271521,7.85918750959097,8.6255976350485,0.3117036860340561
c_12231,392,1970-01-06 01:45:00,2.7649798961334575,3.35873947204664,2.7668731948294187,3.36006249005517,392,1.099782996612059,1.3593617308899342,1.1007997648037955,1.360057247303158,7.85918750959097,8.6255976350485,0.3117036860340561
c_12231,488,1970-01-07 01:45:00,6.631387778639404,8.08348347650382,6.7571369406470545,8.19408798263415,488,3.2070572030516207,3.924013811817609,3.2492775163414613,3.9621531593762,7.85918750959097,8.6255976350485,0.3117036860340561
c_12231,584,1970-01-08 01:45:00,7.312282383490211,8.947334809925545,7.371374815459049,8.924859108237655,584,5.5695500194210235,6.796519252825335,5.631794983645174,6.826336526975659,7.85918750959097,8.6255976350485,0.3117036860340561
c_12237,200,1970-01-04 03:45:00,9.109967560536292,10.078143285332803,9.126637024928188,10.051587381824534,200,9.109967560536292,10.078143285332803,9.126637024928188,10.051587381824534,17.675737610789266,22.827999641939517,9.126637024928188
c_12237,296,1970-01-05 03:45:00,2.3253510357255838,3.0683796849444036,2.511848627403485,3.254359389150835,296,5.717659298130938,6.5732614851386035,5.819242826165836,6.652973385487685,17.675737610789266,22.827999641939517,9.126637024928188
c_12237,392,1970-01-06 03:45:00,6.12773560775508,7.19054921217317,6.154233069153267,7.204761238748041,392,5.8543514013389855,6.779024060816792,5.93090624049498,6.836902669907803,17.675737610789266,22.827999641939517,9.126637024928188
c_12237,488,1970-01-07 03:45:00,31.676635687094684,34.24750613733208,31.680960576402995,34.11987405053317,488,13.376574110191783,14.83547834481655,13.449014090986582,14.859664892810683,17.675737610789266,22.827999641939517,9.126637024928188
c_12237,584,1970-01-08 03:45:00,21.386673785804636,25.751778060970214,20.556246904171562,24.79809781790372,584,19.730348360218134,22.396611136825154,19.46381351657594,22.04091103572831,17.675737610789266,22.827999641939517,9.126637024928188
c_12441,200,1970-01-04 02:15:00,2.7333589262968747,6.498044885544919,2.745468160552234,6.505861184435538,200,2.7333589262968747,6.498044885544919,2.745468160552234,6.505861184435538,1.8266581067639935,3.360683822518409,2.745468160552234
c_12441,296,1970-01-05 02:15:00,2.317311038968677,2.6039506702927993,2.364864474596311,2.65543273962864,296,2.525334982632776,4.550997777918859,2.5551663175742725,4.580646962032089,1.8266581067639935,3.360683822518409,2.745468160552234
c_12441,392,1970-01-06 02:15:00,1.2337253276545026,2.2652411208896566,1.2669428011589592,2.267803578317063,392,2.0947984309733516,3.789078892242458,2.125758478769168,3.8096991674604137,1.8266581067639935,3.360683822518409,2.745468160552234
c_12441,488,1970-01-07 02:15:00,1.4640146154132407,2.3573147649467874,1.432890677771379,2.33283962761032,488,1.6716836606788068,2.4088355187097474,1.6882326511755499,2.4186919818520076,1.8266581067639935,3.360683822518409,2.745468160552234
c_12441,584,1970-01-08 02:15:00,1.2604169994817391,2.799177761017282,1.2327034677377935,2.7709098360668145,584,1.3193856475164942,2.4739112156179086,1.3108456488893772,2.4571843473313995,1.8266581067639935,3.360683822518409,2.745468160552234
c_12517,200,1970-01-04 01:45:00,3.2065089066339074,3.6005994704916566,3.2185221836461135,3.6117989026583874,200,3.2065089066339074,3.6005994704916566,3.2185221836461135,3.6117989026583874,1.1290802073804955,1.3714012899737709,3.2185221836461135
c_12517,296,1970-01-05 01:45:00,1.094138176625139,1.3002153561982321,1.1079181587247644,1.310507865415357,296,2.150323541629523,2.4504074133449443,2.163220171185439,2.461153384036872,1.1290802073804955,1.3714012899737709,3.2185221836461135
c_12517,392,1970-01-06 01:45:00,0.8740834582898588,1.0674409483875298,0.8830867798737511,1.0777520237957499,392,1.7249101805163018,1.9894185916924727,1.7365090407482098,2.0000195972898314,1.1290802073804955,1.3714012899737709,3.2185221836461135
c_12517,488,1970-01-07 01:45:00,0.8090860509033723,1.003285082628634,0.806529612342579,1.001324289289353,488,0.9257692286061233,1.1236471290714654,0.9325115169803647,1.1298613928334866,1.1290802073804955,1.3714012899737709,3.2185221836461135
c_12517,584,1970-01-08 01:45:00,1.2200994781189418,1.4130428798286145,1.210983751615621,1.4064118594797215,584,0.9677563291040577,1.161256303614926,0.9668667146106503,1.1618293908549415,1.1290802073804955,1.3714012899737709,3.2185221836461135
c_12624,200,1970-01-04 01:45:00,0.28688228197825705,0.41567123788582105,0.2855388217508901,0.415011029360632,200,0.28688228197825705,0.41567123788582105,0.2855388217508901,0.415011029360632,0.2778658534523479,0.3942650505298057,0.2855388217508901
c_12624,296,1970-01-05 01:45:00,0.23930706610488914,0.40464870850627116,0.23403360762552086,0.4001212037847905,296,0.2630946740415731,0.41015997319604613,0.2597862146882055,0.40756611657271125,0.2778658534523479,0.3942650505298057,0.2855388217508901
c_12624,392,1970-01-06 01:45:00,0.3186580923511204,0.5575352984535021,0.3150772794455153,0.5570499237356914,392,0.2816158134780889,0.4592850816151981,0.27821656960730873,0.4573940522937046,0.2778658534523479,0.3942650505298057,0.2855388217508901
c_12624,488,1970-01-07 01:45:00,0.2968836854362682,0.4571891040617545,0.29982557335366883,0.45855633417182684,488,0.28494961463075924,0.47312437034050925,0.28297882014156833,0.47190915389743626,0.2778658534523479,0.3942650505298057,0.2855388217508901
c_12624,584,1970-01-08 01:45:00,0.2769724451203761,0.3853792214751613,0.28303392936834443,0.3901729215928766,584,0.2975047409692549,0.466701207996806,0.2993122607225095,0.46859305983346494,0.2778658534523479,0.3942650505298057,0.2855388217508901
c_12767,200,1970-01-04 01:45:00,0.714686703159337,0.967617173128223,0.7147175436331681,0.9673531922861766,200,0.714686703159337,0.967617173128223,0.7147175436331681,0.9673531922861766,0.5226328974446229,0.6445162966860847,0.7147175436331681
c_12767,296,1970-01-05 01:45:00,0.5683121575997814,0.7058966666477929,0.5690338003160268,0.7056541933573504,296,0.6414994303795591,0.836756919888008,0.6418756719745975,0.8365036928217635,0.5226328974446229,0.6445162966860847,0.7147175436331681
c_12767,392,1970-01-06 01:45:00,0.5595724843970742,0.7032666560977892,0.5597591166017101,0.7029729770479087,392,0.6141904483853975,0.7922601652912684,0.6145034868503017,0.7919934542304786,0.5226328974446229,0.6445162966860847,0.7147175436331681
c_12767,488,1970-01-07 01:45:00,0.48865804752233677,0.6410183202351954,0.4888860178446277,0.6418673283809435,488,0.5388475631730641,0.6833938809935924,0.5392263115874548,0.6834981662620675,0.5226328974446229,0.6445162966860847,0.7147175436331681
c_12767,584,1970-01-08 01:45:00,0.5421583928713195,0.6769850760248658,0.5429175757039483,0.677366758025136,584,0.5301296415969102,0.6737566841192835,0.5305209033834286,0.6740690211513294,0.5226328974446229,0.6445162966860847,0.7147175436331681
c_12858,200,1970-01-04 01:45:00,0.45752178095862,0.7545552935260048,0.45752355999723243,0.7526458447660626,200,0.45752178095862,0.7545552935260048,0.45752355999723243,0.7526458447660626,0.3102623125022321,0.4178256137016864,0.45752355999723243
c_12858,296,1970-01-05 01:45:00,0.41557907361093843,0.5524330369721419,0.4204839950202963,0.5570388622859402,296,0.4365504272847792,0.6534941652490733,0.4390037775087644,0.6548423535260014,0.3102623125022321,0.4178256137016864,0.45752355999723243
c_12858,392,1970-01-06 01:45:00,0.4152972025079887,0.5922024052281278,0.41394081177662917,0.5897261903721731,392,0.429466019025849,0.6330635785754248,0.4306494555980526,0.6331369658080587,0.3102623125022321,0.4178256137016864,0.45752355999723243
c_12858,488,1970-01-07 01:45:00,0.3183156243153616,0.38514529530529773,0.3222481795752009,0.3888804228246595,488,0.3830639668114295,0.5099269125018558,0.38555766212404213,0.5118818251609243,0.3102623125022321,0.4178256137016864,0.45752355999723243
c_12858,584,1970-01-08 01:45:00,0.34383198409966004,0.4883538528227694,0.34704554810428495,0.488266192244747,584,0.3591482703076701,0.488567184452065,0.361078179818705,0.4889576018138599,0.3102623125022321,0.4178256137016864,0.45752355999723243
c_1286,200,1970-01-04 01:45:00,0.5741246483576482,0.7507316901596199,0.5703378975019479,0.7489463872731624,200,0.5741246483576482,0.7507316901596199,0.5703378975019479,0.7489463872731624,0.3933469189181538,0.5570774020285941,0.5703378975019479
c_1286,296,1970-01-05 01:45:00,0.5104136268169573,0.6994015869580096,0.5149547281576528,0.7045205895674643,296,0.5422691375873028,0.7250666385588147,0.5426463128298002,0.7267334884203134,0.3933469189181538,0.5570774020285941,0.5703378975019479
c_1286,392,1970-01-06 01:45:00,0.46306649280714945,0.6505957691306468,0.4634720948279061,0.6522865393179893,392,0.5158682559939184,0.700243015416092,0.516254906829169,0.7019178387195387,0.3933469189181538,0.5570774020285941,0.5703378975019479
c_1286,488,1970-01-07 01:45:00,0.5175575661554429,0.7066719591160121,0.5193717640639619,0.7091205710241868,488,0.4970125619265165,0.6855564384015561,0.4992661956831736,0.6886425666365468,0.3933469189181538,0.5570774020285941,0.5703378975019479
c_1286,584,1970-01-08 01:45:00,0.32454650951956404,0.45617655539496477,0.32772808207088633,0.45652783026153737,584,0.4350568561607188,0.6044814278805412,0.43685731365425146,0.6059783135345712,0.3933469189181538,0.5570774020285941,0.5703378975019479
c_12971,200,1970-01-04 01:45:00,0.9238995717291294,1.1143188467208696,0.9212449264893011,1.1094679434565393,200,0.9238995717291294,1.1143188467208696,0.9212449264893011,1.1094679434565393,0.965601286616744,1.343063431910597,0.9212449264893011
c_12971,296,1970-01-05 01:45:00,0.9057215980717807,1.378313693407243,0.9047809965615317,1.3815332648453063,296,0.9148105849004551,1.2463162700640562,0.9130129615254163,1.245500604150923,0.965601286616744,1.343063431910597,0.9212449264893011
c_12971,392,1970-01-06 01:45:00,0.8110042498669102,1.0691549577341348,0.8104790514061605,1.065502353415487,392,0.8802084732226069,1.1872624992874157,0.8788349914856645,1.1855011872391108,0.965601286616744,1.343063431910597,0.9212449264893011
c_12971,488,1970-01-07 01:45:00,0.7912290662119634,0.9990046436490997,0.7934168446659693,0.9997152952990578,488,0.8359849713835515,1.148824431596826,0.8362256308778871,1.1489169711866172,0.965601286616744,1.343063431910597,0.9212449264893011
c_12971,584,1970-01-08 01:45:00,0.8072188870816704,1.100493157328709,0.8092609412360906,1.0989575328145833,584,0.8031507343868479,1.0562175862373144,0.8043856124360734,1.0547250605097094,0.965601286616744,1.343063431910597,0.9212449264893011
c_12974,200,1970-01-04 02:30:00,0.5614214606752417,0.7635906081784961,0.5632848917095221,0.7677525677100814,200,0.5614214606752417,0.7635906081784961,0.5632848917095221,0.7677525677100814,0.5617758974284702,0.7094902000407403,0.5632848917095221
c_12974,296,1970-01-05 02:30:00,0.5148770751007956,0.7026327488987644,0.51192756926246,0.7009597794190914,296,0.5381492678880186,0.7331116785386302,0.537606230485991,0.7343561735645864,0.5617758974284702,0.7094902000407403,0.5632848917095221
c_12974,392,1970-01-06 02:30:00,0.4929791855334836,0.6335448165731783,0.49488366635091835,0.6344669425037834,392,0.5230925737698403,0.6999227245501464,0.5233653757743001,0.7010597632109854,0.5617758974284702,0.7094902000407403,0.5632848917095221
c_12974,488,1970-01-07 02:30:00,0.5996466238011505,0.7543135844630263,0.6020815128535126,0.7552001094434572,488,0.5358342948118099,0.6968303833116564,0.536297582822297,0.696875610455444,0.5617758974284702,0.7094902000407403,0.5632848917095221
c_12974,584,1970-01-08 02:30:00,0.5553700106790503,0.6785762287886316,0.5569326254201,0.6803046056394189,584,0.5493319400045614,0.6888115432749453,0.5512992682081769,0.6899905525288865,0.5617758974284702,0.7094902000407403,0.5632848917095221
c_12993,200,1970-01-04 02:00:00,5.075318916675012,7.030585423510661,5.078266921052819,7.029100372780466,200,5.075318916675012,7.030585423510661,5.078266921052819,7.029100372780466,5.087813574401984,5.906397488126685,5.078266921052819
c_12993,296,1970-01-05 02:00:00,3.7474861261882917,5.068740507830458,3.7681966749633413,5.086693774852062,296,4.4114025214316515,6.049662965670559,4.42323179800808,6.057897073816264,5.087813574401984,5.906397488126685,5.078266921052819
c_12993,392,1970-01-06 02:00:00,3.9838182961378017,5.1562193787053765,4.004027650669807,5.170275901532205,392,4.268874446333702,5.751848436682164,4.2834970822286556,5.762023349721577,5.087813574401984,5.906397488126685,5.078266921052819
c_12993,488,1970-01-07 02:00:00,5.884185057551401,10.287231105642926,5.879509938983854,10.259676076969058,488,4.538496493292499,6.837396997392919,4.5505780882056674,6.838881917784441,5.087813574401984,5.906397488126685,5.078266921052819
c_12993,584,1970-01-08 02:00:00,5.452957048265881,6.253267655244427,5.480077708396657,6.278296087842544,584,5.106986800651694,7.232239379864243,5.121205099350106,7.236082688781269,5.087813574401984,5.906397488126685,5.078266921052819
c_12999,200,1970-01-04 02:00:00,1.5787772719377766,2.1506743930887082,1.5946007833040536,2.154069557215222,200,1.5787772719377766,2.1506743930887082,1.5946007833040536,2.154069557215222,1.4379966922043337,1.974744277423105,1.5946007833040536
c_12999,296,1970-01-05 02:00:00,1.6531756545058345,2.1532679392868057,1.6725723448813794,2.17302287020097,296,1.6159764632218057,2.151971166187757,1.6335865640927165,2.163546213708096,1.4379966922043337,1.974744277423105,1.5946007833040536
c_12999,392,1970-01-06 02:00:00,1.7241353686187997,2.15314762764103,1.7476762546318454,2.1824309766504295,392,1.6520294316874704,2.152363320005515,1.6716164609390927,2.1698411346888737,1.4379966922043337,1.974744277423105,1.5946007833040536
c_12999,488,1970-01-07 02:00:00,2.5855414090989037,3.213547662817749,2.5752576760285186,3.193307052227143,488,1.987617477407846,2.506654409915195,1.998502091847248,2.516253633026181,1.4379966922043337,1.974744277423105,1.5946007833040536
c_12999,584,1970-01-08 02:00:00,1.432223418587735,1.9030707178594102,1.4339796722390858,1.9034060686646601,584,1.9139667321018126,2.423255336106063,1.9189712009664832,2.4263813658474107,1.4379966922043337,1.974744277423105,1.5946007833040536
c_13020,200,1970-01-04 01:45:00,0.9666761849880515,1.2856679559473831,0.9601325790563185,1.2798937222171083,200,0.9666761849880515,1.2856679559473831,0.9601325790563185,1.2798937222171083,0.9742188058469138,1.1856310022704477,0.9601325790563185
c_13020,296,1970-01-05 01:45:00,0.8753444300598637,1.0464429478103128,0.8767168701031377,1.0482684085211762,296,0.9210103075239576,1.166055451878848,0.9184247245797281,1.1640810653691422,0.9742188058469138,1.1856310022704477,0.9601325790563185
c_13020,392,1970-01-06 01:45:00,0.7899905104686891,1.0368020219587475,0.7920417707634106,1.0365849969554444,392,0.8773370418388682,1.1229709752388144,0.8762970733076223,1.1215823758979095,0.9742188058469138,1.1856310022704477,0.9601325790563185
c_13020,488,1970-01-07 01:45:00,1.0965166218267635,1.3461961527401023,1.0886865380809032,1.3367204105382136,488,0.920617187451772,1.1431470408363875,0.9191483929824837,1.140524605338278,0.9742188058469138,1.1856310022704477,0.9601325790563185
c_13020,584,1970-01-08 01:45:00,0.9089454273898857,1.1710755558994892,0.9218111391347437,1.1795104798291087,584,0.9318175198951127,1.1846912435327797,0.9341798159930192,1.1842719624409221,0.9742188058469138,1.1856310022704477,0.9601325790563185
c_13044,200,1970-01-04 02:15:00,0.4278965704647315,0.6312730830201119,0.42879491069200243,0.6318850756523315,200,0.4278965704647315,0.6312730830201119,0.42879491069200243,0.6318850756523315,0.5339166952754063,0.6789273891780856,0.42879491069200243
c_13044,296,1970-01-05 02:15:00,0.43123520842978436,0.5428842059815092,0.43351777298177757,0.5437841010963917,296,0.42956588944725793,0.5870786445008105,0.43115634183689,0.5878345883743616,0.5339166952754063,0.6789273891780856,0.42879491069200243
c_13044,392,1970-01-06 02:15:00,0.5266764704224246,0.7434019814555411,0.5271596138052808,0.744142286220928,392,0.46193608310564677,0.6391864234857207,0.46315743249302027,0.6399371543232171,0.5339166952754063,0.6789273891780856,0.42879491069200243
c_13044,488,1970-01-07 02:15:00,0.5176444992615777,0.7015766212835917,0.5185508206637283,0.7019679592954863,488,0.49185205937126225,0.662620936240214,0.49307606915026225,0.663298115537602,0.5339166952754063,0.6789273891780856,0.42879491069200243
c_13044,584,1970-01-08 02:15:00,0.49816779160144015,0.6229035413906856,0.49586899614612284,0.6187447196738217,584,0.5141629204284809,0.6892940480432728,0.5138598102050439,0.6882849883967453,0.5339166952754063,0.6789273891780856,0.42879491069200243
c_13083,200,1970-01-04 01:45:00,0.8977923593374607,1.1189847154076389,0.8985312110045097,1.1201846957795334,200,0.8977923593374607,1.1189847154076389,0.8985312110045097,1.1201846957795334,0.7873580024877608,1.0541661998694418,0.8985312110045097
c_13083,296,1970-01-05 01:45:00,0.9843172700498618,1.2042967889448304,0.9836593361421069,1.2067727290055132,296,0.9410548146936613,1.1616407521762346,0.9410952735733082,1.1634787123925232,0.7873580024877608,1.0541661998694418,0.8985312110045097
c_13083,392,1970-01-06 01:45:00,1.0260393183934682,1.3272057673421405,1.038171921058033,1.3302054739113778,392,0.9693829825935968,1.21682909056487,0.9734541560682165,1.2190542995654747,0.7873580024877608,1.0541661998694418,0.8985312110045097
c_13083,488,1970-01-07 01:45:00,1.0908889834844728,1.3870026481994622,1.0899501029356757,1.383031689096742,488,1.0337485239759343,1.3061684014954775,1.0372604533786054,1.3066699640045443,0.7873580024877608,1.0541661998694418,0.8985312110045097
c_13083,584,1970-01-08 01:45:00,0.8881589289560233,1.0920587219306774,0.8868525648967371,1.0907576568104576,584,1.0016957436113214,1.26875571249076,1.0049915296301488,1.2679982732728592,0.7873580024877608,1.0541661998694418,0.8985312110045097
c_13166,200,1970-01-04 01:45:00,2.5230168471617045,2.9194149682277706,2.522229829166648,2.916793349614749,200,2.5230168471617045,2.9194149682277706,2.522229829166648,2.916793349614749,1.2816950852422158,1.6070277600446568,2.522229829166648
c_13166,296,1970-01-05 01:45:00,1.6027373153009503,1.9983428396310186,1.5915964311735014,1.9864686100339355,296,2.0628770812313273,2.458878903929395,2.0569131301700745,2.4516309798243423,1.2816950852422158,1.6070277600446568,2.522229829166648
c_13166,392,1970-01-06 01:45:00,1.4265514089638207,1.9228049882448213,1.4507561821956514,1.9430559629495037,392,1.8507685238088252,2.2801875987012035,1.8548608141786003,2.282105974199396,1.2816950852422158,1.6070277600446568,2.522229829166648
c_13166,488,1970-01-07 01:45:00,3.3481683854050033,4.1727708471084695,3.3296641804063682,4.153053412334644,488,2.1258190365565914,2.6979728916614363,2.1240055979251733,2.694192661772694,1.2816950852422158,1.6070277600446568,2.522229829166648
c_13166,584,1970-01-08 01:45:00,1.530590905623378,1.7799699035381433,1.5139407130284575,1.772313163317555,584,2.101770233330734,2.6251819129638116,2.098120358543492,2.6228075128672343,1.2816950852422158,1.6070277600446568,2.522229829166648
c_13170,200,1970-01-04 01:45:00,4.402125125033133,5.149556240052124,4.395881581767085,5.134395280888013,200,4.402125125033133,5.149556240052124,4.395881581767085,5.134395280888013,2.1748403333377255,2.7620471102946387,4.395881581767085
c_13170,296,1970-01-05 01:45:00,1.5016610577860654,1.9567505816622441,1.5311477683943384,1.9749842163470819,296,2.951893091409599,3.5531534108571843,2.9635146750807118,3.5546897486175473,2.1748403333377255,2.7620471102946387,4.395881581767085
c_13170,392,1970-01-06 01:45:00,1.8749763810582987,2.4265141231820584,1.912963136242175,2.461146166642277,392,2.592920854625832,3.177606981632142,2.6133308288011996,3.1901752212924577,2.1748403333377255,2.7620471102946387,4.395881581767085
c_13170,488,1970-01-07 01:45:00,1.384390438176901,1.7419270951636388,1.4103897138249197,1.7658100523144546,488,1.5870092923404215,2.0417306000026474,1.6181668728204777,2.0673134784346043,2.1748403333377255,2.7620471102946387,4.395881581767085
c_13170,584,1970-01-08 01:45:00,2.2934391817565207,2.921871233456332,2.275087657844433,2.9018984056333945,584,1.850935333663907,2.36343748393401,1.8661468359705093,2.376284874863375,2.1748403333377255,2.7620471102946387,4.395881581767085
c_13229,200,1970-01-04 01:45:00,0.8266959162111704,1.0781354422829033,0.8232203634527585,1.0726101486842432,200,0.8266959162111704,1.0781354422829033,0.8232203634527585,1.0726101486842432,1.3682773426796315,2.5988738463196355,0.8232203634527585
c_13229,296,1970-01-05 01:45:00,0.7571144393268566,0.9313903544167305,0.7693146959077087,0.9481157404054797,296,0.7919051777690136,1.004762898349817,0.7962675296802336,1.0103629445448614,1.3682773426796315,2.5988738463196355,0.8232203634527585
c_13229,392,1970-01-06 01:45:00,0.9232399122397092,1.1720167199925042,0.9220621133648365,1.1711753887631347,392,0.8356834225925788,1.0605141722307125,0.8381990575751012,1.0639670926176192,1.3682773426796315,2.5988738463196355,0.8232203634527585
c_13229,488,1970-01-07 01:45:00,0.7063926850176818,0.935407229011012,0.7103395868459416,0.9398885620144622,488,0.7955823455280826,1.0129381011400822,0.8005721320394956,1.0197265637276922,1.3682773426796315,2.5988738463196355,0.8232203634527585
c_13229,584,1970-01-08 01:45:00,1.1850582071688953,2.31326003169504,1.1919493402090182,2.320007901988209,584,0.9382302681420954,1.4735613268995185,0.9414503468065988,1.4770239509219352,1.3682773426796315,2.5988738463196355,0.8232203634527585
c_13269,200,1970-01-04 01:45:00,0.5201708131094674,0.6691759866434679,0.5194931442771858,0.6672753799769446,200,0.5201708131094674,0.6691759866434679,0.5194931442771858,0.6672753799769446,0.4228511237817396,0.5415910511069288,0.5194931442771858
c_13269,296,1970-01-05 01:45:00,0.5082871799273184,0.6764929668929236,0.5028066137143091,0.6675695575428631,296,0.5142289965183929,0.6728344767681957,0.5111498789957475,0.6674224687599039,0.4228511237817396,0.5415910511069288,0.5194931442771858
c_13269,392,1970-01-06 01:45:00,0.5069848296719862,0.6082892577804103,0.508038946626251,0.6085006212262081,392,0.5118142742362574,0.6513194037722673,0.5101129015392486,0.6477818529153386,0.4228511237817396,0.5415910511069288,0.5194931442771858
c_13269,488,1970-01-07 01:45:00,0.5060107885664702,0.6349046535362399,0.5066922846142395,0.6353076969580953,488,0.5070942660552582,0.639895626069858,0.5058459483182666,0.6371259585757222,0.4228511237817396,0.5415910511069288,0.5194931442771858
c_13269,584,1970-01-08 01:45:00,0.39839191775370814,0.499539330935402,0.40220955400886965,0.5018233916238406,584,0.4704625119973882,0.5809110807506841,0.4723135950831201,0.5818772366027146,0.4228511237817396,0.5415910511069288,0.5194931442771858
c_13308,200,1970-01-04 01:45:00,0.001019839733430672,0.001380062508404685,0.0,0.0,200,0.001019839733430672,0.001380062508404685,0.0,0.0,0.0034893799599411,0.0036901197358387,0.0
c_13308,296,1970-01-05 01:45:00,0.001019839733430672,0.001380062508404685,0.0,0.0,296,0.001019839733430672,0.001380062508404685,0.0,0.0,0.0034893799599411,0.0036901197358387,0.0
c_13308,392,1970-01-06 01:45:00,0.001019839733430672,0.001380062508404685,0.0,0.0,392,0.001019839733430672,0.001380062508404685,0.0,0.0,0.0034893799599411,0.0036901197358387,0.0
c_13308,488,1970-01-07 01:45:00,0.003602377352497873,0.025446787170366015,0.0026041666666666665,0.02551551815399144,488,0.0018806856064530724,0.009402304062391795,0.0008680555555555555,0.008505172717997146,0.0034893799599411,0.0036901197358387,0.0
c_13308,584,1970-01-08 01:45:00,0.006185812672328221,0.006842182850148685,0.006028677506871579,0.0062068512655988305,584,0.0036026765860855884,0.011223010842973127,0.0028776147245127485,0.010574123139863422,0.0034893799599411,0.0036901197358387,0.0
c_13389,200,1970-01-04 02:00:00,2.782576049540402,3.436272084755794,2.7887829311564776,3.444711224114187,200,2.782576049540402,3.436272084755794,2.7887829311564776,3.444711224114187,7.303697650318969,8.25280660481358,2.7887829311564776
c_13389,296,1970-01-05 02:00:00,8.854864293931445,11.359635679399698,8.894180514120203,11.398851036601432,296,5.818720171735924,7.397953882077746,5.84148172263834,7.421781130357809,7.303697650318969,8.25280660481358,2.7887829311564776
c_13389,392,1970-01-06 02:00:00,8.463754084403101,9.588643149747941,8.597258765116473,9.711693748510386,392,6.700398142624984,8.12818363796781,6.7600740701310515,8.185085336408669,7.303697650318969,8.25280660481358,2.7887829311564776
c_13389,488,1970-01-07 02:00:00,16.873285368440897,18.074887071950943,16.882465795941393,17.998934889907545,488,11.397301248925148,13.007721967032863,11.45796835839269,13.036493225006454,7.303697650318969,8.25280660481358,2.7887829311564776
c_13389,584,1970-01-08 02:00:00,9.220119470661649,10.474767739203601,8.994681569046385,10.11720315168997,584,11.519052974501882,12.712765986967495,11.491468710034752,12.609277263369302,7.303697650318969,8.25280660481358,2.7887829311564776
c_13403,200,1970-01-04 02:00:00,0.25568739582957906,0.37610466087196875,0.25498292161348496,0.37603595631499803,200,0.25568739582957906,0.37610466087196875,0.25498292161348496,0.37603595631499803,0.3621327608287283,0.4677154010833438,0.25498292161348496
c_13403,296,1970-01-05 02:00:00,0.3871039563722139,0.8013479836675826,0.39067364405291105,0.8012663360494797,296,0.3213956761008965,0.5887263222697757,0.322828282833198,0.5886511461822389,0.3621327608287283,0.4677154010833438,0.25498292161348496
c_13403,392,1970-01-06 02:00:00,0.3913512623021454,0.46825512641145706,0.3916351241782112,0.468093718204216,392,0.3447142048346461,0.5485692569836694,0.34576389661486906,0.5484653368562312,0.3621327608287283,0.4677154010833438,0.25498292161348496
c_13403,488,1970-01-07 02:00:00,0.43095088548184596,0.5843276622594658,0.4319864982393889,0.5845366772212992,488,0.4031353680520684,0.6179769241128351,0.40476508882350376,0.6179655771583317,0.3621327608287283,0.4677154010833438,0.25498292161348496
c_13403,584,1970-01-08 02:00:00,0.3880514212225267,0.5007031257326796,0.384239466945098,0.495329147056739,584,0.40345118966883936,0.5177619714678675,0.4026203631208994,0.5159865141607515,0.3621327608287283,0.4677154010833438,0.25498292161348496
c_13441,200,1970-01-04 03:00:00,1.1628427630029348,1.495273410672151,1.1703377073496364,1.4979176365964557,200,1.1628427630029348,1.495273410672151,1.1703377073496364,1.4979176365964557,0.8516851662629631,1.168539401814063,1.1703377073496364
c_13441,296,1970-01-05 03:00:00,1.3005683243665123,2.3528736917864386,1.298243248523758,2.3524207077161874,296,1.2317055436847235,1.9240735512292948,1.2342904779366972,1.9251691721563216,0.8516851662629631,1.168539401814063,1.1703377073496364
c_13441,392,1970-01-06 03:00:00,1.1675838164388443,1.4696645845167677,1.1687348756586509,1.4786250106567282,392,1.210331634602764,1.7726038956584524,1.2124386105106817,1.7763211183231238,0.8516851662629631,1.168539401814063,1.1703377073496364
c_13441,488,1970-01-07 03:00:00,1.2879371145618481,1.5782152855870497,1.2744100013681923,1.5663257809260407,488,1.2520297517890682,1.800251187296752,1.2471293751835335,1.7991238330996522,0.8516851662629631,1.168539401814063,1.1703377073496364
c_13441,584,1970-01-08 03:00:00,0.7800707086989919,1.091698542262495,0.7685984024116613,1.0662737477503779,584,1.0785305465665613,1.3798594707887706,1.0705810931461681,1.3704081797777157,0.8516851662629631,1.168539401814063,1.1703377073496364
c_13607,200,1970-01-04 01:45:00,0.538275750648637,0.7330933009513776,0.5405124911953955,0.733365950516885,200,0.538275750648637,0.7330933009513776,0.5405124911953955,0.733365950516885,1.9487738511850403,4.213097224270485,0.5405124911953955
c_13607,296,1970-01-05 01:45:00,0.7139507022186402,1.7528703343068857,0.7213798949030474,1.7556377966626502,296,0.6261132264336386,1.2429818176291316,0.6309461930492215,1.2445018735897677,1.9487738511850403,4.213097224270485,0.5405124911953955
c_13607,392,1970-01-06 01:45:00,0.5609209745639996,0.7120365301037241,0.563317476427207,0.7169402327358257,392,0.6043824758104256,1.0660000551206625,0.60840328750855,1.0686479933051203,1.9487738511850403,4.213097224270485,0.5405124911953955
c_13607,488,1970-01-07 01:45:00,0.5244237890029035,0.7730617161904791,0.5109303081675002,0.7578274625075854,488,0.5997651552618478,1.0793228602003628,0.5985425598325849,1.0768018306353537,1.9487738511850403,4.213097224270485,0.5405124911953955
c_13607,584,1970-01-08 01:45:00,1.7807157952334567,4.047475845759343,1.7668674779806957,4.042839366361987,584,0.9553535196001199,1.8441913640178484,0.9470384208584677,1.839202353868466,1.9487738511850403,4.213097224270485,0.5405124911953955
c_13615,200,1970-01-04 01:45:00,1.8329441191523455,2.4223517866155726,1.8504859257379287,2.4367750782683473,200,1.8329441191523455,2.4223517866155726,1.8504859257379287,2.4367750782683473,5.11771195099985,5.679948497248,1.8504859257379287
c_13615,296,1970-01-05 01:45:00,2.337295863407967,3.0175500470788506,2.3941615321895355,3.0753143467644044,296,2.0851199912801563,2.7199509168472114,2.1223237289637322,2.756044712516376,5.11771195099985,5.679948497248,1.8504859257379287
c_13615,392,1970-01-06 01:45:00,2.0129935624084765,2.441791490515013,2.0715320722053625,2.4867450592091944,392,2.0610778483229297,2.6272311080698123,2.105393176710942,2.6662781614139823,5.11771195099985,5.679948497248,1.8504859257379287
c_13615,488,1970-01-07 01:45:00,5.508324975051622,12.613073731209425,5.521936250645211,12.60688876328264,488,3.286204800289355,6.02413842293443,3.329209951680036,6.056316056418747,5.11771195099985,5.679948497248,1.8504859257379287
c_13615,584,1970-01-08 01:45:00,7.286454920341607,7.864143378904216,7.311766737687544,7.839387399494819,584,4.935924485933902,7.639669533542885,4.968411686846039,7.644340407328884,5.11771195099985,5.679948497248,1.8504859257379287
c_13658,200,1970-01-04 01:45:00,0.47946568116813726,0.5835450216652054,0.4821711825992745,0.5858439057200577,200,0.47946568116813726,0.5835450216652054,0.4821711825992745,0.5858439057200577,1.198094241714626,2.786390005592991,0.4821711825992745
c_13658,296,1970-01-05 01:45:00,0.5170600366286263,0.6750808044476067,0.5189482892076516,0.6760019869721579,296,0.4982628588983818,0.629312913056406,0.500559735903463,0.6309229463461078,1.198094241714626,2.786390005592991,0.4821711825992745
c_13658,392,1970-01-06 01:45:00,0.5813919405223159,0.7677742484233776,0.5864323364597581,0.7729153295955398,392,0.5259725527730265,0.6754666915120632,0.5291839360888947,0.6782537407625852,1.198094241714626,2.786390005592991,0.4821711825992745
c_13658,488,1970-01-07 01:45:00,0.6576581801904442,0.8267316491476926,0.6596450898707846,0.8283201715283255,488,0.5853700524471288,0.7565289006728922,0.5883419051793981,0.7590791626986744,1.198094241714626,2.786390005592991,0.4821711825992745
c_13658,584,1970-01-08 01:45:00,1.1506547615415874,2.7057114564672253,1.1416860364692683,2.7032462688400956,584,0.7965682940847825,1.433405784679432,0.7959211542666037,1.4348272566546536,1.198094241714626,2.786390005592991,0.4821711825992745
c_13690,200,1970-01-04 01:45:00,1.713603947243196,3.4810119936216957,1.718296744350142,3.4784379554137494,200,1.713603947243196,3.4810119936216957,1.718296744350142,3.4784379554137494,0.8677710262455225,1.8019900280088412,1.718296744350142
c_13690,296,1970-01-05 01:45:00,1.6067209631078068,2.3396185530966775,1.6124473448299146,2.336881221241557,296,1.6601624551755014,2.9103152733591866,1.6653720445900282,2.907659588327653,0.8677710262455225,1.8019900280088412,1.718296744350142
c_13690,392,1970-01-06 01:45:00,1.081817783600774,2.235707250286862,1.091150047935661,2.2387730530052043,392,1.4673808979839258,2.685445932335078,1.473964712371906,2.6846974098868372,0.8677710262455225,1.8019900280088412,1.718296744350142
c_13690,488,1970-01-07 01:45:00,1.144825370994287,1.8815276093254736,1.1369714891266722,1.8734787274002407,488,1.2777880392342895,2.1522844709030045,1.280189627297416,2.1497110005490008,0.8677710262455225,1.8019900280088412,1.718296744350142
c_13690,584,1970-01-08 01:45:00,0.8260694820911697,1.2008566190269798,0.8196903676980147,1.1959403533259916,584,1.0175708788954103,1.7726971595464385,1.0159373015867825,1.7693973779104788,0.8677710262455225,1.8019900280088412,1.718296744350142
c_1379,200,1970-01-04 01:45:00,0.4626219570528687,0.5763669917088842,0.46196936243233583,0.577000246071634,200,0.4626219570528687,0.5763669917088842,0.46196936243233583,0.577000246071634,0.4154447102658969,0.5314688705224896,0.46196936243233583
c_1379,296,1970-01-05 01:45:00,0.3884534243492903,0.48093321439244824,0.39136251571115954,0.48236052201690777,296,0.4255376907010795,0.5286501030506662,0.42666593907174766,0.5296803840442709,0.4154447102658969,0.5314688705224896,0.46196936243233583
c_1379,392,1970-01-06 01:45:00,0.4044782669276848,0.5221147302770226,0.4047242806961114,0.5221637434502551,392,0.41851788277661456,0.5264716454594517,0.41935205294653555,0.5271748371795989,0.4154447102658969,0.5314688705224896,0.46196936243233583
c_1379,488,1970-01-07 01:45:00,0.4062680570422452,0.484103177867093,0.40690658656868606,0.48540718654299986,488,0.3997332494397401,0.4957170408455212,0.40099779432531896,0.4966438173367209,0.4154447102658969,0.5314688705224896,0.46196936243233583
c_1379,584,1970-01-08 01:45:00,0.41353513952989457,0.5291841531486562,0.4085769352193889,0.5246151159868188,584,0.40809382116660825,0.5118006870975905,0.4067359341613955,0.510728681993358,0.4154447102658969,0.5314688705224896,0.46196936243233583
c_1387,200,1970-01-04 02:00:00,0.3002925392898935,0.40641758971457076,0.29883909176771273,0.40579761413663745,200,0.3002925392898935,0.40641758971457076,0.29883909176771273,0.40579761413663745,0.366080610074976,0.5007372583671237,0.29883909176771273
c_1387,296,1970-01-05 02:00:00,0.6037059584432676,2.4934602799862144,0.6024688644414876,2.493392977788303,296,0.45199924886658055,1.4499389348503926,0.4506539781046002,1.44959529596247,0.366080610074976,0.5007372583671237,0.29883909176771273
c_1387,392,1970-01-06 02:00:00,0.6097889727688096,0.8040607824413757,0.6092453358122737,0.7960631062129828,392,0.5045958235006569,1.2346462173807202,0.503517764007158,1.231751232712641,0.366080610074976,0.5007372583671237,0.29883909176771273
c_1387,488,1970-01-07 02:00:00,0.351659710111353,0.4805592525381426,0.34117194844631044,0.47112024741723724,488,0.5217182137744767,1.2593601049885776,0.5176287162333573,1.2535254438061743,0.366080610074976,0.5007372583671237,0.29883909176771273
c_1387,584,1970-01-08 02:00:00,0.3544163536164679,0.49992672710080965,0.3466824837838338,0.48821648778136817,584,0.43862167883221015,0.5948489206934426,0.43236658934747263,0.5851332804705294,0.366080610074976,0.5007372583671237,0.29883909176771273
c_13873,200,1970-01-04 02:30:00,0.563955807954863,0.7960027633627909,0.5689694868699968,0.8047972654788226,200,0.563955807954863,0.7960027633627909,0.5689694868699968,0.8047972654788226,1.7445021238700509,3.587369695088656,0.5689694868699968
c_13873,296,1970-01-05 02:30:00,0.42351574475581594,0.5030750448245603,0.4270826749534467,0.5066819550239074,296,0.4937357763553395,0.6495389040936757,0.49802608091172174,0.6557396102513651,1.7445021238700509,3.587369695088656,0.5689694868699968
c_13873,392,1970-01-06 02:30:00,0.3903188961956486,0.5164182223644916,0.39408555360620007,0.5184384897050061,392,0.45926348296877584,0.6051653435172809,0.4633792384765479,0.6099725700692454,1.7445021238700509,3.587369695088656,0.5689694868699968
c_13873,488,1970-01-07 02:30:00,0.37966682071947383,0.6987054700975587,0.37972083232534254,0.697146597870551,488,0.3978338205569794,0.5727329124288701,0.40029635362832977,0.5740890141998215,1.7445021238700509,3.587369695088656,0.5689694868699968
c_13873,584,1970-01-08 02:30:00,1.7269304541270314,3.589842320038438,1.7319558238397956,3.5943029758183584,584,0.8323053903473845,1.6016553375001628,0.8352540699237795,1.603296021131305,1.7445021238700509,3.587369695088656,0.5689694868699968
c_14106,200,1970-01-04 03:15:00,0.0059710333130152254,0.007704400746436124,0.006161444610640232,0.007858615809528215,200,0.0059710333130152254,0.007704400746436124,0.006161444610640232,0.007858615809528215,0.0095160960928243,0.0571844252706054,0.006161444610640232
c_14106,296,1970-01-05 03:15:00,0.002567341460439306,0.003217960390309238,0.0025640761160314143,0.0032539152946257093,296,0.0042691873867272655,0.005461180568372681,0.0043627603633358235,0.005556265552076962,0.0095160960928243,0.0571844252706054,0.006161444610640232
c_14106,392,1970-01-06 03:15:00,0.002537229860384111,0.0028217118677839243,0.0025165243389692945,0.0027798238227761513,392,0.0036918682112795473,0.0045813576681764286,0.0037473483552136473,0.004630784975643358,0.0095160960928243,0.0571844252706054,0.006161444610640232
c_14106,488,1970-01-07 03:15:00,0.0020935968006611373,0.0023206152060982854,0.0020680091976812824,0.0022638302927271304,488,0.002399389373828185,0.0027867624880638154,0.0023828698842273304,0.002765856470042997,0.0095160960928243,0.0571844252706054,0.006161444610640232
c_14106,584,1970-01-08 03:15:00,0.0017462065904473413,0.001946439047375545,0.0017187148150474417,0.0018847139915569478,584,0.00212567775049753,0.0023629220404192517,0.0021010827838993393,0.002309456035686743,0.0095160960928243,0.0571844252706054,0.006161444610640232
c_14135,200,1970-01-04 01:45:00,1.7222122857521989,2.3969176637917653,1.7560201736473353,2.441279433683189,200,1.7222122857521989,2.3969176637917653,1.7560201736473353,2.441279433683189,2.0393188248570997,3.0833878855579204,1.7560201736473353
c_14135,296,1970-01-05 01:45:00,1.7040138902885371,2.063738895605793,1.7254871828659486,2.074942383684688,296,1.713113088020368,2.230328279698779,1.740753678256642,2.2581109086839386,2.0393188248570997,3.0833878855579204,1.7560201736473353
c_14135,392,1970-01-06 01:45:00,1.1982142786826062,1.5158949168212073,1.2063289717801429,1.523847658389369,392,1.5414801515744474,1.9921838254062552,1.5626121094311423,2.013356491919082,2.0393188248570997,3.0833878855579204,1.7560201736473353
c_14135,488,1970-01-07 01:45:00,1.4209192962160924,1.8816379318144854,1.4150180943618775,1.8767805900576051,488,1.441049155062412,1.8204239147471617,1.448944749669323,1.825190210710554,2.0393188248570997,3.0833878855579204,1.7560201736473353
c_14135,584,1970-01-08 01:45:00,1.8398271743745667,2.8156633783999574,1.8493083285930132,2.8173384234224623,584,1.486320249757755,2.0710654090118834,1.4902184649116779,2.072655557289812,2.0393188248570997,3.0833878855579204,1.7560201736473353
c_14296,200,1970-01-04 01:45:00,1.0383012391416697,1.3988671290548857,1.0436959307123699,1.4078457162152749,200,1.0383012391416697,1.3988671290548857,1.0436959307123699,1.4078457162152749,3.7667114656976137,4.7713198231684055,1.0436959307123699
c_14296,296,1970-01-05 01:45:00,0.5373365520251987,0.6794571739342683,0.5247955431747883,0.6717801340222679,296,0.7878188955834342,1.039162151494577,0.7842457369435791,1.0398129251187713,3.7667114656976137,4.7713198231684055,1.0436959307123699
c_14296,392,1970-01-06 01:45:00,0.5390162893658684,0.6918061656934552,0.5351649936615522,0.6883954941595047,392,0.7048846935109122,0.9233768228942031,0.7012188225162368,0.9226737814656825,3.7667114656976137,4.7713198231684055,1.0436959307123699
c_14296,488,1970-01-07 01:45:00,0.5193589101362283,0.6811618795048237,0.5063354292683676,0.6647930724403392,488,0.5319039171757651,0.684141739710849,0.522098655368236,0.6749895668740372,3.7667114656976137,4.7713198231684055,1.0436959307123699
c_14296,584,1970-01-08 01:45:00,3.7357323641050346,4.8548177315890735,3.71884796590231,4.826324781681061,584,1.5980358545357103,2.075928592262451,1.5867827962774097,2.0598377827603014,3.7667114656976137,4.7713198231684055,1.0436959307123699
c_14363,200,1970-01-04 02:00:00,0.44912168263236296,0.6116420953992555,0.4498880594517433,0.6128105428677564,200,0.44912168263236296,0.6116420953992555,0.4498880594517433,0.6128105428677564,0.4956213173775666,1.0296269413663652,0.4498880594517433
c_14363,296,1970-01-05 02:00:00,0.5363179307722358,0.665322839038814,0.5382881007879742,0.6682808368435081,296,0.49271980670229937,0.6384824672190348,0.4940880801198587,0.6405456898556323,0.4956213173775666,1.0296269413663652,0.4498880594517433
c_14363,392,1970-01-06 02:00:00,0.48047864902507936,0.6097203533591519,0.48037401305298627,0.6075380458499069,392,0.4886394208098927,0.6288950959324071,0.4895167244309013,0.6295431418537238,0.4956213173775666,1.0296269413663652,0.4498880594517433
c_14363,488,1970-01-07 02:00:00,0.406624520369407,0.5522451093403431,0.40628380998881336,0.5528935315517867,488,0.47447370005557404,0.6090961005794363,0.4749819746099246,0.6095708047484005,0.4956213173775666,1.0296269413663652,0.4498880594517433
c_14363,584,1970-01-08 02:00:00,0.43375310438631803,0.6091643828151678,0.4310856182359695,0.6065746020003593,584,0.4402854245936014,0.5903766151715543,0.4392478137592564,0.5890020598006843,0.4956213173775666,1.0296269413663652,0.4498880594517433
c_14388,200,1970-01-04 01:45:00,1.2589404715524422,1.5455041011570616,1.2613654968013939,1.5488324250141463,200,1.2589404715524422,1.5455041011570616,1.2613654968013939,1.5488324250141463,0.6856642714785378,0.8125581756284331,1.2613654968013939
c_14388,296,1970-01-05 01:45:00,0.9134020140566309,1.1400273131167273,0.9387595741145861,1.1623425858617866,296,1.0861712428045365,1.3427657071368944,1.10006253545799,1.3555875054379665,0.6856642714785378,0.8125581756284331,1.2613654968013939
c_14388,392,1970-01-06 01:45:00,0.6556848667940526,0.7934587100400013,0.6706859864978364,0.8067483957494386,392,0.9426757841343752,1.1596633747712635,0.9569370191379388,1.1726411355417905,0.6856642714785378,0.8125581756284331,1.2613654968013939
c_14388,488,1970-01-07 01:45:00,1.5966682082328638,4.124044780299381,1.6006355804450372,4.1204157326523285,488,1.0552516963611824,2.0191769344853703,1.0700270470191533,2.0298355714211844,0.6856642714785378,0.8125581756284331,1.2613654968013939
c_14388,584,1970-01-08 01:45:00,1.1476115799169342,1.2989804027978782,1.1604743254244276,1.30846965968768,584,1.1333215516479502,2.07216129771242,1.1439319641224337,2.0785445960298157,0.6856642714785378,0.8125581756284331,1.2613654968013939
c_14396,200,1970-01-04 02:00:00,1.1392551796704529,1.5244229428617253,1.1363341666091091,1.5196558936593154,200,1.1392551796704529,1.5244229428617253,1.1363341666091091,1.5196558936593154,2.308907351522688,2.7376817447293127,1.1363341666091091
c_14396,296,1970-01-05 02:00:00,2.685324789243959,3.491695809054125,2.720804561189913,3.5268647238073627,296,1.9122899844572059,2.508059375957925,1.928569363899511,2.523260308733339,2.308907351522688,2.7376817447293127,1.1363341666091091
c_14396,392,1970-01-06 02:00:00,2.32476713620594,2.7363400420665758,2.3743328064020806,2.7871436527763542,392,2.049782368373451,2.584152931327475,2.077157178067034,2.611221423414344,2.308907351522688,2.7376817447293127,1.1363341666091091
c_14396,488,1970-01-07 02:00:00,6.027402070393005,6.307340994323107,6.022214944971357,6.286577905892262,488,3.679164665280968,4.178458948481269,3.7057841041877837,4.200195427491993,2.308907351522688,2.7376817447293127,1.1363341666091091
c_14396,584,1970-01-08 02:00:00,2.9042094484531393,3.178079918488777,2.8667350684184902,3.123422577441129,584,3.752126218350695,4.07392031829282,3.7544276065973095,4.0657147120365815,2.308907351522688,2.7376817447293127,1.1363341666091091
c_14413,200,1970-01-04 01:45:00,0.4406413572342922,0.596177972033799,0.44062041438341115,0.5960565348285287,200,0.4406413572342922,0.596177972033799,0.44062041438341115,0.5960565348285287,0.5446677448275717,0.713855997721813,0.44062041438341115
c_14413,296,1970-01-05 01:45:00,0.4883529785533425,0.5672726460201006,0.49051015832365946,0.5671746124471716,296,0.46449716789381734,0.5817253090269499,0.46556528635353533,0.5816155736378501,0.5446677448275717,0.713855997721813,0.44062041438341115
c_14413,392,1970-01-06 01:45:00,0.46264912914193673,0.6626356496464081,0.4611881447047585,0.6675541312433977,392,0.4638811549765238,0.6086954225667692,0.46410623913727633,0.6102617595063661,0.5446677448275717,0.713855997721813,0.44062041438341115
c_14413,488,1970-01-07 01:45:00,0.44591314584849134,0.6162241824635795,0.44816354674420983,0.6157613054876964,488,0.46563841784792354,0.6153774927100294,0.46662061659087595,0.6168300163927553,0.5446677448275717,0.713855997721813,0.44062041438341115
c_14413,584,1970-01-08 01:45:00,0.5012794308762932,0.6348302987880983,0.5060205005422574,0.6389215114441167,584,0.4699472352889071,0.637896710299362,0.4717907306637419,0.6407456493917368,0.5446677448275717,0.713855997721813,0.44062041438341115
c_14416,200,1970-01-04 01:45:00,0.1989268443872297,0.35952739025793834,0.19966559091386182,0.35980843937106416,200,0.1989268443872297,0.35952739025793834,0.19966559091386182,0.35980843937106416,0.3211772898042424,0.5370792362585728,0.19966559091386182
c_14416,296,1970-01-05 01:45:00,0.19068115847969394,0.2714370572660534,0.19035702875750157,0.2710564351121629,296,0.19480400143346183,0.31548222376199586,0.1950113098356817,0.3154324372416135,0.3211772898042424,0.5370792362585728,0.19966559091386182
c_14416,392,1970-01-06 01:45:00,0.20870239749046735,0.2712457457409627,0.2091572500944282,0.2711770395340026,392,0.19943680011913034,0.30073673108831817,0.19972662325526389,0.3006806380057432,0.3211772898042424,0.5370792362585728,0.19966559091386182
c_14416,488,1970-01-07 01:45:00,0.3006634732169067,0.3929349491201247,0.3012043021799462,0.39307978503903707,488,0.23334900972902264,0.3118725840423803,0.23357286034395866,0.3117710865617342,0.3211772898042424,0.5370792362585728,0.19966559091386182
c_14416,584,1970-01-08 01:45:00,0.2699501066188722,0.307002440811812,0.27167344297375323,0.3090303649379773,584,0.2597719924420821,0.3237277118909665,0.2606783317493759,0.324429063170339,0.3211772898042424,0.5370792362585728,0.19966559091386182
c_14417,200,1970-01-04 01:45:00,3.3108494015028618,3.7132668023314435,3.368046538099352,3.7952442359734566,200,3.3108494015028618,3.7132668023314435,3.368046538099352,3.7952442359734566,1.313010649346013,1.8679760037029212,3.368046538099352
c_14417,296,1970-01-05 01:45:00,2.708082514878725,3.073589469612402,2.7469027548471456,3.1216789272467635,296,3.0094659581907934,3.3934281359719227,3.0574746464732487,3.45846158161011,1.313010649346013,1.8679760037029212,3.368046538099352
c_14417,392,1970-01-06 01:45:00,2.722773203911689,3.872707708463195,2.7540527894092133,3.89035151607749,392,2.9139017067644253,3.553187993469013,2.9563340274519034,3.6024248930992364,1.313010649346013,1.8679760037029212,3.368046538099352
c_14417,488,1970-01-07 01:45:00,0.9063457338642643,1.2970657152763099,0.9515788881528912,1.346788477645182,488,2.112400484218226,2.7477876311173026,2.1508448108030835,2.7862729736564784,1.313010649346013,1.8679760037029212,3.368046538099352
c_14417,584,1970-01-08 01:45:00,1.2640006431152664,1.8478118945180846,1.2960497755800204,1.8700976973265697,584,1.6310398602970733,2.3391951060858633,1.6672271510473748,2.369079230349747,1.313010649346013,1.8679760037029212,3.368046538099352
c_14435,200,1970-01-04 01:45:00,0.6461025754656209,0.7703162061215383,0.6408334740171576,0.7644950975594105,200,0.6461025754656209,0.7703162061215383,0.6408334740171576,0.7644950975594105,0.4496021835145554,0.5415493071356067,0.6408334740171576
c_14435,296,1970-01-05 01:45:00,1.0659359733433875,3.5673170311830447,1.0571112562157798,3.565872121192358,296,0.8560192744045042,2.1688166186522917,0.8489723651164687,2.1651836093758843,0.4496021835145554,0.5415493071356067,0.6408334740171576
c_14435,392,1970-01-06 01:45:00,0.6536936218642878,0.7824179398443031,0.6627364897473208,0.7919642728626918,392,0.7885773902244321,1.7066837257162952,0.7868937399934195,1.7074438305381534,0.4496021835145554,0.5415493071356067,0.6408334740171576
c_14435,488,1970-01-07 01:45:00,0.5548970693425961,0.7083033923717197,0.5454184397780598,0.6914672442002535,488,0.7581755548500905,1.686012787799689,0.7550887285803869,1.6831012127517677,0.4496021835145554,0.5415493071356067,0.6408334740171576
c_14435,584,1970-01-08 01:45:00,0.46131954513869095,0.5590610818637936,0.45469992764309497,0.5520106706955246,584,0.5566367454485249,0.6832608046932721,0.5542849523894919,0.6784807292528233,0.4496021835145554,0.5415493071356067,0.6408334740171576
c_14471,200,1970-01-04 03:30:00,3.4590458088662217,4.081257021834692,3.4155090760791875,4.037447499513756,200,3.4590458088662217,4.081257021834692,3.4155090760791875,4.037447499513756,1.9473653041301315,2.5768139284735523,3.4155090760791875
c_14471,296,1970-01-05 03:30:00,1.4216035457014051,1.6813616900573538,1.451825807245302,1.7042226421018214,296,2.4403246772838134,2.8813093559460228,2.433667441662245,2.8708350708077885,1.9473653041301315,2.5768139284735523,3.4155090760791875
c_14471,392,1970-01-06 03:30:00,1.2735298582823213,1.6033170142393203,1.2954139387011725,1.6125478522997352,392,2.051393070949983,2.4553119087104553,2.0542496073418874,2.451405997971771,1.9473653041301315,2.5768139284735523,3.4155090760791875
c_14471,488,1970-01-07 03:30:00,1.9191443190954114,2.32796443400899,1.8646388783476955,2.2553591223313703,488,1.5380925743597125,1.870881046101888,1.5372928747647234,1.8573765389109755,1.9473653041301315,2.5768139284735523,3.4155090760791875
c_14471,584,1970-01-08 03:30:00,1.731398399122143,2.4047605893743103,1.6847021533845679,2.350970635583064,584,1.6413575254999586,2.1120140125408735,1.614918323477812,2.0729592034047233,1.9473653041301315,2.5768139284735523,3.4155090760791875
c_14820,200,1970-01-04 02:00:00,2.7775727746367327,3.8706191842738646,2.789628498892571,3.8791295829245778,200,2.7775727746367327,3.8706191842738646,2.789628498892571,3.8791295829245778,2.60264111651728,3.956012019700766,2.789628498892571
c_14820,296,1970-01-05 02:00:00,2.583813692340968,3.9269789720950405,2.6112539855897934,3.9433816860568496,296,2.6806932334888502,3.8987990781844526,2.7004412422411823,3.911255634490714,2.60264111651728,3.956012019700766,2.789628498892571
c_14820,392,1970-01-06 02:00:00,2.9658106672855578,4.386384824487626,2.985153233295805,4.409557137675885,392,2.7757323780877527,4.06132766028551,2.79534523925939,4.077356135552438,2.60264111651728,3.956012019700766,2.789628498892571
c_14820,488,1970-01-07 02:00:00,2.8919748396888743,3.9903848640421997,2.913431967493016,4.015092916905915,488,2.8138663997718,4.101249553541622,2.836613062126205,4.12267724687955,2.60264111651728,3.956012019700766,2.789628498892571
c_14820,584,1970-01-08 02:00:00,2.7846064238120314,4.256452925609154,2.8126456660397303,4.266462350793652,584,2.8807973102621545,4.211074204712994,2.9037436222761834,4.230370801791817,2.60264111651728,3.956012019700766,2.789628498892571
c_14855,200,1970-01-04 01:45:00,0.6843987678435358,0.8874782028819048,0.6916231673788219,0.8914451023158235,200,0.6843987678435358,0.8874782028819048,0.6916231673788219,0.8914451023158235,0.6183490623074328,0.8051643511504825,0.6916231673788219
c_14855,296,1970-01-05 01:45:00,0.8724245693523115,1.1009149518527097,0.8795724665381615,1.1102732168612162,296,0.7784116685979237,0.9941965773673073,0.7855978169584916,1.00085915958852,0.6183490623074328,0.8051643511504825,0.6916231673788219
c_14855,392,1970-01-06 01:45:00,1.0422629922686548,1.6518494443275695,1.0494254629741224,1.660197123285307,392,0.8663621098215007,1.2134141996873946,0.8735403656303685,1.2206384808207822,0.6183490623074328,0.8051643511504825,0.6916231673788219
c_14855,488,1970-01-07 01:45:00,0.8173484264608847,1.0369479626366114,0.8214395577787469,1.0346842766887103,488,0.9106786626939504,1.2632374529389636,0.916812495763677,1.2683848722784112,0.6183490623074328,0.8051643511504825,0.6916231673788219
c_14855,584,1970-01-08 01:45:00,0.6628633822958631,0.8850442901333938,0.6482815348218609,0.8940626237840044,584,0.8408249336751341,1.1912805656991916,0.8397155185249101,1.1963146745860072,0.6183490623074328,0.8051643511504825,0.6916231673788219
c_14886,200,1970-01-04 02:00:00,1.5267200568065835,1.9728437856591783,1.5428913522281729,1.9881276032931574,200,1.5267200568065835,1.9728437856591783,1.5428913522281729,1.9881276032931574,1.2293075639475546,1.5875821437746158,1.5428913522281729
c_14886,296,1970-01-05 02:00:00,1.4702184663519586,1.9220731868057492,1.4957938208231367,1.9513906561724932,296,1.4984692615792712,1.9474584862324638,1.5193425865256547,1.9697591297328252,1.2293075639475546,1.5875821437746158,1.5428913522281729
c_14886,392,1970-01-06 02:00:00,1.4628336455563506,1.8510070620173542,1.47929826935357,1.8753014452943588,392,1.4865907229049642,1.915308011494094,1.5059944808016266,1.9382732349200031,1.2293075639475546,1.5875821437746158,1.5428913522281729
c_14886,488,1970-01-07 02:00:00,1.9404503597961078,2.4281645845449225,1.9331459274200764,2.4054736292640264,488,1.6245008239014724,2.0670816111226755,1.636079339198928,2.077388576910293,1.2293075639475546,1.5875821437746158,1.5428913522281729
c_14886,584,1970-01-08 02:00:00,1.622497915990003,1.9610765484789923,1.6395847865774853,1.978198568920979,584,1.675260640447487,2.0800827316804233,1.684009661117044,2.0863245478264547,1.2293075639475546,1.5875821437746158,1.5428913522281729
c_1494,200,1970-01-04 01:45:00,0.2987887767127306,0.3304798518737243,0.2993909732539002,0.3304946143823981,200,0.2987887767127306,0.3304798518737243,0.2993909732539002,0.3304946143823981,0.2855411812130649,0.4020178339478417,0.2993909732539002
c_1494,296,1970-01-05 01:45:00,0.41502687103331914,0.6460857463122318,0.4153674047114841,0.6458542888101737,296,0.3569078238730249,0.48828279909297806,0.35737918898269216,0.4881744515962859,0.2855411812130649,0.4020178339478417,0.2993909732539002
c_1494,392,1970-01-06 01:45:00,0.3397032235439769,0.3910373615556492,0.3401323314358871,0.3904616740956106,392,0.35117295709667556,0.45586765324720174,0.35163023646709046,0.4556035257627275,0.2855411812130649,0.4020178339478417,0.2993909732539002
c_1494,488,1970-01-07 01:45:00,0.3809107005425801,0.6297052392019379,0.38171686717263165,0.6305254684511447,488,0.3785469317066254,0.555609449023273,0.3790722011066676,0.5556138104523097,0.2855411812130649,0.4020178339478417,0.2993909732539002
c_1494,584,1970-01-08 01:45:00,0.2763215351190768,0.35853418093427775,0.27925295216738166,0.36097712506950796,584,0.33231181973521123,0.45975892723062156,0.3337007169253001,0.46065475587208776,0.2855411812130649,0.4020178339478417,0.2993909732539002
c_14964,200,1970-01-04 01:45:00,1.413566774544222,1.7428422229547385,1.407727653186934,1.7280607398219665,200,1.413566774544222,1.7428422229547385,1.407727653186934,1.7280607398219665,2.703873173705539,3.3395106099746386,1.407727653186934
c_14964,296,1970-01-05 01:45:00,1.8561959165091286,2.5752024881185687,1.84581343779018,2.5610570471334153,296,1.6348813455266753,2.1590223555366537,1.626770545488557,2.144558893477691,2.703873173705539,3.3395106099746386,1.407727653186934
c_14964,392,1970-01-06 01:45:00,1.5189443048072853,1.869086586386844,1.538924536742649,1.8826997267109036,392,1.5962356652868788,2.062377099153384,1.5974885425732543,2.0572725045554283,2.703873173705539,3.3395106099746386,1.407727653186934
c_14964,488,1970-01-07 01:45:00,1.1562320371085668,1.7630163736976299,1.1550218871939921,1.750155597111543,488,1.5104574194749933,2.069101816067681,1.5132532872422735,2.0646374569852872,2.703873173705539,3.3395106099746386,1.407727653186934
c_14964,584,1970-01-08 01:45:00,2.427383170468317,3.2272753027870738,2.3921912182373517,3.1986701579929044,584,1.700853170794723,2.2864594209571827,1.6953792140579977,2.277175160605117,2.703873173705539,3.3395106099746386,1.407727653186934
c_15030,200,1970-01-04 01:45:00,1.1634677753700962,1.5424640757954042,1.1595846683087456,1.5369367083416214,200,1.1634677753700962,1.5424640757954042,1.1595846683087456,1.5369367083416214,3.9941850577040015,4.71397405761117,1.1595846683087456
c_15030,296,1970-01-05 01:45:00,1.5440424467435143,2.1212188966970777,1.5459199430923256,2.118123800431635,296,1.3537551110568051,1.8318414862462409,1.3527523057005357,1.827530254386628,3.9941850577040015,4.71397405761117,1.1595846683087456
c_15030,392,1970-01-06 01:45:00,1.1864952937281161,1.5086152694297517,1.2047820932804347,1.528829237931898,392,1.298001838613909,1.724099413974078,1.303428901560502,1.727963248901718,3.9941850577040015,4.71397405761117,1.1595846683087456
c_15030,488,1970-01-07 01:45:00,1.4996806099554674,1.8277594572856546,1.4865722284997946,1.8125417103392678,488,1.4100727834756992,1.819197874470828,1.4124247549575184,1.8198315829009335,3.9941850577040015,4.71397405761117,1.1595846683087456
c_15030,584,1970-01-08 01:45:00,3.138723255037346,4.165309497358931,3.1388294866171456,4.1606999189691205,584,1.9416330529069767,2.500561408024779,1.943394602799125,2.5006902890800955,3.9941850577040015,4.71397405761117,1.1595846683087456
c_15035,200,1970-01-04 03:15:00,0.001019839733430672,0.001380062508404685,0.0,0.0,200,0.001019839733430672,0.001380062508404685,0.0,0.0,0.016180087653978,0.1011525634648175,0.0
c_15035,296,1970-01-05 03:15:00,0.001019839733430672,0.001380062508404685,0.0,0.0,296,0.001019839733430672,0.001380062508404685,0.0,0.0,0.016180087653978,0.1011525634648175,0.0
c_15035,392,1970-01-06 03:15:00,0.001019839733430672,0.001380062508404685,0.0,0.0,392,0.001019839733430672,0.001380062508404685,0.0,0.0,0.016180087653978,0.1011525634648175,0.0
c_15035,488,1970-01-07 03:15:00,0.004895724900696526,0.028478454856498314,0.00390625,0.028527216536727403,488,0.002311801455852623,0.010412859957769227,0.0013020833333333333,0.009509072178909134,0.016180087653978,0.1011525634648175,0.0
c_15035,584,1970-01-08 03:15:00,0.019651564950962454,0.10080755376932304,0.019618333721529643,0.10087217877734897,584,0.008522376528363218,0.04355535704474201,0.007841527907176548,0.043133131771358794,0.016180087653978,0.1011525634648175,0.0
c_15072,200,1970-01-04 01:45:00,1.945171358525288,2.4471441610813254,1.94630979304745,2.4460053192330844,200,1.945171358525288,2.4471441610813254,1.94630979304745,2.4460053192330844,1.411504472927695,2.651616030765826,1.94630979304745
c_15072,296,1970-01-05 01:45:00,1.3958611281091438,1.6988632989340355,1.40540851184575,1.6973644437157873,296,1.6705162433172158,2.0730037300076805,1.6758591524466,2.071684881474436,1.411504472927695,2.651616030765826,1.94630979304745
c_15072,392,1970-01-06 01:45:00,1.2449291848182493,1.669170381824455,1.246142729717836,1.6694829277023977,392,1.528653890484227,1.9383926139466052,1.5326203448703453,1.937617563550423,1.411504472927695,2.651616030765826,1.94630979304745
c_15072,488,1970-01-07 01:45:00,1.09205017755662,1.4520970967713764,1.0911465978782096,1.449743553543489,488,1.2442801634946712,1.6067102591766222,1.2475659464805984,1.605530308320558,1.411504472927695,2.651616030765826,1.94630979304745
c_15072,584,1970-01-08 01:45:00,1.0805295861042195,1.3556615893545074,1.0838611415228723,1.3575418601952625,584,1.1391696494930297,1.4923096893167795,1.1403834897063059,1.4922561138137163,1.411504472927695,2.651616030765826,1.94630979304745
c_15179,200,1970-01-04 02:00:00,1.4073459569894071,1.9099722627921065,1.4014338550915426,1.9069590232959004,200,1.4073459569894071,1.9099722627921065,1.4014338550915426,1.9069590232959004,2.3439769314522265,2.7149355069641516,1.4014338550915426
c_15179,296,1970-01-05 02:00:00,2.405676838916954,2.9636302050598204,2.4175235799585058,2.978983544601011,296,1.9065113979531805,2.4368012339259635,1.9094787175250243,2.442971283948456,2.3439769314522265,2.7149355069641516,1.4014338550915426
c_15179,392,1970-01-06 02:00:00,1.8082245976645257,2.20854977153857,1.839775716371266,2.232301440161302,392,1.8737491311902954,2.360717413130166,1.8862443838071048,2.372748002686071,2.3439769314522265,2.7149355069641516,1.4014338550915426
c_15179,488,1970-01-07 02:00:00,4.769452618705617,5.33073130999837,4.752820476192499,5.290658028648941,488,2.994451351762365,3.500970428865587,3.0033732575074232,3.5006476711370844,2.3439769314522265,2.7149355069641516,1.4014338550915426
c_15179,584,1970-01-08 02:00:00,2.959999357268052,3.430407860676519,2.9245708672269295,3.3661994962328716,584,3.1792255245460646,3.6565629807378195,3.172389019930231,3.6297196550143718,2.3439769314522265,2.7149355069641516,1.4014338550915426
c_15235,200,1970-01-04 02:00:00,1.9616518888674819,2.541784261399079,1.955986460818157,2.539462497235106,200,1.9616518888674819,2.541784261399079,1.955986460818157,2.539462497235106,1.1802258508078405,1.5049706378051688,1.955986460818157
c_15235,296,1970-01-05 02:00:00,1.366824126348714,1.7189942419674933,1.3681292504839995,1.719644205882473,296,1.6642380076080978,2.1303892516832863,1.6620578556510783,2.1295533515587897,1.1802258508078405,1.5049706378051688,1.955986460818157
c_15235,392,1970-01-06 02:00:00,1.6989658139129258,3.3912278062802437,1.7062316586019985,3.385383059672391,392,1.6758139430430405,2.550668769882272,1.6767824566347185,2.5481632542633235,1.1802258508078405,1.5049706378051688,1.955986460818157
c_15235,488,1970-01-07 02:00:00,1.319342682266755,1.63736179595364,1.3448656392232683,1.6641081601719498,488,1.4617108741761318,2.2491946147337925,1.4730755161030888,2.2563784752422715,1.1802258508078405,1.5049706378051688,1.955986460818157
c_15235,584,1970-01-08 02:00:00,1.2560497676061992,1.6315069971050944,1.265166325679167,1.653828482945718,584,1.424786087928627,2.2200321997796593,1.4387545411681444,2.23443990093002,1.1802258508078405,1.5049706378051688,1.955986460818157
c_15282,200,1970-01-04 02:00:00,0.32731079008797276,0.44131620048988485,0.3284384331876751,0.4411667676455589,200,0.32731079008797276,0.44131620048988485,0.3284384331876751,0.4411667676455589,0.3334504235754721,0.4157216049093624,0.3284384331876751
c_15282,296,1970-01-05 02:00:00,0.3523638902541921,0.4147226242747521,0.35270829276365684,0.4142863475390985,296,0.33983734017108247,0.42801941238231844,0.340573362975666,0.4277265575923287,0.3334504235754721,0.4157216049093624,0.3284384331876751
c_15282,392,1970-01-06 02:00:00,0.37359845731155233,0.5454150031230035,0.3723805100888913,0.5450473399241815,392,0.3510910458845724,0.46715127596254685,0.35117574534674106,0.46683348503627964,0.3334504235754721,0.4157216049093624,0.3284384331876751
c_15282,488,1970-01-07 02:00:00,0.39495280969377133,0.5281118262888626,0.39178444766879345,0.5228423230648821,488,0.37363838575317193,0.49608315122887275,0.3722910835071139,0.4940586701760541,0.3334504235754721,0.4157216049093624,0.3284384331876751
c_15282,584,1970-01-08 02:00:00,0.31322166725392236,0.3808530746893057,0.3067993012145108,0.3761717898281809,584,0.3605909780864153,0.4847933013670573,0.35698808632406515,0.4813538176057482,0.3334504235754721,0.4157216049093624,0.3284384331876751
c_15420,200,1970-01-04 02:30:00,1.5814746307130294,1.9328829910118388,1.583984098261209,1.9392483348265235,200,1.5814746307130294,1.9328829910118388,1.583984098261209,1.9392483348265235,1.4721818242445934,1.7527792571972216,1.583984098261209
c_15420,296,1970-01-05 02:30:00,1.4485072728428745,1.6881314599762325,1.444075501316547,1.683786379091929,296,1.514990951777952,1.8105072254940358,1.514029799788878,1.8115173569592262,1.4721818242445934,1.7527792571972216,1.583984098261209
c_15420,392,1970-01-06 02:30:00,1.284428356564905,1.6222641203903314,1.2898380603125743,1.63048238600778,392,1.438136753373603,1.7477595237928008,1.4392992199634433,1.7511723666420773,1.4721818242445934,1.7527792571972216,1.583984098261209
c_15420,488,1970-01-07 02:30:00,1.6408984881306843,1.897575350228725,1.6496772497268886,1.8996943950552068,488,1.4579447058461545,1.7359903101984295,1.46119693711867,1.7379877200516385,1.4721818242445934,1.7527792571972216,1.583984098261209
c_15420,584,1970-01-08 02:30:00,1.4622152860099031,1.7574151826882514,1.4597588336681848,1.7591849270239162,584,1.4625140435684976,1.7590848844357694,1.466424714569216,1.7631205693623009,1.4721818242445934,1.7527792571972216,1.583984098261209
c_15446,200,1970-01-04 01:45:00,0.13283113466017224,0.5165395662199443,0.1338560380474556,0.515465570936292,200,0.13283113466017224,0.5165395662199443,0.1338560380474556,0.515465570936292,0.1230533734111749,0.4596008301765383,0.1338560380474556
c_15446,296,1970-01-05 01:45:00,0.09836363975284908,0.15462961646898638,0.10006265926109574,0.1550373948784634,296,0.11559738720651067,0.3355845913444654,0.11695934865427568,0.3352514829073777,0.1230533734111749,0.4596008301765383,0.1338560380474556
c_15446,392,1970-01-06 01:45:00,0.15622444240291183,0.45079544119973153,0.15920144513640633,0.450729243210017,392,0.1291397389386444,0.3739882079628874,0.13104004748165257,0.37374406967492413,0.1230533734111749,0.4596008301765383,0.1338560380474556
c_15446,488,1970-01-07 01:45:00,0.11815803202081136,0.27060434400455613,0.12101595360086566,0.2709511050563723,488,0.12424870472552409,0.292009800557758,0.12676001933278924,0.2922392477149509,0.1230533734111749,0.4596008301765383,0.1338560380474556
c_15446,584,1970-01-08 01:45:00,0.12577673693133304,0.4599647880279074,0.12804857504423692,0.45943653708983606,584,0.13338640378501873,0.3937881910773984,0.13608865792716965,0.3937056284520752,0.1230533734111749,0.4596008301765383,0.1338560380474556
c_15486,200,1970-01-04 01:45:00,0.855033901772332,1.0293236366875589,0.8518555190711689,1.0233179770734115,200,0.855033901772332,1.0293236366875589,0.8518555190711689,1.0233179770734115,0.9715679718831606,1.2175349882028164,0.8518555190711689
c_15486,296,1970-01-05 01:45:00,0.7575540171684492,0.9249989896987858,0.7557986344770259,0.9231058888407074,296,0.8062939594703906,0.9771613131931723,0.8038270767740974,0.9732119329570594,0.9715679718831606,1.2175349882028164,0.8518555190711689
c_15486,392,1970-01-06 01:45:00,0.6905160988952067,0.9124780094143415,0.6879775288305684,0.9122849749773708,392,0.7677013392786627,0.9556002119335621,0.765210560792921,0.9529029469638299,0.9715679718831606,1.2175349882028164,0.8518555190711689
c_15486,488,1970-01-07 01:45:00,0.8455119991521028,1.1220896290485987,0.845891102791819,1.121959295082316,488,0.7645273717385862,0.986522209387242,0.7632224220331377,0.9857833863001314,0.9715679718831606,1.2175349882028164,0.8518555190711689
c_15486,584,1970-01-08 01:45:00,0.9269555610166035,1.1672818739570887,0.9220100694008747,1.1646161432068742,584,0.8209945530213044,1.0672831708066763,0.8186262336744207,1.0662868044221872,0.9715679718831606,1.2175349882028164,0.8518555190711689
c_15527,200,1970-01-04 06:15:00,11.977848297415685,13.74374537862473,10.99368532400059,12.693270483776498,200,11.977848297415685,13.74374537862473,10.99368532400059,12.693270483776498,6.049891637914481,7.231107561824119,10.99368532400059
c_15527,296,1970-01-05 06:15:00,4.515739834858723,5.7880505594456615,4.452202045840099,5.6931448927552895,296,8.246794066137204,9.765897969035196,7.722943684920343,9.193207688265893,6.049891637914481,7.231107561824119,10.99368532400059
c_15527,392,1970-01-06 06:15:00,4.593126695401446,5.987831895053847,4.590763558573939,5.9804651783730725,392,7.0289049425586185,8.506542611041413,6.678883642804876,8.12229351830162,6.049891637914481,7.231107561824119,10.99368532400059
c_15527,488,1970-01-07 06:15:00,7.425661946228639,8.697404099723087,7.390389756961025,8.6470054108392,488,5.511509492162936,6.824428851407532,5.477785120458354,6.773538493989187,6.049891637914481,7.231107561824119,10.99368532400059
c_15527,584,1970-01-08 06:15:00,5.388855011938738,6.469255527917723,5.324271098284094,6.425626027972412,584,5.802547884522941,7.051497174231553,5.7684748046063525,7.017698872394895,6.049891637914481,7.231107561824119,10.99368532400059
c_15555,200,1970-01-04 03:00:00,1.6374305626925176,1.9479835950689508,1.635106385279881,1.943241720436676,200,1.6374305626925176,1.9479835950689508,1.635106385279881,1.943241720436676,1.507903408552788,1.7752129332127815,1.635106385279881
c_15555,296,1970-01-05 03:00:00,1.6251255422426087,1.7814541783106854,1.6259500238290194,1.783172686121357,296,1.6312780524675632,1.8647188866898181,1.6305282045544502,1.8632072032790166,1.507903408552788,1.7752129332127815,1.635106385279881
c_15555,392,1970-01-06 03:00:00,1.3251780265517241,1.6123090300095384,1.3247458937850813,1.6159019919209132,392,1.529244710495617,1.7805822677963914,1.5286007676313274,1.7807721328263153,1.507903408552788,1.7752129332127815,1.635106385279881
c_15555,488,1970-01-07 03:00:00,1.5450970914388904,1.9140606065282093,1.5376426629733295,1.9089594443762146,488,1.4984668867444075,1.7692746049494776,1.49611286019581,1.7693447074728283,1.507903408552788,1.7752129332127815,1.635106385279881
c_15555,584,1970-01-08 03:00:00,1.4907902232344465,1.7856123781305568,1.4905688381943214,1.7888958353273587,584,1.4536884470750202,1.7706606715561015,1.4509857983175773,1.7712524238748288,1.507903408552788,1.7752129332127815,1.635106385279881
c_15570,200,1970-01-04 01:45:00,0.6337475181003561,0.8038939625998683,0.6303816857582897,0.8033742425425089,200,0.6337475181003561,0.8038939625998683,0.6303816857582897,0.8033742425425089,0.6273207398798786,0.793291608007338,0.6303816857582897
c_15570,296,1970-01-05 01:45:00,0.5295432249086808,0.6719439806420958,0.5320441992023577,0.6750493740394147,296,0.5816453715045184,0.7379189716209821,0.5812129424803236,0.7392118082909618,0.6273207398798786,0.793291608007338,0.6303816857582897
c_15570,392,1970-01-06 01:45:00,0.5156320078811603,0.7175817933336993,0.5251629887544488,0.7255892802748994,392,0.559640916963399,0.7311399121918879,0.5625296245716987,0.7346709656189411,0.6273207398798786,0.793291608007338,0.6303816857582897
c_15570,488,1970-01-07 01:45:00,1.085029546331882,3.430805610862229,1.0816720608706736,3.4206914508471487,488,0.7100682597072411,1.6067771282793413,0.7129597496091601,1.607110035053821,0.6273207398798786,0.793291608007338,0.6303816857582897
c_15570,584,1970-01-08 01:45:00,0.6226255078529929,0.755785508352139,0.6296721361090558,0.7541341959145614,584,0.741095687355345,1.634724304182689,0.7455023952447261,1.6334716423455367,0.6273207398798786,0.793291608007338,0.6303816857582897
c_15604,200,1970-01-04 01:45:00,0.4647714239178731,0.5895626772730745,0.46462858927850603,0.5890470541094723,200,0.4647714239178731,0.5895626772730745,0.46462858927850603,0.5890470541094723,0.7278810956687553,1.875173111250514,0.46462858927850603
c_15604,296,1970-01-05 01:45:00,0.36782828977022675,0.5371091893553046,0.36815690881071866,0.5373114077656519,296,0.4162998568440499,0.5633359333141896,0.4163927490446123,0.5631792309375621,0.7278810956687553,1.875173111250514,0.46462858927850603
c_15604,392,1970-01-06 01:45:00,0.26453894835449304,0.3328982415948844,0.2650176452255208,0.3340392633113522,392,0.365712887347531,0.4865233694077545,0.36593438110491516,0.48679924172882544,0.7278810956687553,1.875173111250514,0.46462858927850603
c_15604,488,1970-01-07 01:45:00,0.2895186802860848,0.38527370212816875,0.28969817900398304,0.3848277886045566,488,0.30729530613693484,0.4184270443594526,0.3076242443467408,0.41872615322718687,0.7278810956687553,1.875173111250514,0.46462858927850603
c_15604,584,1970-01-08 01:45:00,0.6306835143068186,1.744152297224907,0.6288880630276965,1.7432273782500876,584,0.3949137143157988,0.8207747469826533,0.39453462908573345,0.8206981433886654,0.7278810956687553,1.875173111250514,0.46462858927850603
c_15616,200,1970-01-04 01:45:00,0.5557702438429009,1.6309289777290832,0.562220513828537,1.634408758880752,200,0.5557702438429009,1.6309289777290832,0.562220513828537,1.634408758880752,0.9473663474899222,1.4418029128849672,0.562220513828537
c_15616,296,1970-01-05 01:45:00,0.48775406970798635,0.6202989014333555,0.4866442857319546,0.6164826670106391,296,0.5217621567754436,1.1256139395812195,0.5244323997802458,1.1254457129456956,0.9473663474899222,1.4418029128849672,0.562220513828537
c_15616,392,1970-01-06 01:45:00,0.3881870725617556,0.519176548165059,0.3962888497433708,0.5194070898727753,392,0.47723712870421425,0.9234681424424993,0.48171788310128744,0.9234328385880555,0.9473663474899222,1.4418029128849672,0.562220513828537
c_15616,488,1970-01-07 01:45:00,0.5864405820194959,0.8507430147272423,0.5764723464793764,0.8411450786170158,488,0.4874605747630793,0.6634061547752189,0.4864684939849006,0.6590116118334768,0.9473663474899222,1.4418029128849672,0.562220513828537
c_15616,584,1970-01-08 01:45:00,0.890229989239204,1.378416940098869,0.8835414572178298,1.3741361106191585,584,0.6216192146068186,0.9161121676637235,0.618767551146859,0.9115627597029832,0.9473663474899222,1.4418029128849672,0.562220513828537
c_15630,200,1970-01-04 01:45:00,1.0900276209642108,1.7939187618673649,1.0862045040684372,1.7887051549878368,200,1.0900276209642108,1.7939187618673649,1.0862045040684372,1.7887051549878368,1.176833647601012,1.509164906341514,1.0862045040684372
c_15630,296,1970-01-05 01:45:00,0.4441647455277061,0.5379695792347291,0.4505869476939075,0.5464644547914733,296,0.7670961832459584,1.165944170551047,0.7683957258811723,1.167584804889655,1.176833647601012,1.509164906341514,1.0862045040684372
c_15630,392,1970-01-06 01:45:00,0.37579739496379777,0.48055924158800184,0.38670758326518845,0.4891645184215597,392,0.6366632538185716,0.9374825275633653,0.6411663450091777,0.9414447094002899,1.176833647601012,1.509164906341514,1.0862045040684372
c_15630,488,1970-01-07 01:45:00,0.4877727469811859,0.6021788708012792,0.47581014601301724,0.584172208297713,488,0.43591162915756326,0.5402358972080034,0.43770155899070434,0.5399337271702487,1.176833647601012,1.509164906341514,1.0862045040684372
c_15630,584,1970-01-08 01:45:00,1.0299909310187567,1.423307770973657,1.0353071709414063,1.4285146692806847,584,0.6311870243212468,0.835348627787646,0.632608300073204,0.8339504653333192,1.176833647601012,1.509164906341514,1.0862045040684372
c_15640,200,1970-01-04 01:45:00,24.653260585607608,31.596457678924352,24.714746465888386,31.639271744103826,200,24.653260585607608,31.596457678924352,24.714746465888386,31.639271744103826,4.035472079409838,6.55698947809748,24.714746465888386
c_15640,296,1970-01-05 01:45:00,26.19611812970273,27.249394835265264,26.053672013245585,26.83242609100285,296,25.42468935765517,29.422926257094808,25.384209239566985,29.23584891755334,4.035472079409838,6.55698947809748,24.714746465888386
c_15640,392,1970-01-06 01:45:00,7.570201920231355,7.9808504998914485,7.591814412259827,8.005802795719644,392,19.473193545180564,22.275567671360353,19.453410963797932,22.15916687694211,4.035472079409838,6.55698947809748,24.714746465888386
c_15640,488,1970-01-07 01:45:00,10.212182757166794,11.864517459591257,10.198796557447587,11.813917773318453,488,14.659500935700292,15.698254264915988,14.614760994317663,15.550715553346985,4.035472079409838,6.55698947809748,24.714746465888386
c_15640,584,1970-01-08 01:45:00,4.060666645385546,6.556416933097277,4.087308452952104,6.583796172473938,584,7.281017107594565,8.800594964193328,7.292639807553172,8.801172247170678,4.035472079409838,6.55698947809748,24.714746465888386
c_15642,200,1970-01-04 02:00:00,0.6630077466605578,0.795285721160035,0.6529956998884633,0.7871320714694019,200,0.6630077466605578,0.795285721160035,0.6529956998884633,0.7871320714694019,0.4199703240485711,0.5533452791902751,0.6529956998884633
c_15642,296,1970-01-05 02:00:00,0.5717920869686196,0.7849045916255499,0.5729655582596682,0.7864161651431639,296,0.6173999168145887,0.7900951563927925,0.6129806290740658,0.7867741183062829,0.4199703240485711,0.5533452791902751,0.6529956998884633
c_15642,392,1970-01-06 02:00:00,0.45765183476255616,0.619338807346625,0.45996072658189213,0.6202530535048763,392,0.5641505561305779,0.7331763733774034,0.5619739949100079,0.731267096705814,0.4199703240485711,0.5533452791902751,0.6529956998884633
c_15642,488,1970-01-07 02:00:00,0.5515964050950745,0.7253219159907847,0.5419966223184703,0.7172969712137349,488,0.5270134422754168,0.7098551049876533,0.5249743023866769,0.707988729953925,0.4199703240485711,0.5533452791902751,0.6529956998884633
c_15642,584,1970-01-08 02:00:00,0.41652771041518943,0.5474748058286295,0.41522219545330846,0.5457242331945386,584,0.47525865009094,0.6307118430553463,0.4723931814512236,0.6277580859710499,0.4199703240485711,0.5533452791902751,0.6529956998884633
c_15647,200,1970-01-04 01:45:00,1.3792958179472468,1.9173903332774747,1.3845145425649286,1.9164314059540792,200,1.3792958179472468,1.9173903332774747,1.3845145425649286,1.9164314059540792,1.3394742197533331,1.595373883503916,1.3845145425649286
c_15647,296,1970-01-05 01:45:00,1.7801154982998657,2.19774914865682,1.7775590816065794,2.1873529592923537,296,1.5797056581235562,2.057569740967147,1.5810368120857539,2.0518921826232166,1.3394742197533331,1.595373883503916,1.3845145425649286
c_15647,392,1970-01-06 01:45:00,1.1775600655683287,1.4196983894481103,1.1907413893901402,1.4365695003471552,392,1.445657127271814,1.8449459571274682,1.4509383378538827,1.8467846218645294,1.3394742197533331,1.595373883503916,1.3845145425649286
c_15647,488,1970-01-07 01:45:00,2.848930788804816,3.3132762787827397,2.837599141712141,3.2856698101387667,488,1.9355354508910034,2.3102412722958903,1.9352998709029536,2.3031974232594252,1.3394742197533331,1.595373883503916,1.3845145425649286
c_15647,584,1970-01-08 01:45:00,1.6621596505975116,1.9295707175008014,1.6440230951498573,1.9050531938850193,584,1.8962168349902189,2.2208484619105504,1.8907878754173797,2.2090975014569803,1.3394742197533331,1.595373883503916,1.3845145425649286
c_15794,200,1970-01-04 01:45:00,0.001019839733430672,0.001380062508404685,0.0,0.0,200,0.001019839733430672,0.001380062508404685,0.0,0.0,0.0198025054350426,0.0233077771791835,0.0
c_15794,296,1970-01-05 01:45:00,0.001019839733430672,0.001380062508404685,0.0,0.0,296,0.001019839733430672,0.001380062508404685,0.0,0.0,0.0198025054350426,0.0233077771791835,0.0
c_15794,392,1970-01-06 01:45:00,0.001019839733430672,0.001380062508404685,0.0,0.0,392,0.001019839733430672,0.001380062508404685,0.0,0.0,0.0198025054350426,0.0233077771791835,0.0
c_15794,488,1970-01-07 01:45:00,0.025325395288986228,0.2384239675623784,0.024305555555555556,0.23814483610392012,488,0.009121691585282523,0.08039469752639593,0.008101851851851851,0.07938161203464005,0.0198025054350426,0.0233077771791835,0.0
c_15794,584,1970-01-08 01:45:00,0.029726116695528753,0.03176386389622148,0.030872286130595134,0.03304774795484695,584,0.01869045057264855,0.09052263132233485,0.018392613895383565,0.09039752801958902,0.0198025054350426,0.0233077771791835,0.0
c_15856,200,1970-01-04 03:15:00,0.43710682277722607,0.6115559565741245,0.43918860047198605,0.6143775133840483,200,0.43710682277722607,0.6115559565741245,0.43918860047198605,0.6143775133840483,0.5700643531441346,0.7187403041045665,0.43918860047198605
c_15856,296,1970-01-05 03:15:00,0.41632964236276654,0.6740124891335252,0.4175290744303178,0.6737004961876214,296,0.4267182325699963,0.6427842228538249,0.4283588374511519,0.6440390047858349,0.5700643531441346,0.7187403041045665,0.43918860047198605
c_15856,392,1970-01-06 03:15:00,0.5023064755307648,0.6537161104364438,0.5078413509131293,0.6603683761628056,392,0.4519143135569192,0.6464281853813646,0.4548530086051444,0.6494821285781585,0.5700643531441346,0.7187403041045665,0.43918860047198605
c_15856,488,1970-01-07 03:15:00,0.5245549833379286,0.6164344517234019,0.524539396072349,0.6151318318476965,488,0.48106370041048657,0.6480543504311237,0.4833032738052654,0.6497335680660412,0.5700643531441346,0.7187403041045665,0.43918860047198605
c_15856,584,1970-01-08 03:15:00,0.5832212490758746,0.7548748549627623,0.5814541465084329,0.7483945684263049,584,0.5366942359815227,0.6750084723742026,0.5379449644979705,0.6746315921456024,0.5700643531441346,0.7187403041045665,0.43918860047198605
c_16008,200,1970-01-04 01:45:00,1.495987294994588,2.378060454086562,1.499972589136334,2.378980759374638,200,1.495987294994588,2.378060454086562,1.499972589136334,2.378980759374638,11.473186098620042,13.265731589267828,1.499972589136334
c_16008,296,1970-01-05 01:45:00,1.5047158926763817,2.2057642509545192,1.5243299451927268,2.220202199716008,296,1.500351593835485,2.2919123525205407,1.5121512671645303,2.299591479545323,11.473186098620042,13.265731589267828,1.499972589136334
c_16008,392,1970-01-06 01:45:00,1.6454993457975835,2.0496720415471668,1.651133706075819,2.0557901983825855,392,1.5487341778228512,2.2111655821960827,1.5584787468016266,2.2183243858244106,11.473186098620042,13.265731589267828,1.499972589136334
c_16008,488,1970-01-07 01:45:00,1.7791458293317544,2.3580013896889493,1.7813176815578782,2.3666955713159843,488,1.6431203559352399,2.2044792273968787,1.6522604442754745,2.2142293231381927,11.473186098620042,13.265731589267828,1.499972589136334
c_16008,584,1970-01-08 01:45:00,9.54147414155363,12.025326811274129,9.64478443213474,12.09803101790069,584,4.322039772227655,5.477666747503416,4.359078606589478,5.506838929199753,11.473186098620042,13.265731589267828,1.499972589136334
c_16048,200,1970-01-04 01:45:00,2.9351305800012724,3.7665256679755577,2.951959050324889,3.7763021781135624,200,2.9351305800012724,3.7665256679755577,2.951959050324889,3.7763021781135624,3.161732461011121,4.154859404813412,2.951959050324889
c_16048,296,1970-01-05 01:45:00,2.663461026178965,3.562188780582602,2.6826829346972265,3.586005997961005,296,2.7992958030901187,3.6643572242790796,2.817320992511058,3.6811540880372835,3.161732461011121,4.154859404813412,2.951959050324889
c_16048,392,1970-01-06 01:45:00,3.059576381620296,3.9054764711383743,3.0818394096644943,3.9214199517227204,392,2.886055995933511,3.7447303065655113,2.90549379822887,3.7612427092657623,3.161732461011121,4.154859404813412,2.951959050324889
c_16048,488,1970-01-07 01:45:00,3.385636629106695,4.2875603302592395,3.396346787410575,4.293641692611085,488,3.0362246789686522,3.9184085273267386,3.053623043924098,3.9336892140982704,3.161732461011121,4.154859404813412,2.951959050324889
c_16048,584,1970-01-08 01:45:00,2.812954339122251,3.6452693204580346,2.813874704609052,3.6392784145324253,584,3.0860557832830806,3.9461020406185496,3.097353633894707,3.951446686288744,3.161732461011121,4.154859404813412,2.951959050324889
