sample_quantile,theoretical_quantile
-6.397109064276941,-2.3263286980256237
-6.342471442827467,-2.3190354396131925
-6.140156748508426,-2.311863489157642
-6.117181032462926,-2.304808520156914
-6.112881679186137,-2.297866437558148
-5.846212929974979,-2.291033361408983
-5.7439228631763495,-2.2843056119335863
-5.734722588509397,-2.277679695886577
-5.704524508574958,-2.27115229405538
-5.367132971708796,-2.2647202497966368
-5.18064249226083,-2.258380558505384
-3.957931022574893,-2.2521303579271326
-3.41539101199086,-2.2459669192329272
-3.352781358490922,-2.239887638786209
-3.2754696240861914,-2.233890030537922
-3.192473920235403,-2.2279717189930417
-3.107977357013455,-2.2221304326976172
-3.025998621714602,-2.216363998200653
-2.915729797416857,-2.2106703344497483
-2.870748714262538,-2.205047447583543
-2.7929331738876124,-2.1994934260876198
-2.753172668122591,-2.1940064362837535
-2.706333938275339,-2.1885847181252727
-2.700874160313227,-2.183226581273872
-2.693198337136751,-2.1779304014354994
-2.6822345046457263,-2.172694616934983
-2.645893138718651,-2.1675177255109386
-2.6084403989996914,-2.162398281314104
-2.596028193942185,-2.1573348920937625
-2.5579240415486555,-2.1523262165582495
-2.5525025910434382,-2.1473709618967303
-2.534356076893586,-2.1424678814505356
-2.507208053915317,-2.1376157725233167
-2.4850794551612116,-2.1328134743201823
-2.408968809159147,-2.128059866006778
-2.3948167666064273,-2.123353864879999
-2.3903447740161585,-2.1186944246426935
-2.389582376284863,-2.1140805337753354
-2.3740211771627355,-2.1095112139981627
-2.3647961407510194,-2.1049855188178026
-2.363473455411929,-2.100502532152863
-2.3146337558275802,-2.0960613670333754
-2.2972744978501245,-2.0916611643693614
-2.284624200159864,-2.08730109178416
-2.2535449113992905,-2.0829803425084363
-2.2485411777466204,-2.0786981343311344
-2.2410735860125057,-2.0744537086038664
-2.2282713191424746,-2.070246329295498
-2.2236837314011684,-2.06607528209392
-2.2195043953461147,-2.061939873552184
-2.2000891764894455,-2.0578394302764136
-2.1950773202519267,-2.0537732981530263
-2.179821547881929,-2.0497408416130254
-2.163328772544609,-2.045741442931221
-2.156338441224715,-2.041774501558405
-2.1560098420068217,-2.0378394334846512
-2.141364863646296,-2.033935670631982
-2.1247777379451973,-2.0300626602748055
-2.114100042995412,-2.0262198644866016
-2.095679429013404,-2.0224067596114397
-2.095077772697708,-2.0186228357589964
-2.0911032825204265,-2.0148675963218348
-2.08848894378754,-2.0111405575137553
-2.0780745327074706,-2.0074412479281434
-2.0669209826635235,-2.0037692081152647
-2.0512880765434525,-2.000123990177542
-2.050944646090188,-1.9965051573818993
-2.0495613460523914,-1.992912283788321
-2.042795606643738,-1.9893449538938037
-2.0272890145707314,-1.9858027622909482
-2.0195476672431925,-1.9822853133404748
-2.0173633155977426,-1.9787922208569702
-1.9950832446401083,-1.9753231078072477
-1.9936472357749417,-1.9718776060206962
-1.9743989505865709,-1.9684553559110627
-1.9590321067172478,-1.9650560062091227
-1.9381592687271503,-1.9616792137057322
-1.936778724462196,-1.9583246430047754
-1.8791577702068503,-1.9549919662855582
-1.8780701602160128,-1.9516808630742148
-1.8771960776807806,-1.948391020023715
-1.8616934253368589,-1.945122130702088
-1.8485447130080663,-1.9418738953884984
-1.83337198426905,-1.938646020876823
-1.8331604067758565,-1.935438220286398
-1.8196916154574283,-1.9322502128796284
-1.806341694272444,-1.9290817238861568
-1.8059497888848681,-1.9259324843333143
-1.8038259194928439,-1.9228022308825783
-1.7948353380628161,-1.9196907056717962
-1.7846687663849234,-1.9165976561629092
-1.776628091567444,-1.9135228349949778
-1.7738969591521676,-1.910465999842256
-1.7682821120549062,-1.90742691327713
-1.759341140417073,-1.9044053426377154
-1.7576990373075956,-1.9014010598999156
-1.7523491314617798,-1.898413841553774
-1.7522876743639901,-1.8954434684839387
-1.7470699368081704,-1.892489725854083
-1.745847819760672,-1.8895524029951163
-1.7410941851695205,-1.886631293297043
-1.736922854991415,-1.8837261941043328
-1.7301738662033401,-1.8808369066146458
-1.72844221742587,-1.8779632357808094
-1.696789839509738,-1.8751049902159018
-1.681581043856477,-1.8722619821013364
-1.6672387004540559,-1.8694340270978245
-1.666545058233939,-1.8666209442591188
-1.6645437397808527,-1.8638225559484223
-1.6616707709956646,-1.8610386877573744
-1.6537499645217266,-1.8582691684275128
-1.650706312040201,-1.8555138297741216
-1.648510192123653,-1.8527725066123806
-1.6456265362803302,-1.8500450366857304
-1.6392977119960082,-1.8473312605963768
-1.6345401924816265,-1.8446310217378539
-1.6315227486266102,-1.8419441662295764
-1.6294718032470652,-1.8392705428533118
-1.6282543631298667,-1.8366100029914947
-1.6236999171509712,-1.8339624005673374
-1.6209325763329865,-1.8313275919866585
-1.616336408597499,-1.828705436081376
-1.6152984746512973,-1.826095794054611
-1.6124740261364992,-1.823498529427341
-1.605357364470294,-1.8209135079865544
-1.5989894656317067,-1.8183405977348568
-1.5939085912446507,-1.815779668841473
-1.5904355685663905,-1.8132305935946105
-1.5849056175331775,-1.8106932463551262
-1.5848989011273518,-1.8081675035114648
-1.5810437048291714,-1.8056532434358177
-1.569943359924585,-1.8031503464414689
-1.5657042195228337,-1.800658694741291
-1.5625417051963109,-1.7981781724073433
-1.5623873808369537,-1.7957086653315528
-1.5600605032372765,-1.7932500611874276
-1.5587017029426378,-1.7908022493927829
-1.5515328145948866,-1.788365121073443
-1.5484253585073051,-1.7859385690278793
-1.5477183710061335,-1.783522487692775
-1.5425834816043391,-1.7811167731094697
-1.540761188830848,-1.7787213228912646
-1.5346814615427578,-1.776336036191563
-1.5344054497929835,-1.7739608136728178
-1.5343261012264364,-1.7715955574762587
-1.5336015123923823,-1.7692401711923857
-1.5224960630787765,-1.7668945598321912
-1.5108172685961143,-1.7645586297991054
-1.5077971344307382,-1.762232288861627
-1.5064501059624522,-1.7599154461266322
-1.5031787737603948,-1.7576080120133355
-1.5001165642113516,-1.7553098982278819
-1.4957360319917854,-1.7530210177385552
-1.4947034261488013,-1.750741284751593
-1.490416054998196,-1.7484706146875615
-1.4827583958883206,-1.7462089241583163
-1.480313417893211,-1.7439561309444969
-1.4755485088218776,-1.7417121539735556
-1.4742636755615028,-1.7394769132983072
-1.4699789998542974,-1.737250330075975
-1.4696247055521454,-1.7350323265477319
-1.469309484548825,-1.7328228260187069
-1.4684326317168985,-1.730621752838464
-1.4655959210592575,-1.7284290323819191
-1.462109176287027,-1.7262445910306992
-1.4537973781145863,-1.724068356154926
-1.4531482921147354,-1.7219002560954069
-1.4513387895372496,-1.7197402201462344
-1.450742091138492,-1.7175881785377725
-1.4456098825126698,-1.7154440624200198
-1.444693652336327,-1.71330780384635
-1.438289638219937,-1.7111793357576086
-1.4362287699825782,-1.709058591966556
-1.430448181907888,-1.7069455071426607
-1.4271785369987608,-1.7048400167972149
-1.4266538311684949,-1.7027420572687841
-1.4259694918331798,-1.7006515657089634
-1.4230274503839382,-1.6985684800684406
-1.4118787661655665,-1.6964927390833684
-1.4118367925000532,-1.6944242822620141
-1.4099626067046662,-1.6923630498717044
-1.4063413379397987,-1.690308982926038
-1.4053095943123706,-1.6882620231723782
-1.403829487236691,-1.686222113079593
-1.4015210368916375,-1.6841891958260702
-1.3975201809057214,-1.6821632152879635
-1.3945929988336199,-1.6801441160277
-1.3936319658856624,-1.6781318432827061
-1.392980012176977,-1.676126342954383
-1.3895529652518182,-1.674127561597295
-1.3861316757271431,-1.672135446408586
-1.3815735322365255,-1.6701499452176047
-1.3752973587213992,-1.6681710064757467
-1.3745671066519667,-1.6661985792464917
-1.3734280114436632,-1.664232613195652
-1.3690406926321002,-1.6622730585818044
-1.3645308491811896,-1.6603198662469199
-1.3631483033156209,-1.6583729876071764
-1.355465477223689,-1.6564323746439522
-1.3491051050405658,-1.6544979798949961
-1.3485588405817224,-1.6525697564457733
-1.3475862394582554,-1.6506476579209766
-1.346969544634243,-1.6487316384762054
-1.3464045310043569,-1.6468216527897985
-1.3458269069735895,-1.644917656054837
-1.3420240066901075,-1.6430196039712868
-1.3388900678536297,-1.6411274527383015
-1.3353184044429791,-1.6392411590466653
-1.3323533842575936,-1.6373606800713842
-1.3318474482166645,-1.6354859734644107
-1.3316713791099832,-1.6336169973475145
-1.3256760258075,-1.6317537103052786
-1.3241520163008593,-1.629896071378228
-1.3201361832657508,-1.6280440400560914
-1.3144994346717043,-1.6261975762711784
-1.3100572710589726,-1.6243566403918894
-1.3093409712758532,-1.622521193216338
-1.308286101542979,-1.6206911959660883
-1.303343411483507,-1.6188666102800173
-1.3032613453292883,-1.6170473982082758
-1.3029434273848506,-1.6152335222063658
-1.2978527872387544,-1.613424945129328
-1.2970566308999385,-1.6116216302260216
-1.2964191922591952,-1.6098235411335229
-1.2955273291469975,-1.6080306418716093
-1.2931634345349436,-1.6062428968373494
-1.293028147036291,-1.6044602707997901
-1.2887924817380585,-1.6026827288947294
-1.286804048014679,-1.600910236619591
-1.2867926670904088,-1.5991427598283805
-1.2849309372849214,-1.5973802647267348
-1.2842428525891498,-1.5956227178670561
-1.2802876741327367,-1.593870086143732
-1.2797950513178615,-1.5921223367884336
-1.2783653621039257,-1.5903794373654987
-1.2771007242769348,-1.588641355767394
-1.2764750120733424,-1.5869080602102523
-1.271692168776574,-1.5851795192294889
-1.2697509417293251,-1.5834557016754895
-1.2671169599450585,-1.5817365767093754
-1.2670418369299794,-1.5800221137988324
-1.2655207234274224,-1.578312282714019
-1.2645049930480956,-1.576607053523538
-1.2627100661480475,-1.5749063965904724
-1.261471212471948,-1.5732102825684975
-1.2606187790667571,-1.571518682398045
-1.2604276888015151,-1.569831567302539
-1.2604104612246416,-1.568148908784692
-1.2581566567558762,-1.5664706786228584
-1.2564348075595433,-1.5647968488674535
-1.2550369770828962,-1.5631273918374262
-1.2537988974049585,-1.5614622801167892
-1.2537405855017323,-1.5598014865512093
-1.2527573159953422,-1.5581449842446482
-1.251082364139121,-1.5564927465560596
-1.2502541142641366,-1.5548447470961393
-1.2402807997999306,-1.5532009597241274
-1.2398160891462928,-1.551561358544658
-1.2362677342149246,-1.5499259179046672
-1.2356905349602432,-1.5482946123903372
-1.2349608523784805,-1.546667416824105
-1.2340796950238142,-1.5450443062617
-1.230514014447313,-1.5434252559892443
-1.2300423327091572,-1.5418102415203885
-1.227603183924533,-1.5401992385934917
-1.2253632664909204,-1.5385922231688562
-1.223375146963721,-1.5369891714259891
-1.2229156060776187,-1.5353900597609185
-1.2214010043282977,-1.533794864783545
-1.2141068151621484,-1.5322035633150384
-1.2139422060801417,-1.5306161323852678
-1.213787242745908,-1.5290325492302757
-1.2104919802183634,-1.527452791289789
-1.2099438513216683,-1.525876836204768
-1.2087668679123824,-1.5243046618149931
-1.2059008028341882,-1.522736246156684
-1.204710147371349,-1.5211715674601596
-1.2041005731712835,-1.519610604147531
-1.1973819482931243,-1.5180533348304297
-1.1966199049915396,-1.5164997383077623
-1.1953419948118063,-1.5149497935635134
-1.195233377533398,-1.5134034797645661
-1.1944703523732967,-1.5118607762585647
-1.187267146327389,-1.5103216625718006
-1.1860994448276014,-1.5087861184071367
-1.1827444783147851,-1.5072541236419579
-1.1805196504494235,-1.5057256583261522
-1.1799182898506548,-1.5042007026801205
-1.1780679356425678,-1.5026792370928173
-1.1766481046422725,-1.5011612421198166
-1.1759879510439786,-1.499646698481409
-1.173276550715419,-1.498135587060722
-1.170764037367316,-1.496627888901873
-1.1702149063659737,-1.4951235852081421
-1.168873159431267,-1.493622657340173
-1.1686410098731803,-1.4921250868142057
-1.1678439589065264,-1.4906308553003227
-1.1677683263972125,-1.4891399446207287
-1.1670980988102395,-1.4876523367480534
-1.1670241014869984,-1.4861680138036717
-1.1649690299523776,-1.4846869580560589
-1.164310028454394,-1.483209151919154
-1.1625419328056443,-1.4817345779507602
-1.1622977516381754,-1.480263218850959
-1.1620425222624018,-1.4787950574605464
-1.1616238802794296,-1.4773300767594955
-1.1598732833449958,-1.475868259865435
-1.1593769923480242,-1.474409590032152
-1.1591714955076802,-1.4729540506481151
-1.1582273644623695,-1.471501625235013
-1.155216921969485,-1.4700522974463197
-1.1551143311684715,-1.4686060510658745
-1.153954109551627,-1.4671628700064832
-1.153094106779853,-1.465722738308537
-1.1504189698258485,-1.4642856401386508
-1.1488487224455115,-1.4628515597883192
-1.1435291026595917,-1.4614204816725918
-1.1432619852213253,-1.4599923903287624
-1.1432332867848967,-1.4585672704150814
-1.1429124053154285,-1.4571451067094787
-1.1422105529664648,-1.4557258841083107
-1.1418249530431535,-1.454309587625117
-1.1413220552447934,-1.452896202389397
-1.1391906918765604,-1.451485713645403
-1.1364812669747448,-1.4500781067509465
-1.1320283245689713,-1.448673367176223
-1.1295654390924283,-1.4472714805026508
-1.1295253907225522,-1.4458724324217223
-1.1285213099171176,-1.4444762087338745
-1.1278607029605443,-1.443082795347374
-1.126173896841196,-1.4416921782772085
-1.1247149106969916,-1.4403043436440057
-1.1234891401347138,-1.4389192776729542
-1.1209863635314505,-1.4375369666927431
-1.1208817866586605,-1.436157397134518
-1.1199512610176006,-1.434780555530844
-1.1186326431902598,-1.433406428514683
-1.1168479040748793,-1.432035002818392
-1.116304935228456,-1.4306662652727231
-1.1153000584695976,-1.4293002028058421
-1.1106425591345395,-1.4279368024423584
-1.108542949127701,-1.4265760513023646
-1.107104683615388,-1.4252179366004945
-1.107050245122031,-1.423862445644984
-1.1058118783762843,-1.4225095658367513
-1.105352941540472,-1.421159284668483
-1.1053517943461995,-1.4198115897237362
-1.1053299356623778,-1.4184664686760469
-1.1028696680609182,-1.4171239092880543
-1.1026252587067014,-1.4157838994106309
-1.102118622356742,-1.4144464269820256
-1.1020414498085827,-1.4131114800270206
-1.100419880067363,-1.4117790466560902
-1.1001341777896838,-1.410449115064579
-1.0987931121431938,-1.4091216735318841
-1.095337586038286,-1.4077967104206475
-1.095181437222539,-1.4064742141759625
-1.0934979124402717,-1.4051541733245847
-1.0907722818730636,-1.4038365764741554
-1.0904083324278997,-1.4025214123124325
-1.0889188287427234,-1.4012086696065322
-1.0882552097576355,-1.3998983372021798
-1.086350786450017,-1.3985904040229662
-1.084127607301875,-1.3972848590696172
-1.0818075003887,-1.3959816914192695
-1.081734891825702,-1.3946808902247558
-1.0806162082991262,-1.3933824447138974
-1.080302527355431,-1.392086344188806
-1.0768687511659216,-1.3907925780251935
-1.0735919734688124,-1.3895011356716889
-1.0733977000355646,-1.3882120066491648
-1.0693163735336817,-1.3869251805500715
-1.0691239827088668,-1.3856406470377758
-1.0668131690066718,-1.3843583958459127
-1.0665558088738218,-1.3830784167777384
-1.0664975757705357,-1.3818006997054981
-1.063576446180922,-1.3805252345697945
-1.062796769533664,-1.3792520113789657
-1.0626944559932254,-1.3779810202084706
-1.0618583070154692,-1.376712251200283
-1.0606934100086698,-1.3754456945622893
-1.0600514481593983,-1.3741813405676941
-1.060031105813129,-1.3729191795544349
-1.059935336960588,-1.371659201924599
-1.0584571077223928,-1.3704013981438512
-1.0569151760260973,-1.3691457587408662
-1.0556807616596655,-1.3678922743067665
-1.0538458259736587,-1.3666409354945661
-1.0536824572489962,-1.365391733018626
-1.052801632629105,-1.3641446576541063
-1.0525552224014314,-1.3628997002364336
-1.0523830434188064,-1.361656851660768
-1.0521261245763063,-1.360416102881478
-1.0517181109248415,-1.359177444911625
-1.0461765870664907,-1.3579408688224441
-1.0460635071145017,-1.3567063657428424
-1.0432496828863134,-1.3554739268588911
-1.0421393489363573,-1.3542435434133349
-1.0399693326568333,-1.353015206705095
-1.0389789494705173,-1.351788908088787
-1.0357249482817494,-1.350564638974239
-1.0351036616072575,-1.3493423908260165
-1.0346008629314623,-1.3481221551629505
-1.0340063742460142,-1.3469039235576763
-1.0336611210774178,-1.3456876876361676
-1.0325805326325088,-1.3444734390772866
-1.0324657980563217,-1.3432611696123307
-1.0315091553759965,-1.3420508710245869
-1.0284210112209344,-1.3408425351488917
-1.0283575367755722,-1.3396361538711965
-1.0278553183594945,-1.3384317191281327
-1.0271998578646644,-1.3372292229065887
-1.026683991154185,-1.336028657243282
-1.0229245333228068,-1.3348300142243488
-1.0215509041248472,-1.3336332859849234
-1.0211998874339094,-1.332438464708734
-1.020893319176377,-1.3312455426276932
-1.0200610084345243,-1.330054512021503
-1.0197133242736303,-1.3288653652172533
-1.015762180593972,-1.3276780945890319
-1.0151242799418454,-1.3264926925575353
-1.0142908446759655,-1.3253091515896864
-1.0125580361177593,-1.3241274641982506
-1.0122910780834884,-1.3229476229414638
-1.012190961115792,-1.321769620422657
-1.0115416542014677,-1.3205934492898876
-1.00941410607256,-1.3194191022355766
-1.0071887754388171,-1.3182465719961456
-1.0032030573861357,-1.3170758513516594
-1.0011813530687415,-1.315906933125475
-0.9983405002923007,-1.314739810183887
-0.9961308800610336,-1.3135744754357845
-0.9948108880677552,-1.3124109218323072
-0.9943654297956946,-1.3112491423665038
-0.994263915405194,-1.310089130072999
-0.9915826965614157,-1.3089308780276585
-0.9904892502468338,-1.3077743793472594
-0.9902393193043546,-1.3066196271891648
-0.9902256604015557,-1.305466614751001
-0.9889560657371378,-1.3043153352703398
-0.9874287527293487,-1.3031657820243754
-0.9861575975995046,-1.3020179483296186
-0.9850333974891254,-1.3008718275415831
-0.9840398633268108,-1.299727413054478
-0.9811686667716559,-1.2985846983009053
-0.9786854225875201,-1.2974436767515554
-0.9768910223151713,-1.296304341914915
-0.9757746039130404,-1.2951666873369658
-0.9755043232798358,-1.294030706600895
-0.9746855304985718,-1.2928963933268072
-0.9744301484390562,-1.291763741171433
-0.9739661759188785,-1.2906327438278504
-0.973364680432724,-1.2895033950252017
-0.9730944411176661,-1.2883756885284143
-0.9725629944612589,-1.2872496181379254
-0.9713077622590081,-1.2861251776894103
-0.9703923227868911,-1.285002361053509
-0.9671652356371195,-1.283881162135565
-0.9659473071409058,-1.28276157487535
-0.9657041836588762,-1.2816435932468109
-0.9655139416498775,-1.2805272112578057
-0.9621486274433324,-1.2794124229498431
-0.9607736062582548,-1.2782992223978331
-0.9605066511973307,-1.2771876037098302
-0.9600576761880448,-1.2760775610267836
-0.9593223955960343,-1.2749690885222915
-0.9589412331521997,-1.273862180402351
-0.9584874016786737,-1.2727568309051218
-0.9581260821420614,-1.2716530343006773
-0.9549340278520572,-1.2705507848907707
-0.9537454481301784,-1.2694500770085988
-0.9517900924957187,-1.2683509050185644
-0.9510928125946101,-1.2672532633160478
-0.9499356488397693,-1.2661571463271744
-0.9497333554976574,-1.2650625485085876
-0.9493218894228165,-1.2639694643472235
-0.9489644611107825,-1.262877888360088
-0.9478688111828423,-1.2617878150940336
-0.9458143911812495,-1.2606992391255412
-0.9451887231342871,-1.2596121550605026
-0.9444911877805255,-1.258526557534005
-0.9443389459771,-1.2574424412101164
-0.9438385981703601,-1.256359800781676
-0.9430729353888118,-1.2552786309700843
-0.9417100261655041,-1.2541989265250948
-0.9414292494022705,-1.253120682224607
-0.9392454063543395,-1.252043892874467
-0.9388073309156312,-1.25096855330826
-0.9365238991935274,-1.2498946583871136
-0.9357545363071025,-1.2488222029995004
-0.9355282849641414,-1.2477511820610367
-0.9347065622478855,-1.246681590514293
-0.9346059813558395,-1.2456134233285978
-0.9335330502207257,-1.244546675499847
-0.9314715929310912,-1.243481342050316
-0.9308127782843529,-1.2424174180284673
-0.9292453701248489,-1.241354898508772
-0.9288887280355255,-1.2402937785915162
-0.9288032756659665,-1.2392340534026258
-0.928753330093147,-1.2381757180934805
-0.9279240393428587,-1.2371187678407372
-0.9274217204688411,-1.2360631978461474
-0.9271334485643655,-1.2350090033363876
-0.9251536050416579,-1.2339561795628784
-0.9247630413792038,-1.2329047218016138
-0.924182417049029,-1.2318546253529894
-0.9228753720171846,-1.2308058855416317
-0.9220492810089107,-1.229758497716227
-0.9203169812407986,-1.228712457249359
-0.9201930792734423,-1.2276677595373395
-0.9200966048117151,-1.2266244000000424
-0.9183767482908681,-1.225582374080745
-0.9176727170329998,-1.224541677245963
-0.9162424442389197,-1.2235023049852927
-0.9155035452406719,-1.2224642528112486
-0.9143136133699816,-1.221427516259111
-0.9107268474158462,-1.220392090886766
-0.9100311743995074,-1.219357972274552
-0.9089594291712408,-1.218325156025106
-0.9085668247561002,-1.2172936377632122
-0.9077886297716254,-1.2162634131356498
-0.9070829711456084,-1.2152344778110469
-0.9069398300727697,-1.2142068274797262
-0.9036386206630528,-1.2131804578535652
-0.9017714091986623,-1.2121553646658447
-0.901517654663316,-1.2111315436711079
-0.9009102011879931,-1.2101089906450146
-0.8990930166751034,-1.209087701384201
-0.8990730161080421,-1.2080676717061383
-0.8973206958210606,-1.2070488974489941
-0.8969764948174824,-1.2060313744714894
-0.8967523357813008,-1.2050150986527686
-0.8965553872050209,-1.2040000658922574
-0.8964236155185273,-1.2029862721095301
-0.8961931619119917,-1.2019737132441766
-0.8951727520310793,-1.2009623852556655
-0.8949365034496818,-1.1999522841232184
-0.8944531649808474,-1.1989434058456754
-0.8935600412631837,-1.1979357464413667
-0.8935495642537439,-1.1969293019479825
-0.8932507402761993,-1.1959240684224492
-0.8913529677717583,-1.1949200419408006
-0.8903737191406966,-1.1939172185980516
-0.8900188643234641,-1.192915594508077
-0.8877598983674804,-1.1919151658034872
-0.8872086448834566,-1.1909159286355038
-0.8843587073167981,-1.1899178791738418
-0.8838569500067801,-1.1889210136065869
-0.8831372306452823,-1.1879253281400777
-0.8820261072134822,-1.186930818998786
-0.8802968361356979,-1.1859374824252011
-0.8798516044499106,-1.1849453146797135
-0.8788189303940236,-1.1839543120404976
-0.8769330730691147,-1.1829644708033988
-0.8763566714251754,-1.1819757872818206
-0.8762093949053128,-1.180988257806609
-0.8758866176991289,-1.1800018787259439
-0.8757797503533796,-1.1790166464052285
-0.875689794325592,-1.1780325572269752
-0.8753059715130241,-1.1770496075907024
-0.8745135019549655,-1.176067793912822
-0.8740515563746118,-1.1750871126265314
-0.8708145913273644,-1.1741075601817135
-0.8693426929258209,-1.1731291330448237
-0.868912158977529,-1.1721518276987881
-0.8672134149610335,-1.171175640642901
-0.8668525163671306,-1.1702005683927195
-0.8648782028560738,-1.1692266074799633
-0.8641971209536317,-1.16825375445241
-0.8632640937168794,-1.167282005873799
-0.863228493575085,-1.1663113583237263
-0.8612208136235083,-1.165341808397552
-0.860934850899834,-1.164373352706293
-0.8602959404304527,-1.163405987876536
-0.8602814305138625,-1.1624397105503312
-0.8596234481917921,-1.1614745173851029
-0.8592068580988901,-1.160510405053551
-0.8587482070396142,-1.159547370243557
-0.8585157536404036,-1.1585854096580903
-0.8579139729001347,-1.1576245200151147
-0.8577491580184505,-1.1566646980474986
-0.856094578107439,-1.1557059405029189
-0.8543359272384448,-1.1547482441437735
-0.8533874263778977,-1.1537916057470905
-0.8531594373129584,-1.1528360221044371
-0.8529496735357325,-1.1518814900218322
-0.852807790812671,-1.1509280063196579
-0.8513283161494818,-1.1499755678325738
-0.8509525124184285,-1.1490241714094254
-0.8499718401542184,-1.1480738139131612
-0.8490232129289907,-1.147124492220749
-0.8485859455873731,-1.1461762032230876
-0.8475178919721349,-1.1452289438249237
-0.845685254957163,-1.1442827109447697
-0.8453131153056105,-1.143337501514817
-0.8451754500372924,-1.1423933124808605
-0.8449593152467323,-1.1414501408022086
-0.8445538042688577,-1.1405079834516094
-0.8424619459376942,-1.1395668374151642
-0.839354530169557,-1.138626699692253
-0.8392015520601754,-1.1376875672954516
-0.8391133276089716,-1.1367494372504543
-0.838574695189783,-1.1358123065959953
-0.8376840305342432,-1.1348761723837728
-0.8350662321765472,-1.1339410316783698
-0.8339962056811039,-1.133006881557179
-0.8338986744203206,-1.132073719110326
-0.8325357298234078,-1.1311415414405976
-0.8322841573149584,-1.130210345663362
-0.8308115179353828,-1.1292801289064975
-0.8303804184006247,-1.1283508883103204
-0.8302814504527574,-1.1274226210275078
-0.8300462570286818,-1.1264953242230298
-0.8292490391306013,-1.1255689950740737
-0.8284848179683201,-1.1246436307699752
-0.8280331539054357,-1.1237192285121465
-0.8268961788294523,-1.122795785514006
-0.8268247315283099,-1.1218732990009086
-0.8264024798655818,-1.1209517662100752
-0.8262543956984573,-1.1200311843905266
-0.8261141923277062,-1.1191115508030125
-0.8249550279747866,-1.1181928627199444
-0.8246981800721611,-1.117275117425329
-0.8242027941538091,-1.1163583122147016
-0.8238752038491293,-1.1154424443950577
-0.8234928150366514,-1.1145275112847886
-0.8234775239229901,-1.113613510213617
-0.8233993308260624,-1.11270043852253
-0.8228447911179171,-1.111788293563715
-0.8216807400747953,-1.110877072700497
-0.8212723176219577,-1.1099667733072756
-0.8195479425944892,-1.1090573927694565
-0.819131544358489,-1.1081489284833965
-0.8191182215164062,-1.1072413778563375
-0.8187437713401806,-1.1063347383063435
-0.8160506808453192,-1.1054290072622412
-0.8156948632647453,-1.10452418216356
-0.8152177093323705,-1.1036202604604683
-0.8149606730906287,-1.102717239613717
-0.814671336672709,-1.1018151170945765
-0.8141229367339526,-1.100913890384782
-0.8129061822279937,-1.1000135569764709
-0.8128876831995717,-1.0991141143721248
-0.8119968353809301,-1.0982155600845134
-0.8117061366354789,-1.097317891636636
-0.8114304376934547,-1.0964211065616654
-0.8113196268642149,-1.0955252024028879
-0.8109520250965547,-1.0946301767136513
-0.8094363444772313,-1.0937360270573069
-0.8092114269399636,-1.0928427510071534
-0.807177098426,-1.0919503461463822
-0.8071165575635677,-1.091058810068024
-0.8040889365570864,-1.090168140374892
-0.8033002893537021,-1.0892783346795316
-0.8029267421234197,-1.0883893906041604
-0.8021985134707562,-1.0875013057806229
-0.8018614514359816,-1.086614077850331
-0.8008159384487128,-1.0857277044642157
-0.8005434070051229,-1.0848421832826725
-0.8005172979194521,-1.0839575119755105
-0.7997869495899814,-1.0830736882219019
-0.799466152055243,-1.0821907097103278
-0.7993613496183289,-1.0813085741385318
-0.7992278068056392,-1.0804272792134668
-0.7988810567337362,-1.0795468226512444
-0.7971898549270605,-1.0786672021770873
-0.7964925133034781,-1.0777884155252793
-0.7964271766614301,-1.0769104604391149
-0.79585978865189,-1.0760333346708522
-0.7958136816139246,-1.0751570359816638
-0.79557381450158,-1.074281562141589
-0.7953059925877232,-1.0734069109294866
-0.7940224865219961,-1.0725330801329853
-0.7931615708152505,-1.0716600675484396
-0.7907626939143367,-1.0707878709808811
-0.7885705453532932,-1.0699164882439733
-0.7866257328320064,-1.0690459171599633
-0.7863981725541083,-1.0681761555596392
-0.7862633518839268,-1.067307201282281
-0.7859756127593871,-1.0664390521756193
-0.7835546506902165,-1.065571706095787
-0.7832791964661708,-1.064705160907276
-0.7832218692871343,-1.0638394144828935
-0.7829181024131615,-1.0629744647037171
-0.7826086725568471,-1.062110309459051
-0.7812583461477828,-1.0612469466463836
-0.7809550842285621,-1.0603843741713435
-0.7789097015244576,-1.0595225899476566
-0.777915440719476,-1.0586615918971043
-0.7769556530791648,-1.0578013779494795
-0.7766546699739835,-1.0569419460425478
-0.7759513609786165,-1.0560832941220009
-0.7751477434864948,-1.0552254201414204
-0.7719218120485153,-1.0543683220622329
-0.7682796037663645,-1.0535119978536707
-0.767770235697782,-1.052656445492731
-0.7667423265735399,-1.0518016629641342
-0.7660229798605128,-1.0509476482602864
-0.7658199092494157,-1.0500943993812368
-0.7648313681524394,-1.0492419143346403
-0.7644206931070554,-1.048390191135716
-0.7639945066941367,-1.0475392278072102
-0.7632304237510913,-1.0466890223793563
-0.7622210004913283,-1.0458395728898358
-0.7610004268948027,-1.0449908773837415
-0.7589974680903196,-1.04414293391354
-0.7587863957867474,-1.043295740539029
-0.7585936341340973,-1.0424492953273057
-0.7582659788086361,-1.0416035963527266
-0.7577245134288064,-1.0407586416968708
-0.7574566442917844,-1.0399144294485014
-0.7571361282697908,-1.039070957703533
-0.756540102867976,-1.0382282245649905
-0.755782155935733,-1.0373862281429767
-0.7557333170430767,-1.0365449665546342
-0.755733001583314,-1.0357044379241103
-0.7553766618976929,-1.0348646403825217
-0.7553038821535202,-1.0340255720679192
-0.7552971227399873,-1.0331872311252523
-0.7544056318023566,-1.0323496157063352
-0.7519016243991091,-1.0315127239698103
-0.7510723033053381,-1.0306765540811167
-0.750753018166754,-1.029841104212454
-0.7498471341578975,-1.0290063725427485
-0.749825455479628,-1.02817235725762
-0.7497641153386045,-1.0273390565493477
-0.7496993452247701,-1.0265064686168393
-0.7495151499196591,-1.0256745916655923
-0.7489676431224844,-1.0248434239076687
-0.7486239677622382,-1.0240129635616557
-0.7472016629878988,-1.0231832088526363
-0.7471995593192041,-1.0223541580121576
-0.7467483918648579,-1.021525809278196
-0.7464792744693949,-1.0206981608951295
-0.7452024100656447,-1.0198712111137012
-0.7444229053745551,-1.019044958190991
-0.7429621152990884,-1.0182194003903844
-0.7423964623008447,-1.0173945359815388
-0.7419355023507698,-1.0165703632403558
-0.74072981887487,-1.0157468804489485
-0.7401838129704023,-1.0149240858956108
-0.7400397853599812,-1.0141019778747888
-0.7396460258885057,-1.013280554687049
-0.7371339812876514,-1.012459814639049
-0.7362821196886037,-1.011639756043508
-0.7355559606271938,-1.010820377219177
-0.7341288011935057,-1.0100016764908082
-0.7335428560316044,-1.009183652189128
-0.7332743571473963,-1.0083663026508065
-0.7324211893044943,-1.0075496262184283
-0.7323961445119704,-1.0067336212404656
-0.7309259435335691,-1.0059182860712477
-0.7306971639987738,-1.0051036190709328
-0.7303574212313573,-1.0042896186054826
-0.7276350735661575,-1.0034762830466297
-0.7272049429214702,-1.0026636107718543
-0.726708187696058,-1.0018516001643527
-0.7266809960898242,-1.0010402496130135
-0.7263989397205687,-1.0002295575123858
-0.7259592685307958,-0.9994195222626572
-0.724340237515938,-0.9986101422696226
-0.7225138009754938,-0.9978014159446589
-0.7223104667594027,-0.996993341704699
-0.7222320434669439,-0.9961859179722046
-0.7221064545766773,-0.9953791431751388
-0.7220694653495551,-0.9945730157469425
-0.7220484097719628,-0.9937675341265052
-0.7214834471908027,-0.9929626967581421
-0.7208890344178596,-0.9921585020915658
-0.7186685959071725,-0.9913549485818623
-0.7184106858663193,-0.990552034689466
-0.7179857274236726,-0.9897497588801314
-0.7167063447150037,-0.9889481196249127
-0.7154511947090676,-0.9881471154001342
-0.7144647556001125,-0.9873467446873686
-0.7129957525780397,-0.9865470059734106
-0.7116207811321917,-0.9857478977502531
-0.708792032918613,-0.9849494185150633
-0.708579458963434,-0.9841515667701568
-0.708530758150686,-0.983354341022975
-0.7074897457459431,-0.9825577397860609
-0.7074591333955316,-0.9817617615770341
-0.7069089575471202,-0.9809664049185693
-0.7060069766373662,-0.9801716683383697
-0.7054110442368081,-0.9793775503691471
-0.704781480794409,-0.9785840495485959
-0.7041234464961169,-0.9777911644193706
-0.7019675058300131,-0.9769988935290647
-0.7008471043816847,-0.9762072354301836
-0.6996983943486065,-0.975416188680127
-0.6991893513168175,-0.9746257518411627
-0.6984877564521996,-0.9738359234804047
-0.6958884308591953,-0.9730467021697926
-0.695383092951099,-0.9722580864860668
-0.6952368587750967,-0.9714700750107493
-0.6946864845750935,-0.9706826663301179
-0.693192655175972,-0.9698958590351893
-0.6921312351154164,-0.9691096517216929
-0.6907892136980295,-0.9683240429900515
-0.6906500196591493,-0.9675390314453598
-0.6904374874801559,-0.9667546156973621
-0.6899223059544267,-0.9659707943604321
-0.6898507529358892,-0.9651875660535508
-0.689406730912302,-0.9644049294002865
-0.6887294185041408,-0.9636228830287741
-0.6879843430013496,-0.962841425571692
-0.6864907890686945,-0.9620605556662449
-0.6863466819775543,-0.961280271954141
-0.6838662530972534,-0.9605005730815726
-0.6836996999143133,-0.959721457699195
-0.6834560515002059,-0.9589429244621068
-0.6831999184512882,-0.9581649720298312
-0.6830734710306529,-0.9573875990662929
-0.6830709554852588,-0.9566108042398018
-0.6822862896127958,-0.9558345862230305
-0.6813172980133496,-0.9550589436929965
-0.6811533825421083,-0.9542838753310426
-0.6808481307021633,-0.9535093798228156
-0.6807317718611154,-0.9527354558582499
-0.6802166076353078,-0.9519621021315456
-0.6797855266409067,-0.9511893173411521
-0.6792538507358477,-0.9504171001897475
-0.6788961548050187,-0.949645449384219
-0.6777676281108298,-0.9488743636356467
-0.6765162950693347,-0.9481038416592831
-0.6762306076726174,-0.9473338821745343
-0.6760160815865398,-0.9465644839049433
-0.6754822197960447,-0.9457956455781702
-0.6754525079193172,-0.9450273659259745
-0.6743960623604607,-0.9442596436841972
-0.6740733318029108,-0.9434924775927425
-0.673461298835031,-0.9427258663955596
-0.6726169239302588,-0.9419598088406254
-0.6724416599818639,-0.9411943036799276
-0.6713553762943175,-0.9404293496694437
-0.6712618579890668,-0.9396649455691286
-0.6706958747185016,-0.9389010901428929
-0.670620586200759,-0.9381377821585871
-0.6700552548180301,-0.9373750203879856
-0.6699886154804242,-0.9366128036067667
-0.6694565560773423,-0.9358511305944983
-0.6679653132426773,-0.93509000013462
-0.6678087905961885,-0.9343294110144253
-0.6673042108424259,-0.933569362025046
-0.6663567437008141,-0.9328098519614353
-0.6658613772425817,-0.9320508796223509
-0.665852551278116,-0.9312924438103392
-0.6658429429904571,-0.9305345433317175
-0.6647724768385387,-0.929777176996559
-0.6638064871657346,-0.9290203436186759
-0.6633461752144375,-0.9282640420156045
-0.6626795331055085,-0.9275082710085865
-0.6616055804779161,-0.9267530294225559
-0.6608997034595067,-0.9259983160861218
-0.6595996936605729,-0.9252441298315516
-0.6589936295317365,-0.9244904694947583
-0.6573208925459644,-0.923737333915281
-0.6572864165960352,-0.9229847219362727
-0.657184614183484,-0.922232632404483
-0.6564248489605717,-0.9214810641702428
-0.6560475639500719,-0.9207300160874504
-0.6558071476721994,-0.9199794870135539
-0.6549582698792736,-0.9192294758095391
-0.651926025337826,-0.9184799813399115
-0.6510716380985554,-0.9177310024726832
-0.6509690281985266,-0.9169825380793576
-0.6507814115727877,-0.9162345870349138
-0.6507493846627933,-0.9154871482177938
-0.6505316142894361,-0.9147402205098846
-0.6499396391315444,-0.9139938027965079
-0.6492802013342147,-0.9132478939664016
-0.6492120279691239,-0.9125024929117076
-0.6487361307683204,-0.9117575985279575
-0.6468711809148809,-0.9110132097140564
-0.6465895855003836,-0.9102693253722718
-0.6459896846749803,-0.9095259444082163
-0.6456351240390438,-0.9087830657308359
-0.6442754954086894,-0.9080406882523953
-0.6420048874139087,-0.9072988108884623
-0.6419262631649675,-0.9065574325578977
-0.6408764608355649,-0.9058165521828375
-0.6405140944635942,-0.9050761686886827
-0.6402796387129938,-0.9043362810040826
-0.6399622701910604,-0.9035968880609236
-0.6386164445209784,-0.9028579887943153
-0.6381473554131356,-0.9021195821425756
-0.637312458036014,-0.9013816670472187
-0.6370145783928227,-0.9006442424529424
-0.6367642376641479,-0.8999073073076133
-0.6366542615620573,-0.8991708605622549
-0.636177704820527,-0.8984349011710339
-0.6360333253137902,-0.8976994280912477
-0.6357068165279545,-0.8969644402833111
-0.6356476138046154,-0.8962299367107435
-0.6349489429019781,-0.8954959163401568
-0.6345104620458204,-0.8947623781412409
-0.6341720073989067,-0.8940293210867534
-0.6334505175833337,-0.8932967441525053
-0.6331078902994466,-0.892564646317349
-0.6322217308206364,-0.8918330265631661
-0.6320317895031112,-0.8911018838748546
-0.6308159074862332,-0.890371217240317
-0.6275666572920143,-0.8896410256504472
-0.627373866652678,-0.8889113080991194
-0.6270386849995723,-0.8881820635831754
-0.6264546273260985,-0.8874532911024121
-0.6262669993943163,-0.8867249896595707
-0.6244530180855445,-0.8859971582603228
-0.6233378010416623,-0.8852697959132609
-0.6228022472138993,-0.8845429016298845
-0.6227580856585281,-0.8838164744245895
-0.6227204894362365,-0.8830905133146564
-0.6219469274280185,-0.8823650173202374
-0.6210913957140647,-0.8816399854643467
-0.6207316371366244,-0.8809154167728481
-0.6205576791430023,-0.8801913102744428
-0.6204691427413275,-0.8794676650006588
-0.6194817637758643,-0.8787444799858393
-0.6192474829072872,-0.8780217542671328
-0.6185288055642351,-0.8772994868844777
-0.6182028403681307,-0.8765776768805967
-0.6138765590450158,-0.8758563233009814
-0.6136110694410059,-0.8751354251938828
-0.6125588807241409,-0.874414981610301
-0.6120966443791369,-0.8736949916039716
-0.6118422469934269,-0.8729754542313586
-0.6108277274009745,-0.8722563685516402
-0.6104309129568403,-0.8715377336266996
-0.6099327860173399,-0.8708195485211145
-0.6084095966294565,-0.8701018123021443
-0.6079992785019042,-0.869384524039723
-0.6079099348855811,-0.8686676828064449
-0.6077961929160229,-0.8679512876775566
-0.6073500637783615,-0.8672353377309453
-0.6068279002456889,-0.8665198320471288
-0.6056506779725993,-0.8658047697092454
-0.6056005757660403,-0.8650901498030418
-0.6055171947305313,-0.8643759714168664
-0.6051447426701606,-0.863662233641655
-0.6048486206598744,-0.8629489355709228
-0.6041152316971704,-0.862236076300755
-0.6033411654648232,-0.8615236549297942
-0.6023289672523117,-0.8608116705592329
-0.6016987953596195,-0.8601001222928017
-0.601542543948713,-0.8593890092367604
-0.6013186660083323,-0.8586783304998883
-0.6011892768569731,-0.8579680851934725
-0.6011417102284007,-0.8572582724313009
-0.6002540442777784,-0.8565488913296502
-0.6000605196883281,-0.8558399410072771
-0.5996406750335522,-0.8551314205854091
-0.5994413855142842,-0.8544233291877334
-0.5993667608847204,-0.8537156659403897
-0.5993351223805595,-0.8530084299719575
-0.5981227104279956,-0.8523016204134499
-0.5979452148687897,-0.8515952363983024
-0.597723547979494,-0.8508892770623634
-0.5965017018554489,-0.8501837415438859
-0.5959297568186586,-0.8494786289835167
-0.5955948178362794,-0.8487739385242893
-0.5947132657805739,-0.8480696693116128
-0.59303894265409,-0.8473658204932633
-0.5921506756801398,-0.8466623912193759
-0.5920830674017473,-0.845959380642433
-0.591258481029741,-0.8452567879172591
-0.5909351835194164,-0.8445546122010079
-0.5909311564404652,-0.8438528526531562
-0.5898218626881385,-0.8431515084354934
-0.589653769407574,-0.8424505787121132
-0.5876819836232617,-0.8417500626494057
-0.5874154565053684,-0.841049959416047
-0.5873096346433108,-0.8403502681829914
-0.5872815892936478,-0.8396509881234624
-0.5866083622786393,-0.8389521184129443
-0.5864835252159153,-0.8382536582291743
-0.58637851570747,-0.8375556067521318
-0.5862083961627419,-0.8368579631640324
-0.5861110126453275,-0.8361607266493177
-0.5859644115761699,-0.8354638963946478
-0.5859468793045588,-0.8347674715888926
-0.5855146729363692,-0.8340714514231227
-0.5852667007826382,-0.8333758350906026
-0.5842363790252703,-0.8326806217867816
-0.5841193589970962,-0.8319858107092848
-0.583922935143785,-0.8312914010579064
-0.5838468944613814,-0.8305973920346005
-0.5824423339394142,-0.8299037828434738
-0.5821102070388712,-0.8292105726907761
-0.580989783686742,-0.8285177607848943
-0.5809487047715073,-0.8278253463363422
-0.5806159419817433,-0.8271333285577539
-0.5805498466617532,-0.8264417066638766
-0.5804591408093277,-0.8257504798715598
-0.5800280902128829,-0.8250596473997508
-0.5782265839181917,-0.824369208469485
-0.5782184272095248,-0.8236791623038779
-0.5782142073228892,-0.8229895081281192
-0.5778955414590513,-0.8223002451694621
-0.5777095537097843,-0.8216113726572192
-0.5756927559210762,-0.8209228898227515
-0.5750072885857501,-0.8202347958994634
-0.5746368292328213,-0.8195470901227933
-0.5745521372102349,-0.8188597717302069
-0.5744060800668808,-0.8181728399611903
-0.5741264464697257,-0.8174862940572409
-0.5738786902671517,-0.8168001332618616
-0.5738295730612725,-0.8161143568205526
-0.5736437730141223,-0.8154289639808032
-0.5731820143817062,-0.8147439539920869
-0.5731570476502709,-0.8140593261058512
-0.5728716343269614,-0.8133750795755129
-0.5727173559316742,-0.8126912136564491
-0.5723987867734621,-0.8120077276059905
-0.5723565028006019,-0.811324620683415
-0.5722008737267691,-0.8106418921499392
-0.571817610218975,-0.8099595412687124
-0.5705508353968899,-0.8092775673048092
-0.5696868075980845,-0.8085959695252221
-0.5674478441412406,-0.8079147471988554
-0.5672380169093555,-0.8072338995965166
-0.5667850934756019,-0.806553425990912
-0.56657838955651,-0.805873325656637
-0.5664103299376646,-0.8051935978701711
-0.5648942195640636,-0.8045142419098704
-0.5645407524032446,-0.8038352570559609
-0.5645204998209287,-0.8031566425905321
-0.5643507466626885,-0.8024783977975287
-0.5637548561488773,-0.8018005219627461
-0.5629070538909875,-0.8011230143738222
-0.5620465925893999,-0.800445874320231
-0.5613175458367882,-0.7997691010932768
-0.5607602922716612,-0.7990926939860861
-0.5607410494214459,-0.7984166522936024
-0.5600129719536693,-0.7977409753125789
-0.5594558632416117,-0.797065662341572
-0.5593150510346347,-0.7963907126809359
-0.5588924795122601,-0.7957161256328137
-0.5582804078384342,-0.7950419005011343
-0.5576277643863652,-0.7943680365916034
-0.5571937317249909,-0.7936945332116974
-0.5567110154962349,-0.7930213896706587
-0.5567055175647719,-0.7923486052794874
-0.5565152589357683,-0.7916761793509371
-0.5560558077423482,-0.7910041111995063
-0.5558780212339057,-0.7903324001414339
-0.5554641903926429,-0.7896610454946926
-0.554954703053296,-0.7889900465789818
-0.5536799248655709,-0.7883194027157236
-0.5527625024383088,-0.787649113228054
-0.551034392246886,-0.7869791774408189
-0.5509154550691548,-0.7863095946805672
-0.5508603101346172,-0.7856403642755438
-0.549964436487014,-0.7849714855556869
-0.5498369923916548,-0.7843029578526172
-0.5497209023853743,-0.783634780499636
-0.549239992402632,-0.7829669528317171
-0.5490214344237971,-0.7822994741855023
-0.5481898770309331,-0.7816323438992936
-0.5459465250067377,-0.7809655613130494
-0.5459209936798943,-0.7802991257683779
-0.545272729631993,-0.7796330366085301
-0.5451801638779097,-0.7789672931783962
-0.545084045030674,-0.7783018948244985
-0.5444139385294341,-0.7776368408949854
-0.5436650351158728,-0.776972130739627
-0.5436015631714738,-0.7763077637098077
-0.5430372234406481,-0.7756437391585225
-0.5428856536631729,-0.7749800564403694
-0.5427643019269504,-0.7743167149115454
-0.5426564914900041,-0.7736537139298406
-0.5422637628268083,-0.772991052854631
-0.5422254655240578,-0.7723287310468756
-0.5422068375761698,-0.7716667478691093
-0.5420982397715375,-0.7710051026854369
-0.5415372614714955,-0.7703437948615294
-0.5392214817116789,-0.7696828237646174
-0.5391840982919625,-0.7690221887634857
-0.5387077350200756,-0.7683618892284679
-0.5380109384521629,-0.7677019245314419
-0.5380063139113413,-0.7670422940458232
-0.5368953345474944,-0.7663829971465609
-0.5357478536378971,-0.7657240332101315
-0.5353004537219338,-0.7650654016145332
-0.5349779509970248,-0.764407101739283
-0.533071750476009,-0.7637491329654083
-0.5314800348001089,-0.7630914946754439
-0.5311594942148078,-0.7624341862534264
-0.5310048059170966,-0.7617772070848879
-0.5306347323721592,-0.7611205565568528
-0.5306166905674993,-0.7604642340578308
-0.5302422954084438,-0.7598082389778129
-0.5301182812492659,-0.7591525707082662
-0.5291943808789199,-0.7584972286421284
-0.5287381375886607,-0.7578422121738035
-0.5276884623047052,-0.7571875206991557
-0.5274790803624743,-0.7565331536155061
-0.526169137720504,-0.7558791103216254
-0.5259235967070327,-0.7552253902177309
-0.5256596089874487,-0.7545719927054816
-0.525258691548348,-0.7539189171879713
-0.524647083891647,-0.7532661630697264
-0.5245398386024651,-0.7526137297566983
-0.5245153933579998,-0.7519616166562606
-0.5242586666150078,-0.7513098231772045
-0.5232088624656057,-0.7506583487297313
-0.5231200831538928,-0.7500071927254508
-0.5230770487112171,-0.7493563545773746
-0.5218707067721124,-0.7487058336999122
-0.5202951333175132,-0.7480556295088656
-0.5183152865457609,-0.7474057414214254
-0.5182312873629319,-0.7467561688561657
-0.5182092089561149,-0.7461069112330387
-0.5179461615178396,-0.7454579679733723
-0.5179351832145093,-0.7448093384998626
-0.5163974357933874,-0.744161022236571
-0.5144350352638446,-0.7435130186089202
-0.5143558995250797,-0.7428653270436872
-0.5139701799739947,-0.7422179469690016
-0.5132527506331319,-0.7415708778143391
-0.5130275571073102,-0.7409241190105175
-0.5125142476197043,-0.7402776699896931
-0.512362386095568,-0.7396315301853548
-0.5121219856154936,-0.7389856990323204
-0.5119066812525137,-0.7383401759667323
-0.5116034039728384,-0.7376949604260531
-0.5111836970561168,-0.7370500518490604
-0.510588841631458,-0.7364054496758428
-0.5100135445728219,-0.735761153347797
-0.5098455738580377,-0.735117162307621
-0.5091880188939821,-0.7344734759993112
-0.508029047759135,-0.7338300938681582
-0.507432557172292,-0.7331870153607416
-0.5074059687826868,-0.7325442399249271
-0.5073415012671325,-0.7319017670098605
-0.5063731696556443,-0.731259596065965
-0.50629727264753,-0.7306177265449362
-0.5058906093590935,-0.7299761578997379
-0.5058006144965573,-0.7293348895845987
-0.5049258352282538,-0.728693921055006
-0.5048654843483088,-0.7280532517677044
-0.5043324630553205,-0.7274128811806893
-0.504282374668879,-0.7267728087532042
-0.5040374849791588,-0.7261330339457355
-0.5037372011234578,-0.7254935562200096
-0.503358833891401,-0.7248543750389883
-0.503284853810276,-0.7242154898668642
-0.5029828437891386,-0.7235769001690576
-0.5014405526933785,-0.7229386054122116
-0.5014111672716046,-0.7223006050641887
-0.5013945611953384,-0.7216628985940668
-0.5011809595337525,-0.721025485472135
-0.5006680021403197,-0.7203883651698895
-0.5001470940087775,-0.7197515371600304
-0.4996115076489685,-0.7191150009164565
-0.49898066684921166,-0.718478755914263
-0.4980388741749602,-0.7178428016297357
-0.4979810569342093,-0.7172071375403495
-0.4977891832704305,-0.716571763124762
-0.4971791436128357,-0.7159366778628116
-0.4968047167290289,-0.7153018812355129
-0.49598281551233303,-0.7146673727250521
-0.4958101158435157,-0.7140331518147854
-0.4953445720079375,-0.7133992179892329
-0.494820504725299,-0.712765570734076
-0.49471600123751047,-0.7121322095361534
-0.4930014313927994,-0.7114991338834575
-0.49259842169561124,-0.7108663432651308
-0.4914182133860135,-0.7102338371714606
-0.49140714303111105,-0.7096016150938789
-0.4910003750606893,-0.7089696765249548
-0.4909365863017071,-0.7083380209583928
-0.48972683835320935,-0.7077066478890298
-0.4896308696012702,-0.7070755568128291
-0.4890472668301079,-0.7064447472268791
-0.48891460424322514,-0.7058142186293886
-0.4882374301236566,-0.7051839705196837
-0.48817628237486826,-0.7045540023982036
-0.4875064059706128,-0.7039243137664972
-0.4867946327135523,-0.7032949041272203
-0.4864442628171243,-0.7026657729841309
-0.4861086381804261,-0.7020369198420864
-0.48470222082730957,-0.7014083442070403
-0.4846334933792641,-0.700780045586038
-0.48440743405251635,-0.7001520234872141
-0.4826051649151358,-0.6995242774197876
-0.4825044437917593,-0.6988968068940604
-0.48127062634240436,-0.6982696114214122
-0.4804388756378655,-0.6976426905142977
-0.47964704586325435,-0.697016043686244
-0.4793775248241155,-0.6963896704518449
-0.47872635082574216,-0.6957635703267604
-0.47741434056999943,-0.695137742827711
-0.4773501934207332,-0.6945121874724757
-0.4767218308829461,-0.6938869037798882
-0.47612770420449974,-0.6932618912698332
-0.4760912040947303,-0.6926371494632438
-0.47581959790006473,-0.6920126778820979
-0.4757405748822598,-0.6913884760494148
-0.4756540519012634,-0.6907645434892516
-0.4754327381757557,-0.6901408797267006
-0.475072551105124,-0.6895174842878863
-0.4750490594601118,-0.6888943566999601
-0.4746432899902105,-0.6882714964911003
-0.4745619368240302,-0.6876489031905062
-0.47373024320731544,-0.6870265763283956
-0.4736071376152615,-0.6864045154360027
-0.47252767050457967,-0.6857827200455732
-0.4715208283423713,-0.6851611896903629
-0.4715123906577302,-0.6845399239046326
-0.47136249325517393,-0.6839189222236466
-0.4703491931208871,-0.6832981841836696
-0.47021903549892297,-0.682677709321961
-0.47019622749450474,-0.6820574971767761
-0.46806166154095735,-0.6814375472873588
-0.4679809246777155,-0.6808178591939412
-0.4678499320660212,-0.6801984324377396
-0.4672490871172871,-0.6795792665609509
-0.46713370141949595,-0.6789603611067517
-0.4656007084681819,-0.6783417156192916
-0.46477006639231566,-0.6777233296436939
-0.4644505102328847,-0.6771052027260501
-0.4643776081332977,-0.6764873344134184
-0.4638996825648633,-0.67586972425382
-0.4636045102002296,-0.6752523717962353
-0.4631071321551976,-0.6746352765906033
-0.46151363121410793,-0.6740184381878158
-0.46144020921654494,-0.6734018561397166
-0.4607891378607321,-0.6727855299990977
-0.460480179545882,-0.6721694593196961
-0.4602995917034728,-0.6715536436561917
-0.4597017483973291,-0.6709380825642037
-0.45860156610190367,-0.670322775600288
-0.4580450509531692,-0.6697077223219342
-0.4577400083474739,-0.6690929222875629
-0.45738584639179425,-0.6684783750565227
-0.4571094192390737,-0.6678640801890872
-0.45660938107922644,-0.6672500372464528
-0.4566091458449259,-0.6666362457907352
-0.4566078905888386,-0.6660227053849664
-0.45541533873101614,-0.6654094155930932
-0.4548740470875701,-0.6647963759799724
-0.4547353570575699,-0.6641835861113701
-0.4545434608759192,-0.6635710455539576
-0.45419457098732446,-0.6629587538753087
-0.4540368718798686,-0.6623467106438975
-0.45382385217442206,-0.6617349154290955
-0.45375196034687315,-0.6611233678011682
-0.4522603055595119,-0.6605120673312738
-0.45220121866863877,-0.6599010135914589
-0.45197445448584406,-0.6592902061546568
-0.4515267685205178,-0.6586796445946844
-0.45125330230452804,-0.65806932848624
-0.45111942916654485,-0.6574592574048994
-0.45071613039389224,-0.6568494309271149
-0.4505151401461535,-0.656239848630212
-0.45050079848233526,-0.6556305100923857
-0.4496180578515561,-0.6550214148926995
-0.4491567261620138,-0.6544125626110817
-0.4491215557825274,-0.6538039528283236
-0.4489069123461973,-0.6531955851260757
-0.4488612266128526,-0.6525874590868463
-0.4486888192487143,-0.6519795742939986
-0.4483173367809647,-0.6513719303317473
-0.4479887785006394,-0.6507645267851572
-0.44745995735580646,-0.6501573632401405
-0.4469728775308422,-0.649550439283453
-0.44574835567587473,-0.6489437545026934
-0.44535745663962756,-0.6483373084862989
-0.4453428100633085,-0.6477311008235446
-0.4452592679013929,-0.6471251311045387
-0.445005925069865,-0.6465193989202228
-0.44453173754891084,-0.6459139038623669
-0.44407259668025983,-0.6453086455235684
-0.4438726884166211,-0.6447036234972487
-0.443641710534386,-0.6440988373776515
-0.4432588369181577,-0.6434942867598403
-0.4428652005725449,-0.642889971239695
-0.4420667573177789,-0.6422858904139108
-0.4408191245396066,-0.6416820438799945
-0.4405372235001819,-0.6410784312362634
-0.4404881108552917,-0.6404750520818416
-0.44023811681217384,-0.6398719060166587
-0.43990620914531514,-0.6392689926414463
-0.4390630606407373,-0.6386663115577365
-0.4390275311797095,-0.638063862367859
-0.4386740398068084,-0.6374616446749398
-0.4386229164730298,-0.6368596580828968
-0.43706464436297593,-0.6362579021964397
-0.4366247850006564,-0.6356563766210659
-0.4356071656473501,-0.635055080963059
-0.4354874082047986,-0.6344540148294865
-0.4345434511200528,-0.6338531778281975
-0.4344945359303769,-0.6332525695678197
-0.43438850442143134,-0.6326521896577582
-0.4339353903639942,-0.6320520377081922
-0.4335393281581374,-0.631452113330073
-0.43344664115593706,-0.6308524161351227
-0.4333884693379217,-0.6302529457358301
-0.43333594417544263,-0.6296537017454502
-0.4326569504437586,-0.6290546837780007
-0.43175742335983025,-0.6284558914482604
-0.43091862739890646,-0.6278573243717668
-0.43081856406913704,-0.6272589821648141
-0.4297315121085899,-0.6266608644444505
-0.4291486861582884,-0.6260629708284762
-0.4290640463974958,-0.6254653009354414
-0.4290627100352193,-0.624867854384644
-0.4290460724589491,-0.624270630796127
-0.4289773758010297,-0.6236736297906771
-0.42802600140253,-0.6230768509898221
-0.427685768945068,-0.6224802940158285
-0.4275530534460117,-0.6218839584916994
-0.42747929986163147,-0.6212878440411731
-0.4273657128625742,-0.6206919502887202
-0.4272105714274991,-0.6200962768595413
-0.42682693106568,-0.6195008233795656
-0.4267821052685744,-0.6189055894754482
-0.4261456216407098,-0.6183105747745684
-0.42523970117765264,-0.6177157789050274
-0.4250596856952104,-0.6171212014956458
-0.42450644188964204,-0.6165268421759625
-0.42448837418219776,-0.6159327005762316
-0.4242301503806221,-0.6153387763274208
-0.42347250830858496,-0.6147450690612095
-0.4234535415378315,-0.614151578409986
-0.42343872792729553,-0.613558304006847
-0.42308421945327823,-0.6129652454855934
-0.42251686423947593,-0.61237240248073
-0.42229188197629275,-0.6117797746274626
-0.4221560228631023,-0.6111873615616962
-0.4216121640796396,-0.6105951629200335
-0.4216031170725977,-0.6100031783397719
-0.4210858194625745,-0.609411407458902
-0.4210584064659118,-0.6088198499161059
-0.42078797222164005,-0.6082285053507545
-0.42060998937648986,-0.6076373734029061
-0.42041462368959354,-0.6070464537133048
-0.41928710382335527,-0.606455745923377
-0.4189940168203912,-0.605865249675231
-0.41859270206384147,-0.6052749646116546
-0.4183287499886116,-0.6046848903761124
-0.41788891173616544,-0.6040950266127451
-0.4176536046432165,-0.6035053729663665
-0.41716640824717083,-0.6029159290824626
-0.41590492148066605,-0.602326694607188
-0.4158125317971021,-0.6017376691873664
-0.4155373993024663,-0.6011488524704861
-0.4144380285320858,-0.6005602441047003
-0.4144088726676105,-0.5999718437388242
-0.4143436127959287,-0.5993836510223324
-0.41313826624496586,-0.5987956656053584
-0.4127172618585671,-0.5982078871386921
-0.41264218530668234,-0.5976203152737777
-0.4119536593707651,-0.5970329496627125
-0.41184900529039936,-0.5964457899582442
-0.410202695858848,-0.5958588358137696
-0.4099908917509612,-0.5952720868833328
-0.4091810099782393,-0.5946855428216228
-0.4085983819353278,-0.5940992032839727
-0.40816322065160004,-0.5935130679263567
-0.4079386759233839,-0.5929271364053889
-0.4079157401467869,-0.5923414083783214
-0.40739021000305353,-0.5917558835030428
-0.4067022227919552,-0.5911705614380756
-0.4064743913491367,-0.5905854418425753
-0.40623693839966835,-0.5900005243763284
-0.40618959015052286,-0.5894158086997499
-0.40605974920920157,-0.588831294473882
-0.40584954462681894,-0.5882469813603932
-0.4048086102207641,-0.5876628690215746
-0.4047062010543027,-0.5870789571203403
-0.4046384460548839,-0.586495245320224
-0.404611829699161,-0.585911733285378
-0.4044141598126294,-0.5853284206805716
-0.40429785099694443,-0.5847453071711883
-0.40424262751059603,-0.584162392423226
-0.4041735391560854,-0.5835796761032932
-0.4032901229461465,-0.5829971578786086
-0.40291656019681465,-0.5824148374169991
-0.4028391049519077,-0.5818327143868977
-0.4017776250209044,-0.5812507884573421
-0.3999913285114279,-0.5806690592979737
-0.3999568394613943,-0.5800875265790344
-0.3997727843876942,-0.579506189971366
-0.3995325614726483,-0.5789250491464085
-0.39874698178941576,-0.5783441037761978
-0.3982950043761791,-0.5777633535333645
-0.39820015550538923,-0.5771827980911326
-0.398107725582339,-0.5766024371233169
-0.39789208838525914,-0.5760222703043221
-0.3978757062901259,-0.575442297309141
-0.3975752476626683,-0.574862517813352
-0.3972429624776914,-0.5742829314931196
-0.39696616675400004,-0.5737035380251904
-0.3969618380451268,-0.5731243370868929
-0.39599994702107494,-0.5725453283561351
-0.39588502709462564,-0.5719665115114038
-0.39585943317733946,-0.5713878862317618
-0.39558551283934373,-0.5708094521968478
-0.39537482638584937,-0.5702312090868732
-0.3947592027808052,-0.5696531565826217
-0.3936289532136994,-0.5690752943654471
-0.39349123200307734,-0.5684976221172722
-0.39277598019328164,-0.5679201395205861
-0.3925257087547569,-0.5673428462584447
-0.3918648321251226,-0.5667657420144669
-0.39166107581421195,-0.5661888264728346
-0.39150796088073614,-0.5656120993182903
-0.39143673157362857,-0.5650355602361357
-0.39122376593684394,-0.5644592089122309
-0.39103025276765563,-0.5638830450329918
-0.3901433838665318,-0.563307068285389
-0.38991565167778813,-0.5627312783569465
-0.3896847238626045,-0.5621556749357396
-0.3894716497759276,-0.5615802577103941
-0.3894186769228453,-0.5610050263700846
-0.38922581631843517,-0.5604299806045325
-0.38906425803682365,-0.5598551201040047
-0.3887747841342237,-0.5592804445593127
-0.3887523556716665,-0.5587059536618101
-0.3882940184225037,-0.558131647103392
-0.3875574080093106,-0.5575575245764933
-0.3873938206832394,-0.5569835857740866
-0.38716650955530313,-0.5564098303896814
-0.38687564288624215,-0.5558362581173228
-0.38686545769603087,-0.5552628686515888
-0.3867065730162902,-0.554689661687591
-0.3864990533278712,-0.5541166369209708
-0.38645566089396194,-0.553543794047899
-0.3862330791295582,-0.5529711327650751
-0.3860767629769557,-0.5523986527697247
-0.38564272832233537,-0.5518263537595981
-0.38555211371265036,-0.55125423543297
-0.3854316218373001,-0.550682297488637
-0.3853582198568904,-0.550110539625916
-0.38523522064328736,-0.5495389615446442
-0.38516435450420555,-0.548967562945176
-0.3850588416352509,-0.5483963435283828
-0.3846241232728684,-0.5478253029956511
-0.38461533894231653,-0.5472544410488808
-0.38426512665803636,-0.5466837573904845
-0.38369286373377126,-0.5461132517233855
-0.382939565413934,-0.5455429237510171
-0.3824703567565055,-0.5449727731773204
-0.3824240187876574,-0.5444027997067433
-0.3820638168707196,-0.5438330030442399
-0.38154583375247675,-0.543263382895267
-0.3814695142585019,-0.5426939389657852
-0.380722931018696,-0.5421246709622561
-0.3803915663677791,-0.5415555785916415
-0.3803041315412231,-0.5409866615614013
-0.38021483168634607,-0.5404179195794934
-0.37982292669549056,-0.539849352354371
-0.37977861489433784,-0.5392809595949821
-0.379658856534022,-0.5387127410107685
-0.37880193964471137,-0.5381446963116634
-0.3780520091327999,-0.5375768252080906
-0.37766219772677706,-0.5370091274109633
-0.3774335833995426,-0.536441602631683
-0.3759578870934312,-0.535874250582137
-0.375569932389215,-0.5353070709746991
-0.37541668651215493,-0.5347400635222266
-0.3747690915388267,-0.5341732279380592
-0.3747042062604021,-0.5336065639360186
-0.37453607453922916,-0.5330400712304062
-0.37408427942662503,-0.5324737495360027
-0.37395726714902194,-0.5319075985680661
-0.37284560653407717,-0.531341618042331
-0.3720904379502459,-0.5307758076750067
-0.3717068319668566,-0.5302101671827765
-0.37072375793758744,-0.5296446962827954
-0.37020533000458816,-0.5290793946926912
-0.36968798082261106,-0.5285142621305602
-0.3696451107997192,-0.5279492983149681
-0.3695214854155929,-0.5273845029649479
-0.3692377023035523,-0.5268198757999986
-0.36884586789926455,-0.5262554165400843
-0.36876588906557894,-0.5256911249056332
-0.3684531304444578,-0.5251270006175355
-0.3682111687467325,-0.5245630433971425
-0.3679109705759534,-0.5239992529662659
-0.36787578059043363,-0.5234356290471761
-0.36775675752936465,-0.5228721713626011
-0.36767149623265477,-0.522308879635725
-0.3672121873592635,-0.5217457535901873
-0.36714843691357707,-0.5211827929500812
-0.36704792752037785,-0.5206199974399526
-0.36660797132240774,-0.5200573667847991
-0.36634671660437096,-0.5194949007100687
-0.36425534857219866,-0.5189325989416582
-0.36424426977342445,-0.5183704612059123
-0.3640094696084943,-0.5178084872296229
-0.3639014204787703,-0.5172466767400269
-0.3628460388632569,-0.5166850294648057
-0.3616994867512914,-0.5161235451320841
-0.36143342566909903,-0.515562223470429
-0.36142402008745067,-0.5150010642088475
-0.3612863948356846,-0.514440067076787
-0.36114687048981486,-0.5138792318041332
-0.36093806806232537,-0.5133185581212092
-0.3598957701806765,-0.5127580457587743
-0.35958784083244566,-0.5121976944480224
-0.3591497314334801,-0.5116375039205824
-0.35906869305285655,-0.5110774739085145
-0.35864646692547253,-0.5105176041443115
-0.3580959571623685,-0.5099578943608964
-0.357407118211218,-0.5093983442916218
-0.35613021332592004,-0.5088389536702678
-0.35603305476983205,-0.5082797222310423
-0.3559391481447452,-0.5077206497085786
-0.355709917377983,-0.5071617358379351
-0.35565308950479374,-0.5066029803545942
-0.3555442713348246,-0.5060443829944602
-0.35539832068861377,-0.5054859434938596
-0.3553191420382538,-0.5049276615895383
-0.3548977924461458,-0.5043695370186625
-0.3546341208710694,-0.5038115695188163
-0.35441559166556097,-0.5032537588280005
-0.35416818678489775,-0.5026961046846322
-0.3537918287197538,-0.5021386068275433
-0.3536460892067766,-0.5015812649959791
-0.3533517368525932,-0.5010240789295983
-0.3519459857867182,-0.5004670483684709
-0.3518169546555558,-0.49991017305307744
-0.35147134220027726,-0.4993534527243079
-0.350621689622823,-0.4987968871234609
-0.35060369951386466,-0.49824047599224186
-0.35043513663554704,-0.497684219072763
-0.3503253712205799,-0.4971281161075416
-0.3502632168432312,-0.4965721668394992
-0.35024385070419556,-0.4960163710119599
-0.35020534486299776,-0.4954607283686506
-0.34969484579608817,-0.49490523865369856
-0.3494886277682767,-0.49434990161163145
-0.349267667239019,-0.4937947169873756
-0.3490234121339129,-0.4932396845262551
-0.34893813582502464,-0.4926848039739912
-0.34887298004245765,-0.4921300750767006
-0.34877409149179317,-0.49157549758089475
-0.3486390755691347,-0.4910210712334794
-0.34734106454953967,-0.4904667957817523
-0.3469575397104192,-0.48991267097340324
-0.3468729672054784,-0.48935869655651265
-0.3467924842499838,-0.4888048722795506
-0.34644114373344137,-0.48825119789137555
-0.34542180587928056,-0.4876976731412341
-0.3454147985883737,-0.48714429777875906
-0.34457332950618264,-0.48659107155396913
-0.3441808085650497,-0.4860379942172673
-0.3438716254878881,-0.4854850655194401
-0.34372215444262855,-0.48493228521165754
-0.34359957164315164,-0.4843796530454704
-0.3434914607083343,-0.48382716877281046
-0.34287223203105593,-0.48327483214598893
-0.3428680816582125,-0.4827226429176959
-0.3426634774908771,-0.482170600840999
-0.3423669594338336,-0.48161870566934284
-0.34236042257272914,-0.4810669571565476
-0.342012334180455,-0.4805153550568082
-0.3415538070704718,-0.47996389912469334
-0.3413942959661064,-0.4794125891151446
-0.34138266111030646,-0.4788614247834757
-0.341081440460349,-0.47831040588537077
-0.3400419652036615,-0.4777595321768843
-0.33945391665778557,-0.47720880341443955
-0.33851331818105534,-0.47665821935482794
-0.33817912559853924,-0.47610777975520785
-0.337762575524172,-0.4755574843731042
-0.3371770927472135,-0.4750073329664066
-0.3364497894657183,-0.47445732529336937
-0.3362314115406843,-0.47390746111260984
-0.3358098199164942,-0.4733577401831078
-0.3351272260652674,-0.47280816226420447
-0.33475010400353755,-0.4722587271156022
-0.33474717829338024,-0.4717094344973619
-0.33455893260395686,-0.471160284169904
-0.3343750109262918,-0.47061127589400625
-0.3341310599733937,-0.47006240943080335
-0.33357067780598454,-0.4695136845417861
-0.33333847218597934,-0.4689651009888001
-0.33308507408523275,-0.46841665853404507
-0.3326257229833283,-0.46786835694007395
-0.33185712287439295,-0.46732019596979196
-0.33099590285857045,-0.46677217538645543
-0.33060020909107013,-0.46622429495367196
-0.3305811710654886,-0.4656765544353979
-0.3303702142278675,-0.4651289535959387
-0.3303178460237136,-0.46458149219994727
-0.3302439402346141,-0.4640341700124238
-0.3298130981946038,-0.4634869867987142
-0.32972069784180247,-0.4629399423245098
-0.32800714717376384,-0.46239303635584583
-0.3277610997365517,-0.46184626865910117
-0.3276246020053773,-0.461299639000997
-0.3267893177784725,-0.460753147148596
-0.32603963634692307,-0.460206792869302
-0.32562200614040104,-0.4596605759308583
-0.3253220386977099,-0.4591144961013474
-0.3246683810021546,-0.45856855314918976
-0.32459084162640817,-0.45802274684314337
-0.32395196276081784,-0.45747707695230216
-0.32390155122743186,-0.45693154324609625
-0.3238013404385472,-0.45638614549429
-0.3234324311254872,-0.4558408834669816
-0.3231682773442801,-0.45529575693460245
-0.32266356217332043,-0.4547507656679159
-0.32224038726459187,-0.45420590943801653
-0.322102838484676,-0.4536611880163298
-0.3218955874663829,-0.45311660117461033
-0.3214632828671022,-0.4525721486849416
-0.3213797537807407,-0.45202783031973526
-0.32088517430664976,-0.4514836458517295
-0.32052269470085526,-0.45093959505398956
-0.32051853901662747,-0.4503956776999054
-0.3203928790535675,-0.44985189356319205
-0.3198777409994115,-0.4493082424178881
-0.319420732650327,-0.448764724038355
-0.31870318801799946,-0.4482213381992764
-0.3185605152534693,-0.4476780846756578
-0.3185004800980546,-0.44713496324282437
-0.31839971975594356,-0.44659197367642134
-0.3182408915181984,-0.4460491157524131
-0.317750536764974,-0.4455063892470815
-0.31749871412254754,-0.44496379393702606
-0.3172748777512151,-0.44442132959916286
-0.31703233541842224,-0.4438789960107233
-0.3167570855949929,-0.4433367929492538
-0.3166497884663823,-0.44279472019261484
-0.31638197565065934,-0.44225277751897996
-0.3163804703050514,-0.4417109647068356
-0.3151830051923228,-0.44116928153497953
-0.3146839316972312,-0.4406277277825205
-0.31465327679937627,-0.44008630322887726
-0.31406711622296346,-0.4395450076537781
-0.3137220964555944,-0.43900384083725935
-0.31369140551542046,-0.43846280255966585
-0.3134791123938663,-0.437921892601649
-0.31288514624546326,-0.4373811107441662
-0.31282704967057934,-0.4368404567684805
-0.312389825748043,-0.43629993045615934
-0.31050799216617725,-0.4357595315890747
-0.30984003856099535,-0.4352192599494012
-0.30966487333730996,-0.4346791153196156
-0.3095363056287668,-0.43413909748249657
-0.3093401736329354,-0.4335992062211236
-0.3088576108725803,-0.4330594413188759
-0.30854349096291955,-0.4325198025594327
-0.3082599218687544,-0.4319802897267709
-0.3071883949179019,-0.4314409026051659
-0.3071836399795069,-0.43090164097918965
-0.3067318174569862,-0.43036250463371073
-0.3063455551411734,-0.4298234933538929
-0.3062604723633713,-0.4292846069251953
-0.3059351796262475,-0.4287458451333708
-0.30568098683149697,-0.42820720776446536
-0.3052471849245179,-0.4276686946048179
-0.30505926368448755,-0.4271303054410587
-0.3046212490686966,-0.42659204006011
-0.30404573463861373,-0.4260538982491836
-0.30363411965387754,-0.4255158797957812
-0.3034901163805399,-0.42497798448769364
-0.3030306768708233,-0.42444021211299965
-0.30279396289428706,-0.4239025624600653
-0.3027427238930881,-0.42336503531754405
-0.30211754663352614,-0.42282763047437477
-0.3018394158786399,-0.42229034771978174
-0.30180302734928,-0.4217531868432741
-0.3016991072847103,-0.42121614763464443
-0.3012934983381622,-0.42067922988396866
-0.3010527305586388,-0.42014243338160545
-0.3006281751295971,-0.4196057579181948
-0.30030099556262785,-0.41906920328465785
-0.2994196416260356,-0.4185327692721961
-0.2993424099550151,-0.41799645567229055
-0.2989274034179534,-0.4174602622767013
-0.2988664448689621,-0.4169241888774665
-0.2987054282271604,-0.41638823526690194
-0.29666150182813833,-0.41585240123760003
-0.2963825043632001,-0.4153166865824296
-0.2962153023099174,-0.4147810910945344
-0.29567697221252776,-0.4142456145673337
-0.2956310859340629,-0.41371025679452017
-0.2953500315095291,-0.41317501757006003
-0.2949925849548424,-0.4126398966881922
-0.29468346237616333,-0.4121048939434276
-0.29454847411960466,-0.4115700091305481
-0.29352483379714384,-0.4110352420446072
-0.2932900972973141,-0.41050059248092724
-0.2930568585739044,-0.4099660602351003
-0.29269608684917414,-0.40943164510298724
-0.2919954686463601,-0.4088973468807164
-0.29166750860480556,-0.4083631653646838
-0.29051057972728644,-0.4078291003515519
-0.2904634104089942,-0.407295151638249
-0.2904294314014003,-0.40676131902196866
-0.29018536825637414,-0.4062276023001692
-0.28983881683392754,-0.4056940012705724
-0.2897663562388293,-0.405160515731164
-0.2895882851052147,-0.404627145480192
-0.28951652004943595,-0.40409389031616616
-0.2894183069191305,-0.4035607500378577
-0.2889852767532849,-0.40302772444429863
-0.28888237539293077,-0.40249481333478065
-0.2887840899981191,-0.4019620165088551
-0.28827291734039573,-0.40142933376633183
-0.2875967348716785,-0.4008967649072787
-0.2872905210417886,-0.40036430973202125
-0.2872135144882851,-0.3998319680411412
-0.2872003367613537,-0.3992997396354769
-0.28610209903257694,-0.39876762431612206
-0.2859263243232806,-0.3982356218844252
-0.2859018943672451,-0.39770373214198895
-0.2851271063795752,-0.3971719548906694
-0.28428461705337943,-0.3966402899325758
-0.28380593376376284,-0.3961087370700697
-0.28345175038898146,-0.3955772961057642
-0.28317691549698515,-0.39504596684252336
-0.28159275892761537,-0.39451474908346174
-0.28158564046788986,-0.39398364263194363
-0.2810403206160318,-0.3934526472915827
-0.2808476053688294,-0.3929217628662408
-0.2802119141505697,-0.392390989160028
-0.28016158136722813,-0.3918603259773014
-0.27984798511115805,-0.3913297731226651
-0.2792712169556006,-0.39079933040096865
-0.2792174387622435,-0.3902689976173079
-0.27904901080784406,-0.38973877457702294
-0.2788798641281578,-0.3892086610856982
-0.277615069344792,-0.38867865694916176
-0.27728627806775585,-0.3881487619734847
-0.2772762935001725,-0.3876189759649803
-0.2770461009835996,-0.3870892987302042
-0.2770105891744712,-0.38655973007595273
-0.2762526839433671,-0.3860302698092627
-0.27575885170206177,-0.38550091773741135
-0.2749706912935903,-0.38497167366791485
-0.2744636808492119,-0.38444253740852863
-0.2739891086012466,-0.383913508767246
-0.2738989345579708,-0.3833845875522979
-0.2738952409058814,-0.3828557735721523
-0.2734653140083861,-0.3823270666355135
-0.27272789165407196,-0.38179846655132177
-0.27272118619221475,-0.3812699731287528
-0.27263723543326646,-0.3807415861772164
-0.2725790914534444,-0.38021330550635674
-0.27193079664037184,-0.37968513092605155
-0.27143886591934163,-0.37915706224641127
-0.2704824077621683,-0.3786290992777786
-0.26984792583144807,-0.3781012418307284
-0.2698252581795193,-0.37757348971606625
-0.268724164296414,-0.3770458427448284
-0.2686387514542359,-0.37651830072828124
-0.2682748373055729,-0.3759908634779202
-0.2665517732704889,-0.3754635308054703
-0.2663479176131924,-0.3749363025228841
-0.26631860539505664,-0.3744091784423424
-0.2662961427591516,-0.37388215837625266
-0.2662504674586,-0.37335524213724935
-0.26608091377562054,-0.37282842953819245
-0.26590933979710385,-0.37230172039216824
-0.26588718371447284,-0.3717751145124872
-0.26584985119823923,-0.37124861171268414
-0.26537940582438424,-0.37072221180651793
-0.26512070769528817,-0.3701959146079704
-0.26405519506520614,-0.36966971993124603
-0.26364330092479216,-0.3691436275907719
-0.2636025378118067,-0.3686176374011959
-0.26353785081783915,-0.3680917491773874
-0.2632266132899745,-0.367565962734436
-0.2628619765982305,-0.367040277887651
-0.2627264193406295,-0.36651469445256163
-0.26235612051239193,-0.3659892122449153
-0.2620852978462292,-0.36546383108067804
-0.26197034055647594,-0.3649385507760334
-0.2616556854488402,-0.3644133711473819
-0.26125775301162907,-0.363888292011341
-0.261112122299609,-0.36336331318474424
-0.2610261444093201,-0.3628384344846405
-0.26082752914179663,-0.36231365572829355
-0.2602460545494699,-0.36178897673318194
-0.26019062820558675,-0.36126439731699794
-0.2598988226324571,-0.3607399172976471
-0.2593900478467018,-0.36021553649324817
-0.2592637048255529,-0.3596912547221318
-0.25921935428091986,-0.3591670718028407
-0.25901498742926227,-0.35864298755412877
-0.25900476631633085,-0.3581190017949605
-0.25854635297273715,-0.3575951143445108
-0.2583798389939675,-0.3570713250221644
-0.2582869513625576,-0.3565476336475145
-0.25704832401216915,-0.35602404004036375
-0.2562847211597256,-0.3555005440207224
-0.2555795646479413,-0.35497714540880826
-0.2552995586649146,-0.35445384402504665
-0.25516184993365126,-0.35393063969006905
-0.25410518824363787,-0.35340753222471305
-0.2539069517230414,-0.3528845214500219
-0.25344265076092054,-0.35236160718724346
-0.2534335071444533,-0.35183878925783074
-0.2533781735870265,-0.35131606748344013
-0.2532448023399668,-0.35079344168593185
-0.2529264282990429,-0.35027091168736885
-0.2528235594846719,-0.3497484773100166
-0.25251063354570047,-0.3492261383763425
-0.2523314611050965,-0.34870389470901564
-0.25222492294516213,-0.34818174613090563
-0.25222445702626656,-0.3476596924650827
-0.2518167650700896,-0.34713773353481714
-0.25119472903185924,-0.34661586916357856
-0.2506342290270216,-0.3460940991750352
-0.25047911145636537,-0.3455724233930543
-0.25043538582050634,-0.34505084164170063
-0.24961620726902428,-0.34452935374523647
-0.2492608389248417,-0.3440079595281212
-0.2482333498022896,-0.3434866588150102
-0.2481264894746232,-0.34296545143075546
-0.2472557889180554,-0.34244433720040396
-0.24721767513864415,-0.3419233159491978
-0.24696680497687878,-0.34140238750257346
-0.24659405471737675,-0.3408815516861615
-0.2462707252975847,-0.3403608083257859
-0.24616154156561149,-0.33984015724746397
-0.24497244461706139,-0.3393195982774052
-0.24412431374419089,-0.3387991312420112
-0.24410273816154002,-0.33827875596787527
-0.2440299865757686,-0.33775847228178163
-0.24364765253153944,-0.3372382800107051
-0.24357019362919544,-0.3367181789818111
-0.24349350730574987,-0.33619816902245403
-0.24301267121141823,-0.3356782499601778
-0.2427630025579637,-0.3351584216227151
-0.24274756144515564,-0.33463868383798645
-0.2417548327660509,-0.3341190364341007
-0.2414669787709099,-0.3335994792393535
-0.241160966855119,-0.3330800120822275
-0.24093601173509835,-0.33256063479139153
-0.2401572466739209,-0.3320413471957006
-0.2401151710330808,-0.33152214912419464
-0.23967905333530698,-0.33100304040609907
-0.23912883767524393,-0.3304840208708234
-0.23892216853005221,-0.32996509034796123
-0.23879879613336216,-0.3294462486672896
-0.23868708398435723,-0.32892749565876883
-0.23862014561245262,-0.3284088311525415
-0.23816536290538623,-0.32789025497893276
-0.23814138391101464,-0.3273717669684494
-0.23807621148998606,-0.3268533669517789
-0.23739792821334507,-0.32633505475979024
-0.23732710182210198,-0.3258168302235321
-0.23716362425267803,-0.32529869317423354
-0.23691112956095692,-0.3247806434433027
-0.23665704666015647,-0.3242626808623267
-0.23665025503055317,-0.32374480526307126
-0.23572608504444872,-0.3232270164774801
-0.2355208159176124,-0.32270931433767436
-0.23479729636702615,-0.3221916986759528
-0.23464467155089852,-0.3216741693247904
-0.23458678959082152,-0.3211567261168387
-0.23453528894435488,-0.3206393688849247
-0.23444132100523285,-0.320122097462051
-0.23441381991366275,-0.3196049116813952
-0.23390564395638883,-0.31908781137630937
-0.23378966711684354,-0.3185707963803194
-0.23276392147387928,-0.3180538665271247
-0.23263990034778512,-0.3175370216505981
-0.23246705291354694,-0.3170202615847849
-0.23229789539987608,-0.3165035861639032
-0.23223150488506883,-0.31598699522234225
-0.2320914403200472,-0.31547048859466287
-0.23130471739206676,-0.31495406611559706
-0.23115369390346235,-0.31443772762004735
-0.23071558162353972,-0.31392147294308587
-0.23061003321414272,-0.31340530191995525
-0.23050840534086425,-0.3128892143860665
-0.23028316809145577,-0.312373210177
-0.22943646268914705,-0.31185728912850413
-0.22943048065940913,-0.31134145107649536
-0.22897243196538408,-0.3108256958570578
-0.22894882763716634,-0.3103100233064426
-0.22847401807662754,-0.30979443326106726
-0.2281922205002389,-0.30927892555751585
-0.2279961106514467,-0.3087635000325381
-0.22757277192477304,-0.3082481565230489
-0.22589718041632295,-0.30773289486612876
-0.22577703149514605,-0.30721771489902217
-0.22565123776076462,-0.30670261645913777
-0.22552763535352394,-0.30618759938404816
-0.22526147650757924,-0.3056726635114889
-0.2252537931395777,-0.30515780867935854
-0.22523214151137988,-0.3046430347257184
-0.22516399397252368,-0.3041283414887913
-0.22489408579734377,-0.30361372880696214
-0.224536647902712,-0.3030991965187765
-0.22445142060622023,-0.3025847444629411
-0.22412563761365525,-0.3020703724783232
-0.22398698146061424,-0.3015560804039496
-0.22389308774628655,-0.30104186807900696
-0.2238533308209463,-0.3005277353428409
-0.22308884990185232,-0.30001368203495576
-0.22302982690468512,-0.29949970799501435
-0.22298146335644525,-0.2989858130628374
-0.22247722435908357,-0.2984719970784031
-0.22208237729265573,-0.29795825988184654
-0.22180745319276596,-0.2974446013134599
-0.2217697166805953,-0.2969310212136913
-0.22174766804252466,-0.29641751942314487
-0.22161045080877592,-0.29590409578258053
-0.2215922306066471,-0.2953907501329128
-0.22130375831211155,-0.2948774823152113
-0.22129585503700747,-0.29436429217069965
-0.22119580329647637,-0.2938511795407553
-0.22089294585516211,-0.29333814426690974
-0.22087076707067338,-0.2928251861908469
-0.2204982118103786,-0.29231230515440393
-0.22045589084406272,-0.2917995009995699
-0.21998251975939864,-0.29128677356848603
-0.21996630134476225,-0.2907741227034447
-0.21908709404787233,-0.29026154824689016
-0.21788819021308417,-0.28974905004141677
-0.21781422629059333,-0.2892366279297692
-0.21752379734899316,-0.28872428175484255
-0.21727564658838563,-0.2882120113596809
-0.216533311951513,-0.2876998165874779
-0.2164834139863216,-0.28718769728157606
-0.21644380689168818,-0.286675653285466
-0.21641279893329562,-0.28616368444278656
-0.21501479789842182,-0.28565179059732393
-0.21487880420933222,-0.2851399715930118
-0.21486108510018181,-0.2846282272739308
-0.2146945290935782,-0.28411655748430775
-0.2141537098795851,-0.2836049620685159
-0.21415024781162895,-0.2830934408710738
-0.21408120929223315,-0.2825819937366456
-0.2140647797354695,-0.2820706205100402
-0.2139572487751325,-0.2815593210362116
-0.21352877008862303,-0.2810480951602575
-0.21332813407618825,-0.2805369427274194
-0.2131181692584257,-0.28002586358308246
-0.21309773748261024,-0.27951485757277467
-0.21207759375768423,-0.27900392454216716
-0.21199246831779062,-0.2784930643370728
-0.21157416574192142,-0.27798227680344695
-0.21128737056329652,-0.277471561787386
-0.21121868962574392,-0.27696091913512794
-0.21107471695316377,-0.2764503486930513
-0.21057975886258415,-0.2759398503076754
-0.21056101922707893,-0.2754294238256595
-0.2105033313612096,-0.27491906909380226
-0.210484975318612,-0.27440878595904217
-0.21025010477489486,-0.2738985742684564
-0.2095721606259648,-0.27338843386926054
-0.20907348224526173,-0.2728783646088092
-0.2089754125281244,-0.2723683663345941
-0.20890119962894102,-0.2718584388942448
-0.20882613689803287,-0.2713485821355279
-0.2085965013482472,-0.2708387959063467
-0.20859306877444747,-0.2703290800547413
-0.20810831722337111,-0.2698194344288876
-0.20732602838987466,-0.26930985887709713
-0.20656563278796883,-0.26880035324781687
-0.20649981378877574,-0.26829091738962885
-0.20645875399673552,-0.2677815511512493
-0.20537856731233972,-0.2672722543815295
-0.2052467489560507,-0.26676302692945403
-0.20513990393937342,-0.26625386864414113
-0.20510078322389694,-0.26574477937484225
-0.20499305066217127,-0.26523575897094187
-0.20490860205810574,-0.2647268072819564
-0.20481264345030073,-0.2642179241575353
-0.20437408369603338,-0.263709109447459
-0.2041434565963069,-0.2632003630016396
-0.20378950098999135,-0.26269168467012044
-0.2035148506170786,-0.26218307430307514
-0.20327817091570302,-0.26167453175080835
-0.20311653270796115,-0.2611660568637542
-0.2019107561303507,-0.2606576494924767
-0.20179799207535531,-0.2601493094876692
-0.2015294949052855,-0.25964103670015376
-0.201214309982776,-0.25913283098088136
-0.20077780488965916,-0.2586246921809313
-0.2007231500360066,-0.2581166201515107
-0.20041426371624463,-0.25760861474395413
-0.2003210295605507,-0.25710067580972357
-0.20024094063469916,-0.25659280320040784
-0.19978126053953466,-0.2560849967677222
-0.19950517663734899,-0.2555772563635085
-0.19934672285947538,-0.2550695818397341
-0.19918765196376625,-0.25456197304849215
-0.1991470568370819,-0.2540544298420006
-0.1991328704066848,-0.2535469520726025
-0.19834359767370274,-0.2530395395927657
-0.19833769350291738,-0.2525321922550818
-0.19807041118405366,-0.2520249099122663
-0.19768671518772124,-0.25151769241715816
-0.19744387835521174,-0.25101053962271985
-0.19729954583002865,-0.2505034513820361
-0.19721119663388453,-0.24999642754831478
-0.1968024481742523,-0.24948946797488536
-0.19678881848484714,-0.24898257251519945
-0.19620865403525398,-0.24847574102282993
-0.19594974067359247,-0.24796897335147103
-0.19585756757809217,-0.24746226935493748
-0.19569307417081003,-0.2469556288871651
-0.19568778166737102,-0.2464490518022093
-0.1955583339692689,-0.24594253795424548
-0.1954989252626235,-0.24543608719756863
-0.19506684735751412,-0.24492969938659262
-0.19486303050642237,-0.24442337437585077
-0.19466605596694317,-0.24391711201999428
-0.19459099008262346,-0.24341091217379282
-0.19404366073129184,-0.24290477469213387
-0.19401644233398743,-0.24239869943002243
-0.19348971853729285,-0.24189268624258053
-0.1934086256935551,-0.2413867349850476
-0.19318413765072523,-0.2408808455127792
-0.19295822280531327,-0.24037501768124708
-0.19264715821450848,-0.23986925134603906
-0.19222215881145294,-0.23936354636285845
-0.19215582602979317,-0.23885790258752407
-0.19203828982399226,-0.23835231987596944
-0.19200006817688778,-0.23784679808424267
-0.1918919749318438,-0.23734133706850627
-0.1916781423942802,-0.2368359366850368
-0.1916211450481298,-0.23633059679022414
-0.19134159211150448,-0.2358253172405721
-0.1911316999634486,-0.235320097892697
-0.1909489513601075,-0.23481493860332817
-0.19087705407297104,-0.23430983922930707
-0.1908334694106233,-0.23380479962758746
-0.1907468011867201,-0.2332998196552346
-0.1906838888902187,-0.23279489916942564
-0.1906408434056226,-0.2322900380274484
-0.19049752337241144,-0.23178523608670185
-0.19028726282612174,-0.23128049320469513
-0.18954458906380026,-0.23077580923904764
-0.18950421788828817,-0.2302711840474891
-0.18940928384071232,-0.22976661748785834
-0.18937982849156018,-0.2292621094181035
-0.1887103038339472,-0.2287576596962817
-0.18858940466100355,-0.22825326818055872
-0.1885809301175881,-0.2277489347292085
-0.18856893272303946,-0.2272446592006135
-0.18846100977276137,-0.22674044145326333
-0.18834485092471068,-0.2262362813457552
-0.18828649150321747,-0.2257321787367934
-0.1882039569599936,-0.225228133485189
-0.18815830053353166,-0.22472414544985939
-0.18800247138235082,-0.2242202144898286
-0.18764095941207384,-0.22371634046422606
-0.18735362566171998,-0.22321252323228696
-0.18693055462359953,-0.22270876265335166
-0.1859545954816582,-0.22220505858686532
-0.18559277550717468,-0.22170141089237827
-0.18485671340922483,-0.2211978194295447
-0.18474018881375745,-0.220694284058123
-0.18453446507865431,-0.22019080463797533
-0.1841473682419684,-0.21968738102906718
-0.18412173566889792,-0.2191840130914672
-0.18261759606414962,-0.21868070068534712
-0.1824988675486887,-0.21817744367098096
-0.1821945551394203,-0.21767424190874507
-0.1821037795317908,-0.21717109525911765
-0.18117015499215353,-0.21666800358267868
-0.18089876172181463,-0.21616496674010918
-0.18079070825491136,-0.21566198459219185
-0.18030923230712576,-0.21515905699980956
-0.17980343915960975,-0.21465618382394583
-0.1795046414020715,-0.21415336492568432
-0.17914986746239195,-0.21365060016620854
-0.17892910563841924,-0.21314788940680177
-0.17882434527499558,-0.21264523250884632
-0.17879781747688475,-0.21214262933382355
-0.17869237935720458,-0.21164007974331359
-0.1783716694393492,-0.21113758359899482
-0.17782767494670157,-0.21063514076264372
-0.17765515093271977,-0.210132751096135
-0.17757016662770767,-0.20963041446144035
-0.17732368588983133,-0.20912813072062902
-0.17708164250590572,-0.208625899735867
-0.17665241163060363,-0.2081237213694171
-0.1765553008762374,-0.20762159548363823
-0.17650491988024183,-0.2071195219409859
-0.17642475545808017,-0.20661750060401088
-0.17636586079546365,-0.20611553133535965
-0.1761073392693543,-0.20561361399777395
-0.1760761642872777,-0.20511174845409016
-0.17592081499273465,-0.2046099345672398
-0.17551477851094982,-0.20410817220024835
-0.17542456215556412,-0.20360646121623546
-0.17486421400597352,-0.20310480147841456
-0.17455603519391044,-0.20260319285009254
-0.1745115365946227,-0.20210163519466948
-0.17431360525611153,-0.20160012837563862
-0.17424367718992362,-0.20109867225658565
-0.1742040450860172,-0.20059726670118858
-0.17413477830918006,-0.20009591157321757
-0.17402739500422632,-0.19959460673653445
-0.1738723308588547,-0.199093352055093
-0.17350916281217973,-0.1985921473929378
-0.17343414175128793,-0.1980909926142044
-0.17304976853384102,-0.19758988758311924
-0.17255846557453206,-0.197088832163999
-0.1722020797845872,-0.19658782622125043
-0.17215095051678256,-0.19608686961937052
-0.17208698970452646,-0.1955859622229453
-0.17169993237785852,-0.19508510389665035
-0.17162450938050022,-0.1945842945052502
-0.17149681505345216,-0.19408353391359806
-0.17017170386727198,-0.19358282198663557
-0.17001330898722777,-0.19308215858939282
-0.17000643834687224,-0.19258154358698748
-0.16987529815711033,-0.19208097684462497
-0.16977546991568554,-0.191580458227598
-0.16967066739419548,-0.19107998760128622
-0.1687209539552524,-0.1905795648311566
-0.1677258328594627,-0.19007918978276211
-0.16760418770100624,-0.18957886232174218
-0.16676534245196875,-0.18907858231382213
-0.16672914811417813,-0.18857834962481315
-0.1664110232347751,-0.18807816412061143
-0.16599684691247715,-0.1875780256671991
-0.16573125137467745,-0.1870779341306425
-0.16563059302256822,-0.18657788937709288
-0.1656114414603511,-0.18607789127278573
-0.16558527914254126,-0.1855779396840407
-0.16528425785327008,-0.18507803447726115
-0.16505521749616506,-0.1845781755189342
-0.164372522246659,-0.18407836267563005
-0.16386324883438388,-0.18357859581400196
-0.1630298342954938,-0.1830788748007859
-0.16266114148423358,-0.18257919950280016
-0.16242277925963453,-0.18207956978694573
-0.16223618409142737,-0.18157998552020507
-0.16214586023504737,-0.18108044656964242
-0.16213516977910655,-0.18058095280240347
-0.1619201938611247,-0.18008150408571505
-0.16171201000429697,-0.17958210028688468
-0.1615924055807783,-0.17908274127330084
-0.16151919160884878,-0.17858342691243217
-0.16147717575495849,-0.1780841570718273
-0.1611593781272998,-0.1775849316191148
-0.16113261802866857,-0.17708575042200267
-0.1611141539820298,-0.17658661334827822
-0.1610083031654296,-0.17608752026580804
-0.16060683614852803,-0.17558847104253725
-0.16048543849843894,-0.1750894655464894
-0.16045729876512227,-0.17459050364576645
-0.160157870765771,-0.17409158520854814
-0.1596529609176822,-0.17359271010309235
-0.15958447238583137,-0.17309387819773397
-0.15935749738371308,-0.1725950893608853
-0.1593540124068822,-0.17209634346103544
-0.15889748457165673,-0.1715976403667504
-0.1584506649232762,-0.17109897994667225
-0.15835331407213388,-0.17060036206951978
-0.1576143553304703,-0.17010178660408717
-0.1575691872566404,-0.16960325341924443
-0.15745381873431052,-0.169104762383937
-0.1572100296952935,-0.1686063133671854
-0.15660786588422723,-0.16810790623808491
-0.156462810226342,-0.16760954086580582
-0.15626147141859337,-0.16711121711959237
-0.15614944000416547,-0.1666129348687631
-0.1560453378567832,-0.1661146939827104
-0.15575988952012101,-0.16561649433089992
-0.15573048477198945,-0.16511833578287138
-0.1556799362997278,-0.16462021820823702
-0.15563458875587344,-0.164122141476682
-0.15553609281107939,-0.16362410545796416
-0.15523167742998878,-0.16312611002191355
-0.15500019614817329,-0.16262815503843234
-0.1548700558967654,-0.1621302403774948
-0.15483325689777067,-0.1616323659091463
-0.15468869637195734,-0.1611345315035039
-0.1544816813234327,-0.16063673703075546
-0.15429404520410198,-0.16013898236115973
-0.1542363881470534,-0.15964126736504627
-0.1523608713720584,-0.15914359191281469
-0.15225109491999073,-0.15864595587493463
-0.15209248587539806,-0.15814835912194578
-0.15190846643990996,-0.15765080152445712
-0.1518731591679056,-0.15715328295314704
-0.15181039287573056,-0.15665580327876333
-0.15112880631006226,-0.1561583623721221
-0.15080317080732325,-0.1556609601041083
-0.1496723567250321,-0.15516359634567514
-0.14948673252182423,-0.15466627096784386
-0.1491932828548591,-0.15416898384170347
-0.1491684207611127,-0.15367173483841093
-0.14863072798409485,-0.1531745238291901
-0.14843069402305709,-0.1526773506853322
-0.1471529102458597,-0.15218021527819506
-0.14678777160403342,-0.15168311747920316
-0.1466238577062604,-0.1511860571598477
-0.14658529772354656,-0.1506890341916855
-0.14550562142036613,-0.15019204844633943
-0.1455029158058322,-0.14969509979549797
-0.145225800644864,-0.149198188110915
-0.1452142514732737,-0.14870131326440933
-0.1449672214471247,-0.14820447512786514
-0.1446585016170814,-0.14770767357323078
-0.14455702488552205,-0.14721090847251914
-0.14451807736135872,-0.14671417969780726
-0.1443141698669073,-0.14621748712123617
-0.1442879694661778,-0.14572083061501032
-0.14385359308943935,-0.14522421005139807
-0.14346117517075038,-0.14472762530273053
-0.14338319216667267,-0.14423107624140197
-0.1433657573621043,-0.14373456273986918
-0.14324615127595935,-0.1432380846706515
-0.14317278830977187,-0.14274164190633074
-0.1431036973256237,-0.14224523431955036
-0.1429262254356458,-0.14174886178301568
-0.14226553913622567,-0.14125252416949355
-0.1420552575459852,-0.1407562213518121
-0.14187594502306816,-0.1402599532028602
-0.14169876949608046,-0.13976371959558814
-0.1415104301376679,-0.13926752040300622
-0.14146749942240208,-0.1387713554981852
-0.14135306830674293,-0.1382752247542559
-0.14115023744438485,-0.1377791280444091
-0.14087877351862893,-0.13728306524189485
-0.14079016951403012,-0.13678703622002308
-0.14075951619832736,-0.1362910408521625
-0.14054210905678194,-0.13579507901174068
-0.1404802653951396,-0.13529915057224395
-0.14024631201706864,-0.13480325540721697
-0.14008467229989613,-0.13430739339026287
-0.1396200569177256,-0.1338115643950424
-0.13953946366133807,-0.1333157682952741
-0.13950738406881358,-0.1328200049647341
-0.13852867601080454,-0.13232427427725554
-0.13808634445949888,-0.13182857610672874
-0.13755058221891353,-0.1313329103271009
-0.1370102152943917,-0.1308372768123756
-0.13664892746709045,-0.13034167543661276
-0.13618629674269514,-0.12984610607392832
-0.1360579982174451,-0.12935056859849411
-0.1360505612510903,-0.12885506288453746
-0.13584211785995706,-0.12835958880634146
-0.13546018338516788,-0.1278641462382439
-0.13490447410814146,-0.12736873505463772
-0.13484961747804686,-0.12687335512997042
-0.13481294167315064,-0.12637800633874383
-0.13450268970741674,-0.12588268855551446
-0.13447964976362925,-0.1253874016548924
-0.13444161955339357,-0.12489214551154157
-0.13412681439905796,-0.12439692000017948
-0.13394160029609442,-0.12390172499557688
-0.13363896846555973,-0.12340656037255746
-0.13344947429833892,-0.12291142600599819
-0.13257104454704896,-0.1224163217708282
-0.1323323267932779,-0.12192124754202914
-0.13222605111037966,-0.12142620319463483
-0.13214059813334306,-0.12093118860373082
-0.13198523159165546,-0.12043620364445481
-0.13136682304573458,-0.11994124819199556
-0.13102777499339444,-0.1194463221215931
-0.13102612554645948,-0.11895142530853862
-0.1307250678314598,-0.11845655762817395
-0.13057379117273005,-0.1179617189558914
-0.13054210347673276,-0.11746690916713402
-0.13004971327878145,-0.11697212813739451
-0.1296054014540838,-0.11647737574221562
-0.12953341463562368,-0.11598265185718971
-0.12943192927704097,-0.11548795635795855
-0.1286448463430239,-0.11499328912021299
-0.1283160224053707,-0.11449865001969325
-0.1283060064414899,-0.1140040389321879
-0.12817592939799563,-0.1135094557335341
-0.1277209059305399,-0.11301490029961733
-0.12767313265705904,-0.11252037250637102
-0.1273661565482401,-0.11202587222977685
-0.12659024053389584,-0.11153139934586367
-0.12652784902164183,-0.11103695373070789
-0.12647868218311376,-0.11054253526043305
-0.1264486277030805,-0.11004814381120967
-0.1260446437065624,-0.10955377925925484
-0.12582610005456993,-0.10905944148083256
-0.12574825301175396,-0.10856513035225268
-0.12559068342722138,-0.10807084574987126
-0.12558756037218552,-0.10757658755009014
-0.12519619943661087,-0.10708235562935683
-0.12499523235557425,-0.10658814986416405
-0.12497103319650413,-0.10609397013105008
-0.1247004563009866,-0.10559981630659776
-0.1246974913590935,-0.10510568826743472
-0.12430136996529692,-0.10461158589023316
-0.12420689983857905,-0.10411750905170941
-0.12361872855866861,-0.1036234576286242
-0.12353283271705492,-0.10312943149778173
-0.12328279743227621,-0.10263543053602993
-0.12321386786639606,-0.10214145462026016
-0.12302921577371755,-0.10164750362740689
-0.12291394118687514,-0.10115357743444742
-0.12280163239069466,-0.10065967591840225
-0.12254734071387478,-0.10016579895633387
-0.12248563940702847,-0.0996719464253473
-0.12209819019968574,-0.09917811820258955
-0.12202644411634672,-0.09868431416524957
-0.12152177158148872,-0.09819053419055772
-0.12139227160747446,-0.09769677815578623
-0.12098207456707206,-0.0972030459382481
-0.12041009200739679,-0.09670933741529747
-0.12028747872173669,-0.0962156524643292
-0.12027753680538583,-0.09572199096277859
-0.12016232326676388,-0.09522835278812161
-0.12010530327126961,-0.09473473781787402
-0.1200074767410938,-0.09424114592959154
-0.11996985290262024,-0.09374757700086957
-0.11957080324989061,-0.09325403090934294
-0.11956820634889827,-0.09276050753268565
-0.11956631688771067,-0.09226700674861105
-0.11903756026303411,-0.09177352843487095
-0.11893261666417625,-0.09128007246925582
-0.11872538943805237,-0.09078663872959455
-0.11872038092206749,-0.09029322709375402
-0.11870686320246926,-0.08979983743963946
-0.11861197759498444,-0.08930646964519343
-0.11838101834045889,-0.08881312358839606
-0.11828451855150254,-0.08831979914726491
-0.11815010993470378,-0.08782649619985448
-0.1177875557552873,-0.08733321462425608
-0.1175446020801023,-0.08683995429859802
-0.11749863261486297,-0.08634671510104465
-0.11738748512492854,-0.08585349690979668
-0.11698942493433337,-0.08536029960309086
-0.11674912044740177,-0.0848671230591996
-0.11666259552331217,-0.08437396715643089
-0.11604600875711778,-0.08388083177312844
-0.11589713115606301,-0.08338771678767062
-0.11589702540070154,-0.082894622078471
-0.11582533120538477,-0.08240154752397776
-0.1158017819196705,-0.0819084930026735
-0.11569168496678309,-0.0814154583930755
-0.11563847652842439,-0.08092244357373472
-0.11562401424563795,-0.08042944842323614
-0.11551327833321748,-0.07993647282019835
-0.11483119919973882,-0.07944351664327338
-0.11476005878537585,-0.07895057977114642
-0.11469610050869453,-0.07845766208253602
-0.11443177699224875,-0.07796476345619313
-0.11382873357730303,-0.07747188377090145
-0.1136338808559305,-0.07697902290547702
-0.11336727120944254,-0.0764861807387681
-0.11333550944895758,-0.07599335714965476
-0.11302478549680466,-0.07550055201704915
-0.11294060166342207,-0.07500776521989468
-0.11281916640290042,-0.07451499663716607
-0.11275759156812606,-0.07402224614786924
-0.11252577990724894,-0.07352951363104089
-0.11245919828617355,-0.07303679896574873
-0.11191594160051664,-0.07254410203109063
-0.1117715733561445,-0.07205142270619483
-0.11165111808105656,-0.07155876087021958
-0.11153889527997057,-0.07106611640235305
-0.11142858133248358,-0.0705734891818129
-0.11130299278937116,-0.07008087908784658
-0.11047319696766915,-0.06958828599973038
-0.11043727107231308,-0.06909570979676978
-0.11012569774543127,-0.06860315035829895
-0.11008599440874807,-0.06811060756368074
-0.10968690751633861,-0.06761808129230622
-0.10962454267018695,-0.06712557142359503
-0.10907814157287365,-0.06663307783699435
-0.10891989954415206,-0.06614060041197928
-0.10876559915604374,-0.06564813902805247
-0.10815736952411337,-0.0651556935647437
-0.10810829726816808,-0.06466326390161038
-0.10764295975896314,-0.06417084991823635
-0.10763707547390007,-0.06367845149423237
-0.1075810360528169,-0.06318606850923562
-0.10753032162129066,-0.06269370084290964
-0.10735676400193922,-0.06220134837494389
-0.10717595225504548,-0.06170901098505411
-0.10696905638268696,-0.06121668855298134
-0.1068804836207015,-0.06072438095849217
-0.1064585325204658,-0.06023208808137846
-0.10635578228445228,-0.05973980980145715
-0.10591020633932892,-0.05924754599856983
-0.10589810562212393,-0.05875529655258318
-0.10560954500490537,-0.05826306134338787
-0.10560090138342829,-0.05777084025089895
-0.10540305214876819,-0.057278633155055436
-0.10530183160788352,-0.05678643993582006
-0.10527316444069493,-0.05629426047317954
-0.10517139263325789,-0.055802094647143585
-0.10457861295660359,-0.05530994233774523
-0.10412265536119227,-0.05481780342504047
-0.10408434333438968,-0.05432567778910809
-0.10404631374052921,-0.05383356531004929
-0.10403128638992107,-0.05334146586798808
-0.10402479715762607,-0.05284937934307018
-0.10340053972454687,-0.05235730561546339
-0.10332610978070648,-0.05186524456535727
-0.10292828162981542,-0.051373196072962785
-0.102740945427899,-0.05088116001851265
-0.10183623167092778,-0.05038913628226026
-0.10139078094795141,-0.049897124744480104
-0.10066795167903975,-0.04940512528546738
-0.10056989824215276,-0.0489131377855378
-0.10018644660835865,-0.048421162125027215
-0.10018166237938149,-0.04792919818429204
-0.10004256479587514,-0.04743724584370813
-0.0999673419008063,-0.046945304983671186
-0.09908174856495376,-0.04645337548459639
-0.09876099625135942,-0.04596145722691824
-0.0984692352863539,-0.04546955009109011
-0.098431242061026,-0.044977653957584726
-0.09801144622870438,-0.04448576870689302
-0.09800738751495533,-0.04399389421952455
-0.09758889619890622,-0.04350203037600714
-0.09751080542707559,-0.043010177056886506
-0.0971186222195654,-0.04251833414272666
-0.0967567455689036,-0.04202650151410884
-0.09668731521239764,-0.04153467905163184
-0.0959309884539814,-0.041042866635911716
-0.09588749976167725,-0.04055106414758157
-0.09557691022942864,-0.04005927146729119
-0.09524571020683988,-0.0395674884757074
-0.09520761128528,-0.03907571505351304
-0.09511350880001135,-0.03858395108140732
-0.09435942265408233,-0.03809219644010544
-0.09389970739180682,-0.037600451010338445
-0.09358419856543247,-0.03710871467285286
-0.0934971590378924,-0.036616987308410995
-0.09349176086575552,-0.03612526879778999
-0.09329715838247425,-0.03563355902178209
-0.09328889473863804,-0.0351418578611944
-0.0931963216530523,-0.0346501651968484
-0.09300426906232692,-0.03415848090958046
-0.09274194577399386,-0.03366680488024066
-0.09269990745723583,-0.03317513698969326
-0.09267529236804718,-0.032683477118816265
-0.09222551587081405,-0.032191825148501295
-0.09217858709643989,-0.03170018095965319
-0.09211866343893746,-0.031208544433190398
-0.09177341945172349,-0.030716915450043916
-0.0917457159191079,-0.030225293891157665
-0.09173955273330639,-0.029733679637488127
-0.09114376087305985,-0.02924207257000416
-0.0910017206077352,-0.028750472569686648
-0.09053168374922282,-0.028258879517528847
-0.09045118074585698,-0.02776729329453538
-0.0899184628954428,-0.027275713781722544
-0.08966651582270906,-0.02678414086011802
-0.08962763719061051,-0.02629257441076048
-0.0891256508218703,-0.02580101431469999
-0.08904689588840276,-0.025309460452996937
-0.08889589169465512,-0.02481791270672241
-0.08847339397066518,-0.024326370956957836
-0.08785421418738576,-0.023834835084794805
-0.08760465400348781,-0.023343304971334685
-0.08695121660176362,-0.022851780497689038
-0.0868989443959526,-0.022360261544978537
-0.08641905646044148,-0.02186874799433333
-0.08635925890624774,-0.02137723972689271
-0.08621969477473304,-0.020885736623804912
-0.0862163355559551,-0.020394238566226762
-0.08620475508954771,-0.019902745435324044
-0.08594352907059534,-0.019411257112270448
-0.08588887116563396,-0.018919773478247956
-0.0849694570716542,-0.018428294414446465
-0.08480837988263563,-0.017936819802063464
-0.08428075150506745,-0.017445349522304393
-0.08417382348272259,-0.016953883456381606
-0.08402218263203648,-0.01646242148551471
-0.0840087523505794,-0.01597096349093025
-0.08395841821730254,-0.015479509353861495
-0.08351404437146555,-0.014988058955548085
-0.0830466051125157,-0.014496612177236416
-0.08273825317872144,-0.01400516890017858
-0.08249815522764993,-0.013513729005632729
-0.08246892169612426,-0.013022292374862736
-0.08241502130739975,-0.012530858889137854
-0.08197600539330395,-0.012039428429733066
-0.08177085940388086,-0.011548000877928063
-0.08132514223410656,-0.011056576115007585
-0.08082813235665491,-0.010565154022261092
-0.0807212112693286,-0.010073734480982548
-0.08071207720572413,-0.009582317372470107
-0.0802693754202624,-0.00909090257802644
-0.08025792972822285,-0.00859948997895772
-0.08022655989506824,-0.00810807945657397
-0.07993909182858527,-0.007616670892188718
-0.07906636145173473,-0.007125264167118809
-0.07860349487914027,-0.006633859162684054
-0.0779648809805099,-0.006142455760207595
-0.07785998492879376,-0.0056510538410148555
-0.07762283902918861,-0.005159653286433915
-0.07735790783400912,-0.004668253977795154
-0.07711068613541423,-0.004176855796430922
-0.07661342957749599,-0.0036854586236758926
-0.07660570541246155,-0.0031940623408660243
-0.07641633877104358,-0.0027026668293389203
-0.0763481363189423,-0.0022112719704334882
-0.0760694799743619,-0.0017198776454897377
-0.07600663908964096,-0.0012284837358484417
-0.07578975886070943,-0.0007370901228514933
-0.07542176501929197,-0.0002456966878408696
-0.07520883078890424,0.0002456966878408735
-0.07511940997300592,0.0007370901228516363
-0.07482272761700332,0.0012284837358484456
-0.07442748825514237,0.0017198776454897416
-0.07415750193045428,0.002211271970433632
-0.07376538090887448,0.0027026668293389246
-0.07361510954265861,0.003194062340866168
-0.07343803909269361,0.003685458623675897
-0.07322046564988145,0.004176855796431065
-0.07306305588742841,0.004668253977795297
-0.07295082120374864,0.005159653286433918
-0.07281256901838418,0.005651053841014999
-0.07266840978552046,0.006142455760207598
-0.07245900717561808,0.0066338591626841975
-0.07245891890962392,0.0071252641671189524
-0.07190939341111997,0.007616670892188721
-0.07171345368236323,0.008108079456574113
-0.07161377142818175,0.008599489978957724
-0.07150692087274277,0.009090902578026583
-0.07138338688820026,0.00958231737247011
-0.0711643649510271,0.010073734480982552
-0.07109460039956153,0.010565154022261235
-0.07076775085309207,0.011056576115007589
-0.07054367633470361,0.011548000877928205
-0.06954725268261644,0.01203942842973307
-0.06928894259217692,0.012530858889137996
-0.06912502661166466,0.013022292374862878
-0.06892923544540396,0.013513729005632732
-0.0688876621039185,0.014005168900178723
-0.068864670185025,0.014496612177236419
-0.06876656263003378,0.014988058955548228
-0.06838682936832334,0.015479509353861637
-0.06826002092951408,0.015970963490930256
-0.06824419544003879,0.016462421485514855
-0.06821854720888092,0.016953883456381613
-0.06794018105179013,0.01744534952230454
-0.06729544241031118,0.01793681980206347
-0.06729153727101908,0.01842829441444647
-0.06707069190547019,0.0189197734782481
-0.06705274261706355,0.019411257112270455
-0.06699540543293701,0.01990274543532419
-0.06689974211036216,0.02039423856622677
-0.06669366771713851,0.02088573662380492
-0.06657128680835987,0.021377239726892854
-0.06593227541376409,0.021868747994333335
-0.06573047330874011,0.022360261544978687
-0.06566022204311996,0.022851780497689045
-0.0654048966437887,0.02334330497133483
-0.06536240217266508,0.02383483508479495
-0.06523555110771784,0.024326370956957843
-0.06497905365473601,0.024817912706722556
-0.06489730537957666,0.025309460452997225
-0.0648883628182381,0.025801014314700135
-0.06484152268592898,0.026292574410760765
-0.06423753118466964,0.026784140860118027
-0.06412098804562928,0.02727571378172269
-0.0639498539168206,0.027767293294535665
-0.0638904834920009,0.028258879517528993
-0.06377551044096656,0.028750472569686932
-0.0637058895888321,0.029242072570004166
-0.06327357359507148,0.029733679637488273
-0.06288901631969018,0.030225293891157672
-0.06276166186274451,0.030716915450044062
-0.06272514229399045,0.031208544433190682
-0.06267071430855682,0.03170018095965333
-0.06265999404387534,0.032191825148501434
-0.06247383639618998,0.032683477118816265
-0.06240570980862706,0.0331751369896934
-0.06234351325897609,0.03366680488024094
-0.06232777097747237,0.034158480909580596
-0.06179528590110197,0.03465016519684868
-0.06165734219801506,0.0351418578611944
-0.06148161063541426,0.03563355902178223
-0.0604587448153888,0.036125268797790266
-0.060368938378050865,0.036616987308411134
-0.06007386886474514,0.037108714672853135
-0.05999540121167352,0.037600451010338445
-0.05963545813182805,0.03809219644010558
-0.0594720792318011,0.03858395108140732
-0.05915669281012151,0.03907571505351318
-0.059123198515965536,0.03956748847570768
-0.059121468461209956,0.04005927146729133
-0.05905564741457254,0.04055106414758171
-0.058691690642055185,0.041042866635911716
-0.05854920600025729,0.04153467905163198
-0.058292099399305075,0.04202650151410912
-0.05807394414599627,0.0425183341427268
-0.05777871085497887,0.043010177056886784
-0.05768021996643001,0.04350203037600714
-0.05736694766552688,0.04399389421952469
-0.05735635623456727,0.044485768706893296
-0.05722180145826867,0.044977653957584865
-0.05628275550283608,0.04546955009109039
-0.05619398757670302,0.04596145722691824
-0.05585212509591076,0.046453375484596535
-0.05573712378653073,0.046945304983671186
-0.05570397201918839,0.047437245843708266
-0.05557614923050406,0.04792919818429232
-0.05554362313805978,0.04842116212502736
-0.05543436247948005,0.048913137785537936
-0.054669746224807775,0.04940512528546738
-0.054391204934324304,0.04989712474448024
-0.05426986844820318,0.050389136282260535
-0.05413953803027101,0.05088116001851279
-0.05381524750930502,0.05137319607296306
-0.05358834400880841,0.05186524456535727
-0.053576881292816056,0.05235730561546353
-0.053553549915996645,0.052849379343070456
-0.053201144714370846,0.05334146586798822
-0.0526950224496294,0.05383356531004958
-0.05267402281316901,0.05432567778910809
-0.05258245455132325,0.05481780342504061
-0.052568455891229215,0.05530994233774523
-0.05207826647271374,0.055802094647143724
-0.052053105513411684,0.05629426047317982
-0.051689724967524144,0.0567864399358202
-0.05137636329867868,0.057278633155055575
-0.05083661054521066,0.05777084025089895
-0.050516723042561176,0.05826306134338801
-0.05002233845638474,0.058755296552583464
-0.049974931918919836,0.05924754599856997
-0.04984019237181678,0.05973980980145729
-0.04979959358683696,0.06023208808137846
-0.04955348705502364,0.06072438095849231
-0.04938912408751568,0.06121668855298162
-0.04933368993189105,0.061709010985054255
-0.04930546499881628,0.06220134837494417
-0.049243730092571436,0.06269370084290964
-0.049095109923529764,0.06318606850923576
-0.04899445920246954,0.06367845149423237
-0.048890459213029376,0.06417084991823649
-0.04884769533258594,0.06466326390161066
-0.0487646169715403,0.06515569356474384
-0.0487500812390936,0.06564813902805261
-0.04833260751660513,0.06614060041197928
-0.04801363222820062,0.06663307783699449
-0.047962203727475276,0.0671255714235953
-0.04788770043682971,0.06761808129230636
-0.04775970414666529,0.06811060756368088
-0.04767247313653465,0.06860315035829895
-0.04758788059875703,0.06909570979676992
-0.047326553293858924,0.06958828599973066
-0.047321779024489904,0.07008087908784671
-0.04731643912170314,0.07057348918181318
-0.046789368399112186,0.07106611640235305
-0.04648786749630118,0.07155876087021971
-0.04624080510227851,0.07205142270619483
-0.046021157897236036,0.07254410203109077
-0.0457777890004022,0.07303679896574901
-0.04566917049013608,0.07352951363104103
-0.045651353353058234,0.07402224614786938
-0.04456926004439569,0.07451499663716607
-0.04445580964211956,0.07500776521989481
-0.04409036186402271,0.07550055201704943
-0.04401151509146843,0.0759933571496549
-0.044010171325553155,0.07648618073876824
-0.04393091226730118,0.07697902290547702
-0.04362429844813144,0.07747188377090158
-0.04327055203120791,0.07796476345619341
-0.04296534356478859,0.07845766208253616
-0.04292553904747742,0.0789505797711467
-0.042923729476111276,0.07944351664327338
-0.04225818004365052,0.07993647282019849
-0.042145830521148675,0.08042944842323642
-0.04213734669088766,0.08092244357373486
-0.04198069563558769,0.08141545839307578
-0.04192981980486442,0.08190849300267364
-0.04191589115564789,0.0824015475239779
-0.04175568531422244,0.082894622078471
-0.04169296575118841,0.08338771678767076
-0.04127037706382369,0.08388083177312872
-0.04096387982634268,0.08437396715643103
-0.04086751492352182,0.08486712305919974
-0.040826398563219145,0.08536029960309086
-0.0406754925819455,0.08585349690979682
-0.040634935268258586,0.08634671510104493
-0.0402643078910352,0.08683995429859816
-0.03997151973257456,0.08733321462425636
-0.039967587615680235,0.08782649619985448
-0.03965095645455342,0.08831979914726505
-0.03927097419236593,0.08881312358839634
-0.03926999993354337,0.08930646964519356
-0.03913302912124923,0.08979983743963975
-0.03903146717051111,0.09029322709375416
-0.03867459646505293,0.09078663872959469
-0.038629977402832485,0.09128007246925582
-0.038575696660460644,0.09177352843487109
-0.038448543676999535,0.09226700674861134
-0.03828993991098937,0.09276050753268579
-0.038288535256019954,0.09325403090934307
-0.03826969152395229,0.09374757700086957
-0.0377300770217716,0.09424114592959168
-0.037599254407592375,0.0947347378178743
-0.03759574555862836,0.09522835278812175
-0.03750446271570516,0.09572199096277886
-0.03738807156268621,0.0962156524643292
-0.037255411532743525,0.09670933741529761
-0.03704741850969213,0.0972030459382484
-0.03637266533252261,0.09769677815578637
-0.03608572707212325,0.098190534190558
-0.036061623169658316,0.09868431416524957
-0.03594635190577868,0.09917811820258969
-0.03587129417607638,0.0996719464253473
-0.035523712567987066,0.10016579895633401
-0.034835486540299485,0.10065967591840252
-0.034795734632144665,0.10115357743444756
-0.03467483642086278,0.10164750362740703
-0.03457789708047189,0.10214145462026016
-0.034567397550360604,0.10263543053603007
-0.03447649871790086,0.103129431497782
-0.034308463666041115,0.10362345762862434
-0.03409979262901019,0.10411750905170969
-0.03396979792810399,0.10461158589023316
-0.033940291035265704,0.10510568826743485
-0.03378806811233125,0.10559981630659804
-0.03360932996077872,0.10609397013105022
-0.0334323546762862,0.10658814986416433
-0.03321610587277005,0.10708235562935683
-0.03320146522297863,0.10757658755009028
-0.0328566088594552,0.10807084574987126
-0.032614903557319816,0.10856513035225282
-0.032060728799502225,0.10905944148083284
-0.03187674116307387,0.10955377925925498
-0.03181135593865111,0.11004814381120981
-0.03172201977963619,0.11054253526043305
-0.03158031770716026,0.11103695373070803
-0.031285185554630626,0.11153139934586395
-0.031246676498266963,0.112025872229777
-0.031182888576705047,0.1125203725063713
-0.03100546329242188,0.11301490029961733
-0.030924629138880822,0.11350945573353424
-0.030868205991745494,0.11400403893218818
-0.030729832872966746,0.11449865001969341
-0.030470324619756628,0.11499328912021327
-0.030109322339667313,0.11548795635795855
-0.029688758147256147,0.11598265185718985
-0.029350326796227663,0.11647737574221562
-0.02885482926405672,0.11697212813739466
-0.028493071984003467,0.1174669091671343
-0.027943465320978415,0.11796171895589154
-0.02744825230203764,0.1184565576281741
-0.027329185374261725,0.11895142530853862
-0.02732650960480003,0.11944632212159324
-0.027257108005385142,0.11994124819199584
-0.02662683718964601,0.12043620364445495
-0.025952764353894597,0.1209311886037311
-0.025458307112568877,0.12142620319463483
-0.025437922533455854,0.12192124754202928
-0.024381420870944727,0.12241632177082848
-0.024180970817258195,0.12291142600599833
-0.02404527284254688,0.12340656037255773
-0.023897628220032826,0.12390172499557688
-0.023574434814953995,0.12439692000017961
-0.023514296304071234,0.12489214551154157
-0.02350313186959879,0.12538740165489254
-0.023208595172138975,0.12588268855551474
-0.022707133788928538,0.12637800633874396
-0.022706816827124655,0.12687335512997056
-0.022494234659771944,0.12736873505463772
-0.022407186105432617,0.12786414623824405
-0.02214177384852349,0.12835958880634174
-0.021725216403380775,0.1288550628845376
-0.02140467735487369,0.12935056859849425
-0.02135719448168666,0.12984610607392832
-0.021266979388143353,0.1303416754366129
-0.02118067550485505,0.1308372768123759
-0.020855596455477965,0.13133291032710104
-0.02064454834493317,0.13182857610672902
-0.02059464424673167,0.13232427427725554
-0.02044812669862597,0.13282000496473423
-0.020413522603746133,0.1333157682952741
-0.020257443409227232,0.13381156439504255
-0.019786531900414756,0.13430739339026318
-0.01943509894212419,0.1348032554072171
-0.019367523271456452,0.1352991505722441
-0.019263095984767744,0.13579507901174068
-0.018606282137627578,0.13629104085216265
-0.018250868482312416,0.13678703622002336
-0.01813635205565703,0.13728306524189499
-0.01813401990294917,0.13777912804440923
-0.018076407171535375,0.1382752247542559
-0.017357867453585318,0.13877135549818534
-0.01719526359088637,0.1392675204030065
-0.01715179222957974,0.13976371959558828
-0.016987459559537912,0.14025995320286047
-0.016465040761626932,0.1407562213518121
-0.01633008819815191,0.1412525241694937
-0.016289772603121547,0.14174886178301568
-0.016258198938168968,0.1422452343195505
-0.01605846842227914,0.142741641906331
-0.016009754838615317,0.14323808467065163
-0.01599331042653726,0.14373456273986931
-0.015889166873669727,0.14423107624140197
-0.01576494735712074,0.1447276253027307
-0.015581227941473208,0.14522421005139838
-0.014763969809957655,0.14572083061501045
-0.014638068907464271,0.1462174871212363
-0.014395944185068125,0.14671417969780726
-0.0143395265019726,0.14721090847251928
-0.01421871312355812,0.14770767357323106
-0.014204155011976988,0.14820447512786528
-0.014090463281312882,0.1487013132644096
-0.014014351643385796,0.149198188110915
-0.013998658736265674,0.1496950997954981
-0.013936949754307933,0.15019204844633943
-0.013883435614991845,0.15068903419168564
-0.013743892567808835,0.151186057159848
-0.013643572906612535,0.1516831174792033
-0.013587407710201244,0.1521802152781952
-0.01353384887749561,0.1526773506853322
-0.012912848734548964,0.15317452382919025
-0.012671409017622183,0.1536717348384112
-0.012621484149518485,0.1541689838417036
-0.012589373731763335,0.154666270967844
-0.012433282491492075,0.15516359634567514
-0.012066585364361419,0.15566096010410843
-0.012039912510784272,0.15615836237212238
-0.012033276011602815,0.15665580327876347
-0.012004830245889202,0.15715328295314732
-0.011804762444105367,0.15765080152445712
-0.011754464479224166,0.15814835912194591
-0.01159908005809984,0.1586459558749349
-0.011467264021958098,0.15914359191281482
-0.01138595552012207,0.15964126736504655
-0.011230298722688896,0.16013898236115987
-0.011158468868896985,0.1606367370307556
-0.010930760972014484,0.1611345315035039
-0.010640824122358252,0.16163236590914645
-0.010449355134776543,0.16213024037749507
-0.010406568205557153,0.16262815503843248
-0.010393553577950982,0.16312611002191368
-0.009614609871203718,0.16362410545796416
-0.009498363683315032,0.16412214147668214
-0.009497171843047145,0.1646202182082373
-0.009488189640080837,0.16511833578287152
-0.009449216494297403,0.16561649433090025
-0.009427596083550009,0.1661146939827104
-0.00929411985580918,0.16661293486876325
-0.0092599569129501,0.16711121711959265
-0.009159971447012987,0.16760954086580596
-0.008507105016466175,0.1681079062380852
-0.007890495533949465,0.1686063133671854
-0.007735980906964455,0.16910476238393715
-0.007674233757768719,0.16960325341924443
-0.007656688134972481,0.1701017866040873
-0.007223198045645213,0.17060036206952006
-0.006818577123335374,0.1710989799466724
-0.006786294155937385,0.17159764036675054
-0.006630673531947626,0.17209634346103544
-0.006541777973413693,0.17259508936088544
-0.006428601267024025,0.17309387819773425
-0.006214993651816555,0.1735927101030925
-0.005610929267586804,0.17409158520854842
-0.005487773877695567,0.17459050364576645
-0.004966999870562155,0.17508946554648955
-0.004638082614825726,0.17558847104253753
-0.004449074224313434,0.1760875202658082
-0.0043049884057315135,0.1765866133482785
-0.004138976041735418,0.17708575042200267
-0.003907694568594614,0.17758493161911493
-0.0033866410173154925,0.1780841570718273
-0.0032501152847952556,0.1785834269124323
-0.0029797343999073893,0.17908274127330112
-0.002946190797464103,0.17958210028688482
-0.0028821629051146843,0.1800815040857152
-0.0028580764077698944,0.18058095280240347
-0.002759064642306751,0.18108044656964256
-0.0025683576661993403,0.18157998552020535
-0.002559951606389223,0.18207956978694587
-0.002477246898727619,0.18257919950280044
-0.00240169011069104,0.1830788748007859
-0.0023782502777394267,0.1835785958140021
-0.0023369941938217553,0.18407836267563032
-0.0023003165526864666,0.18457817551893438
-0.0021347665903396784,0.18507803447726143
-0.001801505981778586,0.1855779396840407
-0.0015491627571501665,0.18607789127278587
-0.0012781253405423267,0.18657788937709288
-0.0012279526043919582,0.18707793413064266
-0.000989880070468343,0.1875780256671994
-0.0008807227461131657,0.18807816412061157
-0.000793234144177843,0.1885783496248133
-0.00027601819287668397,0.18907858231382213
-8.157517269810764e-05,0.18957886232174231
8.4073786774414e-05,0.19007918978276242
0.00035605759723361283,0.19057956483115673
0.00046530053234882033,0.1910799876012865
0.0005436679970070155,0.191580458227598
0.0007290209357516717,0.1920809768446251
0.0007934025770833616,0.19258154358698776
0.0008310748619935747,0.19308215858939295
0.0011376566560324472,0.19358282198663584
0.001145934919054595,0.19408353391359806
0.0012188572155871543,0.19458429450525033
0.0013511997261521534,0.19508510389665035
0.001488982065454247,0.19558596222294544
0.0016834622676263214,0.1960868696193708
0.0017735062958550156,0.19658782622125057
0.0018212029739333837,0.19708883216399914
0.0019495891033922943,0.19758988758311924
0.0019920892434805012,0.19809099261420454
0.0021433231852877725,0.19859214739293807
0.002308852118234595,0.19909335205509313
0.0027282878250282543,0.19959460673653473
0.0028973888041817068,0.20009591157321757
0.002946753139230676,0.20059726670118871
0.0029883337235604383,0.20109867225658593
0.0030733187521194165,0.20160012837563876
0.0030986445949916733,0.20210163519466975
0.003244419159852779,0.20260319285009254
0.003286106543456125,0.2031048014784147
0.003672495934537149,0.20360646121623546
0.00386005980617018,0.2041081722002485
0.0040290607442655,0.20460993456724008
0.004534788689015454,0.2051117484540903
0.004587679910146833,0.2056136139977741
0.0046237288779682395,0.20611553133535965
0.004633144336727492,0.20661750060401102
0.004739745782185445,0.20711952194098618
0.004878681308686159,0.20762159548363837
0.0048927661168084785,0.20812372136941723
0.005178780062687584,0.208625899735867
0.005192868296376351,0.20912813072062916
0.0052032158750012865,0.20963041446144062
0.0054068570738599235,0.21013275109613513
0.005601473306489946,0.210635140762644
0.005674197173365507,0.21113758359899482
0.005769748176356632,0.21164007974331372
0.005809811246594622,0.21214262933382355
0.006038290049263339,0.21264523250884645
0.006697204254044633,0.21314788940680204
0.006739043102535507,0.21365060016620868
0.0068674658546562925,0.21415336492568446
0.007149241086536542,0.21465618382394583
0.007361315175590234,0.2151590569998097
0.007504307741202001,0.21566198459219213
0.007515854701665347,0.21616496674010932
0.0075169418479755015,0.21666800358267882
0.007695917632758567,0.21717109525911765
0.00786634673570601,0.2176742419087452
0.00802190306845819,0.21817744367098127
0.008171795898951442,0.21868070068534726
0.008214380943630653,0.21918401309146748
0.008284119421460578,0.21968738102906718
0.008389773884011796,0.22019080463797547
0.008399624263529429,0.220694284058123
0.008400805043657955,0.22119781942954483
0.008657434372928517,0.22170141089237855
0.008670881150176534,0.22220505858686546
0.008853924882307828,0.2227087626533518
0.008997415217846352,0.22321252323228696
0.009073116450249148,0.2237163404642262
0.009146046069837705,0.22422021448982893
0.009474035808228348,0.22472414544985952
0.009647657215871503,0.22522813348518914
0.009680309854982505,0.2257321787367934
0.00992437095484769,0.22623628134575535
0.009929212369907427,0.2267404414532636
0.009929238617514189,0.22724465920061365
0.01005970234384512,0.2277489347292088
0.010101419918961753,0.22825326818055872
0.010151185315334176,0.22875765969628184
0.010581388227073203,0.22926210941810377
0.010657291582802222,0.22976661748785848
0.01092680750141374,0.23027118404748942
0.010982885167778718,0.23077580923904778
0.011016331564666509,0.23128049320469526
0.011238770678385772,0.23178523608670185
0.01144817530911783,0.23229003802744855
0.011558600703643136,0.23279489916942592
0.011583205054200709,0.23329981965523475
0.011605409895279356,0.2338047996275876
0.01161533072823471,0.23430983922930707
0.01185271509127391,0.2348149386033283
0.011921014074787462,0.2353200978926973
0.01206180877278894,0.23582531724057224
0.012135732221879433,0.23633059679022442
0.012257955269249105,0.2368359366850368
0.012289618286243316,0.23734133706850644
0.012384706134971007,0.23784679808424294
0.012404338741780077,0.23835231987596958
0.0125855830346147,0.23885790258752435
0.012596298440370957,0.2393635463628586
0.012736756969200347,0.2398692513460392
0.013050331858164529,0.24037501768124708
0.013060720139124703,0.24088084551277933
0.013097724705248618,0.24138673498504792
0.013682765449933954,0.24189268624258067
0.013958461315713142,0.24239869943002257
0.014221987240881513,0.24290477469213387
0.014236760082566611,0.24341091217379296
0.014314380555574041,0.24391711201999455
0.014678687622078067,0.2444233743758509
0.014819621744245488,0.2449296993865929
0.015039685682426338,0.24543608719756863
0.015487330774636423,0.24594253795424562
0.0154893812922848,0.24644905180220958
0.015538255477568205,0.24695562888716527
0.015564105563892042,0.24746226935493776
0.015695964990406756,0.24796897335147103
0.0162815307676792,0.2484757410228301
0.01653243333693824,0.24898257251519945
0.016602032652125367,0.24948946797488553
0.016625076006647685,0.24999642754831505
0.016862998364370895,0.2505034513820362
0.017046242688359452,0.25101053962272
0.017133213663302026,0.25151769241715816
0.017216520534615178,0.2520249099122664
0.0184790976384842,0.25253219225508206
0.018536917877946965,0.25303953959276587
0.018608471502296588,0.2535469520726028
0.018668045902610904,0.2540544298420006
0.018668654706443882,0.25456197304849226
0.018857332515842644,0.25506958183973444
0.01886126785890957,0.25557725636350864
0.01931740024718218,0.25608499676772245
0.019552281109164328,0.25659280320040784
0.019590548241684547,0.2571006758097237
0.019645534295074377,0.25760861474395413
0.019649256207381047,0.2581166201515109
0.02017597192746326,0.2586246921809316
0.02045321082044486,0.25913283098088147
0.020463742554467167,0.2596410367001539
0.02053170998548636,0.2601493094876692
0.02060114817567541,0.2606576494924769
0.02061459918181024,0.2611660568637545
0.020928489144520775,0.26167453175080846
0.021098464530183922,0.26218307430307547
0.021373447825015632,0.26269168467012044
0.02154626976217258,0.2632003630016398
0.022038469748341522,0.2637091094474593
0.022156309045852435,0.2642179241575355
0.02243105778724588,0.26472680728195674
0.022471269102858637,0.26523575897094187
0.022872779123025218,0.2657447793748424
0.023348034728831634,0.26625386864414113
0.023442910850684725,0.2667630269294542
0.023696731712923733,0.2672722543815298
0.02378912599685016,0.26778155115124946
0.024011652594953966,0.26829091738962896
0.02405701992676003,0.26880035324781687
0.024058363126031598,0.2693098588770973
0.024208524919691325,0.2698194344288879
0.024378394257459638,0.2703290800547415
0.024386959886147423,0.270838795906347
0.024480700256315224,0.2713485821355279
0.02455214672254168,0.27185843889424494
0.02495394673606988,0.2723683663345944
0.025160746429578586,0.2728783646088094
0.025638956298526066,0.27338843386926087
0.02567275944532739,0.2738985742684564
0.025683288724142227,0.2744087859590423
0.02600933578512482,0.27491906909380226
0.02641677816039888,0.2754294238256596
0.026677898101134533,0.27593985030767576
0.026927219469519988,0.27645034869305146
0.027258107449627884,0.2769609191351281
0.02725937312240906,0.277471561787386
0.027910614602882206,0.2779822768034471
0.027931101930749786,0.2784930643370731
0.02828121876402489,0.27900392454216727
0.02844203983583466,0.27951485757277494
0.02844811154724337,0.28002586358308246
0.028521783854944298,0.2805369427274195
0.028722348805354344,0.28104809516025786
0.02896695175439241,0.2815593210362118
0.02966546177522691,0.28207062051004056
0.029792278986556307,0.2825819937366456
0.030138094776120283,0.28309344087107396
0.03027891160346139,0.2836049620685159
0.030583323323689928,0.2841165574843079
0.030957114809274662,0.2846282272739311
0.031107667121631526,0.2851399715930119
0.031140555928187392,0.2856517905973241
0.031205606014177455,0.28616368444278656
0.03151919162082287,0.2866756532854662
0.03153004594970953,0.28718769728157634
0.03185447368309993,0.287699816587478
0.03193105069523685,0.28821201135968105
0.032129720979918217,0.28872428175484255
0.03228993148844567,0.28923662792976934
0.03238684388022285,0.28974905004141704
0.03286528253475165,0.2902615482468903
0.03289569326722042,0.29077412270344505
0.033327945818771375,0.29128677356848603
0.033349838989491246,0.29179950099957
0.03346174421944767,0.29231230515440393
0.033697756975473295,0.2928251861908471
0.03390953647205767,0.29333814426691
0.03410721900103307,0.29385117954075546
0.03418269143175341,0.2943642921706998
0.03439890988598808,0.2948774823152113
0.03460086420005647,0.295390750132913
0.034640927365474,0.2959040957825808
0.03492109324939272,0.29641751942314504
0.035621101269232416,0.29693102121369147
0.0359914426096641,0.2974446013134599
0.03622404340087311,0.2979582598818467
0.036428977043137536,0.2984719970784034
0.0366352855561967,0.29898581306283756
0.03666867019158911,0.29949970799501463
0.036751450823298844,0.30001368203495576
0.037348572084645676,0.30052773534284105
0.03743914991795494,0.30104186807900696
0.0378586530301999,0.30155608040394977
0.03807783951724968,0.30207037247832347
0.03813485393495926,0.3025847444629412
0.03816237358577149,0.30309919651877665
0.03821819279531408,0.30361372880696214
0.03848994671080036,0.3041283414887915
0.038534531604808034,0.3046430347257187
0.03880891723738894,0.30515780867935866
0.0388540824396993,0.30567266351148903
0.03887489487109611,0.30618759938404816
0.038892802328967635,0.30670261645913793
0.03910826576756168,0.3072177148990225
0.039412163165133594,0.3077328948661289
0.03968456541182756,0.3082481565230492
0.04007739508453795,0.3087635000325381
0.04026431083503274,0.30927892555751596
0.04046813210438918,0.3097944332610676
0.040508418646931096,0.31031002330644275
0.04053731274534828,0.3108256958570581
0.04075439346700669,0.31134145107649547
0.040996914456235774,0.3118572891285043
0.04110564901734112,0.312373210177
0.042573109062444,0.31288921438606665
0.043108613905178145,0.3134053019199555
0.043188736494450805,0.31392147294308603
0.04339504924553468,0.3144377276200475
0.04371085733610895,0.31495406611559706
0.04394801474408027,0.31547048859466303
0.044033525739024214,0.3159869952223425
0.044109413556427696,0.31650358616390334
0.044265261100460314,0.31702026158478525
0.04471519498060917,0.3175370216505981
0.04510460236841936,0.31805386652712486
0.045205759594609804,0.31857079638031965
0.045322062247798514,0.3190878113763095
0.04556581244306059,0.31960491168139554
0.04612231134241891,0.3201220974620511
0.04614998472884627,0.3206393688849249
0.04616466457888779,0.3211567261168387
0.04630075097370789,0.3216741693247906
0.04660297150277901,0.3221916986759531
0.046867332779195976,0.3227093143376745
0.04696310913308798,0.32322701647748026
0.04705415862437274,0.32374480526307126
0.04708138596241661,0.32426268086232685
0.047364426467329364,0.324780643443303
0.04740025826435496,0.32529869317423366
0.0476870698304928,0.3258168302235324
0.047764999392226185,0.32633505475979024
0.04811068281353089,0.32685336695177913
0.048502902482746316,0.32737176696844966
0.04853884351497112,0.3278902549789329
0.04870231173419346,0.32840883115254177
0.04879815633821694,0.32892749565876883
0.048800418339944515,0.3294462486672898
0.04915511396457973,0.32996509034796123
0.049172064952434584,0.33048402087082357
0.0493402418454571,0.33100304040609935
0.04969660639147682,0.33152214912419475
0.05043498724025325,0.33204134719570083
0.05052094691215873,0.33256063479139153
0.05057697609550542,0.33308001208222765
0.05109239415069706,0.3335994792393538
0.05112869336903394,0.33411903643410085
0.05154331198874374,0.3346386838379868
0.051661557889761546,0.3351584216227151
0.05166634326707598,0.335678249960178
0.052153287147320475,0.33619816902245436
0.05257962720371245,0.3367181789818112
0.05316015907779431,0.33723828001070544
0.05361158478964172,0.33775847228178163
0.0538285823907191,0.33827875596787543
0.054028698978558144,0.3387991312420112
0.054047289090027664,0.3393195982774054
0.054243170301043794,0.33984015724746425
0.05482137835241877,0.3403608083257861
0.05532028286251282,0.34088155168616163
0.05567128070522007,0.34140238750257346
0.05608781124122161,0.34192331594919795
0.05649486226652082,0.34244433720040424
0.056508482776385004,0.3429654514307556
0.05667306505949863,0.3434866588150105
0.056760151600353116,0.3440079595281212
0.05742227744149388,0.34452935374523663
0.05749263860806274,0.3450508416417009
0.05802126734891711,0.34557242339305444
0.05878530914038307,0.3460940991750355
0.05920532917656546,0.34661586916357856
0.059209826536705035,0.34713773353481736
0.0594453683011789,0.3476596924650827
0.059757501769844075,0.34818174613090574
0.059760765034727055,0.3487038947090159
0.06028938899818176,0.34922613837634264
0.060668750083881826,0.3497484773100168
0.06082421732784769,0.35027091168736885
0.061397667056107864,0.350793441685932
0.06173847498852769,0.3513160674834405
0.06175714838450715,0.35183878925783085
0.06188975130021474,0.35236160718724374
0.061978828521353044,0.3528845214500219
0.062221589552299075,0.35340753222471316
0.06240570820825432,0.3539306396900693
0.0626800892104816,0.35445384402504676
0.06325955626087432,0.35497714540880854
0.06365133827035199,0.3555005440207224
0.0639761177884286,0.35602404004036386
0.0644296176221442,0.3565476336475145
0.06468600453110517,0.3570713250221645
0.06474015493500052,0.3575951143445111
0.06515959244745602,0.3581190017949606
0.0651714890070115,0.35864298755412893
0.06540287895284844,0.3591670718028407
0.06587508735233916,0.3596912547221319
0.06614635132808609,0.36021553649324844
0.06623050615407408,0.36073991729764726
0.06654065356309062,0.36126439731699816
0.06663390145338657,0.36178897673318194
0.06666473352167335,0.3623136557282937
0.06715760792412184,0.36283843448464076
0.06747643648498418,0.36336331318474435
0.06768802865566065,0.36388829201134126
0.06877410860843865,0.3644133711473819
0.06906834488412605,0.3649385507760335
0.06960466725577423,0.36546383108067804
0.06988303136914469,0.3659892122449155
0.07016939419362353,0.3665146944525619
0.070195656876823,0.3670402778876511
0.07026494418483636,0.36756596273443615
0.0702660180731432,0.3680917491773874
0.07027534400504631,0.3686176374011961
0.07088550895808714,0.3691436275907722
0.07104019021808701,0.36966971993124614
0.07149859313656647,0.3701959146079705
0.0717262358622484,0.37072221180651793
0.07224667985754005,0.37124861171268425
0.07259704713007367,0.3717751145124875
0.07291131039179174,0.3723017203921684
0.07292009028524356,0.37282842953819284
0.07316272511282312,0.37335524213724935
0.07324538833312873,0.37388215837625277
0.07361428271120429,0.3744091784423424
0.07375510609120925,0.37493630252288423
0.07386738850478004,0.37546353080547057
0.07387375681368516,0.3759908634779203
0.07438629058969451,0.37651830072828135
0.07488448091356682,0.3770458427448284
0.07506472938295757,0.37757348971606636
0.07570841938141293,0.3781012418307287
0.07583877672403108,0.37862909927777877
0.07609238318359932,0.37915706224641144
0.0767023119033182,0.37968513092605155
0.07673783709976237,0.3802133055063569
0.0767959183907723,0.38074158617721665
0.07696115870223294,0.381269973128753
0.077052832686646,0.38179846655132216
0.07713011114761686,0.3823270666355135
0.07737851706733866,0.3828557735721524
0.07784399914833419,0.3833845875522979
0.0781686539143773,0.3839135087672462
0.07891321437695914,0.38444253740852896
0.08035308231380188,0.38497167366791496
0.08081390390400983,0.3855009177374115
0.08147321193344752,0.3860302698092627
0.08270946467037307,0.38655973007595285
0.08313823101540109,0.3870892987302046
0.08350303006012967,0.3876189759649805
0.08377998778443045,0.38814876197348486
0.08401066745174879,0.38867865694916176
0.08451696757617577,0.38920866108569835
0.08462456815140464,0.3897387745770232
0.08483435047380392,0.390268997617308
0.0854935448294703,0.3907993304009689
0.08586956477424545,0.3913297731226651
0.08617866410619619,0.39186032597730164
0.08660508009578198,0.39239098916002835
0.0868901888193526,0.392921762866241
0.08702193740477011,0.39345264729158297
0.08754603431143412,0.39398364263194374
0.0880135108626676,0.39451474908346196
0.08831208535851848,0.39504596684252336
0.08848271481848244,0.39557729610576436
0.08939968658538519,0.39610873707007005
0.0897046825086043,0.396640289932576
0.08980358082539029,0.3971719548906696
0.08989643398202385,0.39770373214198895
0.0898982300542788,0.39823562188442535
0.09026251665756069,0.3987676243161224
0.09054309876153907,0.39929973963547705
0.09080991005272543,0.39983196804114146
0.09121999946389588,0.40036430973202125
0.09135873586242009,0.40089676490727894
0.09138927226220493,0.4014293337663321
0.09148011666731329,0.4019620165088552
0.09185705292418184,0.40249481333478093
0.09217376942179344,0.40302772444429863
0.09218319682895378,0.4035607500378579
0.0924613960065599,0.40409389031616616
0.0926750825961686,0.40462714548019213
0.09313425775713362,0.40516051573116435
0.09322734154152336,0.40569400127057254
0.09344225919794527,0.4062276023001693
0.09356943440115473,0.40676131902196866
0.09406643486992207,0.40729515163824914
0.09534643343615709,0.4078291003515522
0.09562596012981543,0.408363165364684
0.09563322890519721,0.40889734688071666
0.09625526154344959,0.40943164510298724
0.09708767166986798,0.40996606023510046
0.09752569865665799,0.4105005924809275
0.0979666845198656,0.4110352420446073
0.09821520348965072,0.4115700091305485
0.09886604549021724,0.4121048939434276
0.09952594005215985,0.4126398966881923
0.09986911535958316,0.41317501757006003
0.09989703565443638,0.41371025679452034
0.10006128383623818,0.41424561456733405
0.10042165590233412,0.4147810910945346
0.10059415825749049,0.41531668658242976
0.10067026776456803,0.41585240123760003
0.10101061237573261,0.41638823526690205
0.10108539369585623,0.4169241888774668
0.10155414816846703,0.4174602622767014
0.10191286136895397,0.4179964556722908
0.10203268205087639,0.4185327692721961
0.10246233980608309,0.41906920328465797
0.10317304605577239,0.4196057579181951
0.10349059902272222,0.42014243338160556
0.10364643073629114,0.42067922988396894
0.10394423509464473,0.42121614763464443
0.10418305435806166,0.42175318684327423
0.10419799080957638,0.42229034771978174
0.10466188838884048,0.4228276304743749
0.10472821557464645,0.4233650353175444
0.10476909240983243,0.4239025624600655
0.10478706987566441,0.42444021211299976
0.10515426010626126,0.42497798448769364
0.1054717142956522,0.42551587979578137
0.10624173211479972,0.4260538982491839
0.1074538480483553,0.42659204006011014
0.10776292896887434,0.427130305441059
0.10776954995139547,0.4276686946048179
0.10811217629040194,0.4282072077644655
0.10822808929920347,0.4287458451333711
0.10874316272161233,0.42928460692519543
0.11101202744860351,0.42982349335389325
0.1110340544501663,0.43036250463371073
0.1110520789297925,0.43090164097918976
0.11122574509889929,0.4314409026051659
0.11194523540557919,0.4319802897267711
0.11195010403528163,0.43251980255943295
0.11235730346785928,0.4330594413188761
0.11279877887360742,0.4335992062211238
0.11286408957449846,0.43413909748249657
0.11295268274437993,0.4346791153196158
0.11359002509669101,0.43521925994940147
0.1138101549835731,0.43575953158907493
0.11406140493517028,0.4362999304561596
0.11458879289431004,0.4368404567684805
0.11535792256575325,0.4373811107441663
0.11541807014723526,0.43792189260164927
0.1160665861634323,0.438462802559666
0.11618255078279172,0.43900384083725963
0.116259499161187,0.4395450076537781
0.11714765028744699,0.4400863032288774
0.11757739495000104,0.4406277277825205
0.11845554178545652,0.44116928153497975
0.11862855085375955,0.44171096470683596
0.11862976534617543,0.4422527775189801
0.1191698327449258,0.442794720192615
0.11927669868752624,0.4433367929492538
0.11937781724864513,0.4438789960107234
0.12073536069867548,0.44442132959916314
0.12095732022888409,0.4449637939370262
0.12114436176438942,0.4455063892470817
0.12160154184302253,0.4460491157524131
0.12221946815501467,0.4465919736764215
0.12320575653554866,0.44713496324282465
0.12349635826520024,0.4476780846756579
0.1235429612368029,0.44822133819927673
0.12370777141882955,0.448764724038355
0.12474955589988852,0.4493082424178882
0.12479271401299014,0.44985189356319205
0.1250550855231079,0.45039567769990557
0.1250657396430543,0.45093959505398984
0.12615499549325365,0.4514836458517297
0.1264041862331549,0.4520278303197354
0.1265052963530593,0.4525721486849416
0.1269057630596686,0.4531166011746105
0.1269082563967927,0.4536611880163301
0.12700617262820707,0.45420590943801664
0.1271087899852314,0.454750765667916
0.12747537933384434,0.45529575693460245
0.12785965949644063,0.45584088346698176
0.1288273206334307,0.4563861454942903
0.12884116584718644,0.45693154324609647
0.12948372515392093,0.4574770769523025
0.1295271818320184,0.45802274684314337
0.13037772420266305,0.45856855314919
0.13050562811759245,0.4591144961013474
0.13057204220036894,0.4596605759308584
0.13115937393078433,0.4602067928693023
0.13118984441778736,0.4607531471485961
0.13299617160169627,0.46129963900099713
0.1331208623194885,0.46184626865910117
0.13322450730512403,0.462393036355846
0.13331520737711453,0.4629399423245101
0.13337769295607602,0.46348698679871436
0.1334141373189953,0.464034170012424
0.13363477602387774,0.46458149219994727
0.1342827204520509,0.4651289535959388
0.13505825075435793,0.46567655443539824
0.13563248414440807,0.4662242949536721
0.13590664072022454,0.4667721753864558
0.13620293720116253,0.46732019596979196
0.13695586934212864,0.46786835694007406
0.1380142421237642,0.46841665853404535
0.13848699415125193,0.4689651009888003
0.13858874232508994,0.46951368454178644
0.13865267779531676,0.4700624094308035
0.13903552318412618,0.4706112758940065
0.13922603042843137,0.471160284169904
0.13973734491241802,0.471709434497362
0.1411442052962425,0.47225872711560246
0.14117846877925125,0.4728081622642047
0.141222696807555,0.47335774018310794
0.14140494258312689,0.47390746111260984
0.14201848274621365,0.4744573252933695
0.14202070572844178,0.4750073329664069
0.1421674012171507,0.47555748437310436
0.14221542821723787,0.4761077797552082
0.14274558497939616,0.47665821935482794
0.14289349821493713,0.4772088034144397
0.14311556488288138,0.4777595321768846
0.14394038350611651,0.478310405885371
0.14435399769332213,0.478861424783476
0.14476424147187084,0.47941258911514484
0.14493452016173572,0.47996389912469356
0.14494934371012358,0.4805153550568082
0.14527406277294466,0.48106695715654774
0.14568762694445198,0.4816187056693431
0.1459419302703622,0.4821706008409991
0.14611376202284695,0.48272264291769607
0.14629328481140844,0.48327483214598893
0.14643317098303096,0.4838271687728107
0.14646926718594094,0.48437965304547076
0.1472015034357735,0.4849322852116577
0.1488820154118273,0.48548506551944043
0.14888940741263684,0.4860379942172673
0.149274418038345,0.48659107155396925
0.14965931516329145,0.4871442977787594
0.150546472838323,0.4876976731412343
0.1515693078581332,0.48825119789137583
0.15157394130101315,0.4888048722795506
0.15161099949695966,0.4893586965565129
0.152072364364716,0.48991267097340324
0.15256386923929488,0.4904667957817525
0.15291060764481354,0.49102107123347966
0.15317176504617488,0.4915754975808949
0.1534505790748997,0.49213007507670076
0.15357614097037714,0.4926848039739912
0.15397869305757655,0.49323968452625533
0.15404455311675325,0.49379471698737587
0.15434788215488768,0.49434990161163167
0.15515051811506644,0.49490523865369884
0.1552651513943235,0.4954607283686506
0.1555284692533196,0.4960163710119601
0.1559001974234485,0.49657216683949945
0.15667021510942236,0.49712811610754176
0.15674623571178153,0.4976842190727633
0.1569048346878965,0.49824047599224186
0.1571435195119781,0.498796887123461
0.15799255819212688,0.4993534527243079
0.158841303109136,0.49991017305307767
0.15902537022633045,0.5004670483684712
0.15904626539195207,0.5010240789295984
0.1593588815203023,0.5015812649959793
0.1604394349015688,0.5021386068275433
0.16049089312143364,0.5026961046846324
0.16083885745782636,0.5032537588280008
0.16104549350715747,0.5038115695188166
0.16206917814301586,0.5043695370186628
0.1622053545663014,0.5049276615895383
0.16233792974737074,0.5054859434938597
0.16252412224942242,0.5060443829944605
0.1628524141775405,0.5066029803545944
0.16326201262347012,0.5071617358379354
0.16349092070754118,0.5077206497085786
0.16375775502197557,0.5082797222310425
0.16386727888613695,0.5088389536702678
0.1640989999506327,0.5093983442916219
0.1646648123612927,0.5099578943608968
0.1652056605264438,0.5105176041443116
0.1652332036024486,0.5110774739085147
0.1654501251911619,0.5116375039205824
0.16655798551648454,0.5121976944480227
0.1667604073671173,0.5127580457587746
0.16707356356450836,0.5133185581212094
0.16778084619198094,0.5138792318041335
0.16780873530010382,0.514440067076787
0.16781993089245684,0.5150010642088477
0.16794899123809365,0.5155622234704292
0.16797767657623922,0.5161235451320842
0.1683211989533506,0.516685029464806
0.16841314130673163,0.5172466767400269
0.16885268210151538,0.5178084872296231
0.16898047937502947,0.5183704612059123
0.16946221279181797,0.5189325989416583
0.17104927837795084,0.519494900710069
0.1715651372602766,0.5200573667847992
0.1726449988393522,0.5206199974399528
0.17383113203439923,0.5211827929500812
0.17408353064582524,0.5217457535901874
0.17416967066662487,0.5223088796357254
0.1743513900143695,0.5228721713626012
0.1746284282313185,0.5234356290471764
0.174839883910584,0.5239992529662659
0.17493806834321876,0.5245630433971427
0.1751403979904953,0.5251270006175358
0.17579552984390745,0.5256911249056334
0.17641901809030502,0.5262554165400847
0.17649959723660377,0.5268198757999986
0.17798722058252706,0.527384502964948
0.17937702126820754,0.5279492983149681
0.17979748559013348,0.5285142621305603
0.17985555699470204,0.5290793946926915
0.18087705498536205,0.5296446962827956
0.18162616012810526,0.5302101671827766
0.18187561788427042,0.5307758076750067
0.1821776154975094,0.5313416180423313
0.18247415681110118,0.5319075985680665
0.18254317746962462,0.5324737495360028
0.1827535109570995,0.5330400712304063
0.1837498533560082,0.5336065639360186
0.18398014429149237,0.5341732279380593
0.1839844429470681,0.5347400635222269
0.18405080559545403,0.5353070709746993
0.18465759657773367,0.5358742505821373
0.18473214051713063,0.536441602631683
0.1847939688880491,0.5370091274109635
0.18511285717848505,0.5375768252080906
0.18570905091567141,0.5381446963116635
0.18574832019649243,0.5387127410107688
0.18604218721500615,0.5392809595949822
0.18631200750336036,0.5398493523543711
0.18641752751342547,0.5404179195794934
0.18646735459457717,0.5409866615614014
0.18709725931105214,0.5415555785916417
0.18792183239875013,0.5421246709622562
0.1886639005793593,0.5426939389657853
0.18902217446304959,0.543263382895267
0.18909935737968192,0.54383300304424
0.1892531034910674,0.5444027997067438
0.18933165351874046,0.5449727731773205
0.18948290248239452,0.5455429237510173
0.1898362535798212,0.5461132517233855
0.19015752375391937,0.5466837573904847
0.19076659705388116,0.5472544410488808
0.19145218592224614,0.5478253029956512
0.19159207126675318,0.5483963435283832
0.19173818342046084,0.5489675629451762
0.19300544769274136,0.5495389615446444
0.19317001079650864,0.550110539625916
0.1935735545129116,0.5506822974886371
0.1936113644176281,0.5512542354329703
0.19469746866539606,0.5518263537595982
0.1957457882700332,0.5523986527697249
0.19626217229945334,0.5529711327650751
0.1963288574591428,0.5535437940478991
0.1963870927250742,0.554116636920971
0.19644757474319974,0.5546896616875912
0.19704873998332076,0.5552628686515892
0.19713832544449325,0.5558362581173228
0.19769868159360654,0.5564098303896816
0.19831051336831393,0.5569835857740869
0.19936928513030705,0.5575575245764935
0.19990177518413596,0.5581316471033924
0.2003597912013554,0.5587059536618102
0.20077960120065075,0.5592804445593128
0.20099720445809846,0.5598551201040047
0.20104087445474,0.5604299806045326
0.2016798283265332,0.561005026370085
0.2020200478095045,0.5615802577103943
0.2022545905878662,0.5621556749357397
0.2028218419764938,0.5627312783569465
0.20299601254962132,0.5633070682853891
0.203227801930959,0.5638830450329921
0.20356707847964103,0.5644592089122311
0.20375258870929422,0.565035560236136
0.20442398183247526,0.5656120993182903
0.2047797423697682,0.5661888264728347
0.20490381870297547,0.5667657420144672
0.20514480596866866,0.5673428462584448
0.20519730859311544,0.5679201395205864
0.20530114016135348,0.5684976221172722
0.2058031713692324,0.5690752943654473
0.20592685219187876,0.5696531565826217
0.20600692543965932,0.5702312090868734
0.20690937931722408,0.5708094521968481
0.20706088478601925,0.571387886231762
0.20716603138111706,0.571966511511404
0.2072773081277566,0.5725453283561351
0.20731806325793944,0.573124337086893
0.2075966357748197,0.5737035380251907
0.20862699889374453,0.5742829314931198
0.20874763754491968,0.5748625178133523
0.20911231036015798,0.575442297309141
0.20935140530556276,0.5760222703043223
0.21039429276952565,0.5766024371233173
0.21082635902138816,0.5771827980911327
0.21143039241577474,0.5777633535333648
0.21210196528313685,0.5783441037761978
0.2122252140280571,0.5789250491464087
0.21261441196259775,0.579506189971366
0.2147366846613972,0.5800875265790345
0.2152217969356526,0.5806690592979741
0.2153951733739813,0.5812507884573423
0.21627447149569784,0.5818327143868978
0.2175068564284298,0.5824148374169991
0.2176872218081591,0.5829971578786088
0.21822057957542573,0.5835796761032935
0.21873967904779262,0.5841623924232261
0.2191985554896583,0.5847453071711887
0.22003127690154384,0.5853284206805716
0.2215420180915117,0.5859117332853783
0.22185202096819032,0.5864952453202243
0.22289293337127192,0.5870789571203404
0.22356788061577781,0.5876628690215749
0.223663421530923,0.5882469813603932
0.2237906767081206,0.5888312944738822
0.22465268599159355,0.5894158086997499
0.22495778380552153,0.5900005243763286
0.224983442658439,0.5905854418425757
0.22595381440061477,0.5911705614380757
0.22611502581179416,0.5917558835030429
0.2267994010353493,0.5923414083783214
0.22772344160572788,0.592927136405389
0.2285851089118436,0.593513067926357
0.22952921680971655,0.5940992032839728
0.2297782988873195,0.5946855428216231
0.23198345175762367,0.5952720868833328
0.23240106870984167,0.5958588358137697
0.23303728450612998,0.5964457899582445
0.2335855168399432,0.5970329496627126
0.23373697940528854,0.597620315273778
0.23384667484996985,0.5982078871386921
0.23408002062181033,0.5987956656053586
0.23460354555786447,0.5993836510223324
0.2357267442362653,0.5999718437388243
0.23648834696879817,0.6005602441047007
0.23681885469306663,0.6011488524704862
0.237130938355291,0.6017376691873665
0.2372792391284616,0.602326694607188
0.2386513573058692,0.6029159290824627
0.2395473586259238,0.6035053729663669
0.2400790948412828,0.6040950266127453
0.24033911258862523,0.6046848903761127
0.2411041661269262,0.6052749646116546
0.24205805050903986,0.6058652496752313
0.24248322831675442,0.6064557459233773
0.24257549588311061,0.6070464537133049
0.2427169770390603,0.6076373734029065
0.24301428973107372,0.6082285053507545
0.2431167443920084,0.608819849916106
0.24397488224028432,0.609411407458902
0.2441413531882649,0.610003178339772
0.24429740067504907,0.6105951629200338
0.24463348664072013,0.6111873615616963
0.2449775197491436,0.6117797746274627
0.24507118966500463,0.61237240248073
0.245269524810019,0.6129652454855935
0.2457567328991725,0.6135583040068473
0.24580926122230967,0.6141515784099862
0.24601977421621088,0.6147450690612097
0.2483908753389834,0.6153387763274208
0.24851733208268326,0.6159327005762317
0.2488033236765355,0.6165268421759629
0.24990075388391628,0.617121201495646
0.25013377311614227,0.6177157789050277
0.25046837447734505,0.6183105747745684
0.25105891147938814,0.6189055894754484
0.2510853617549292,0.6195008233795656
0.2511935116663934,0.6200962768595414
0.2512143347594316,0.6206919502887205
0.2517524927592366,0.6212878440411732
0.2519066153138927,0.6218839584916996
0.2530532085402858,0.6224802940158285
0.2536869911501341,0.6230768509898222
0.2539986673711877,0.6236736297906774
0.25452350225962195,0.6242706307961271
0.2546678299906993,0.6248678543846442
0.25575465698213196,0.6254653009354414
0.25658055397841634,0.6260629708284764
0.2568706957398249,0.6266608644444508
0.257124779186704,0.6272589821648143
0.257601938979072,0.6278573243717672
0.2580889178410269,0.6284558914482604
0.25863943932141786,0.6290546837780008
0.25944555278142545,0.6296537017454502
0.2598966342544042,0.6302529457358302
0.26021625775631246,0.6308524161351229
0.2605132105618837,0.6314521133300731
0.2607872481487036,0.6320520377081923
0.26108425882134545,0.6326521896577582
0.2615904282993635,0.63325256956782
0.26204822326012867,0.6338531778281978
0.2624992234246364,0.6344540148294867
0.2637782441941797,0.6350550809630592
0.26468910648652066,0.6356563766210659
0.265664794401158,0.6362579021964399
0.26569108087724863,0.6368596580828972
0.26570217331969875,0.6374616446749399
0.26586794571713657,0.6380638623678593
0.2659384450983767,0.6386663115577365
0.266196375635851,0.6392689926414464
0.2661998584881147,0.639871906016659
0.26653646398637393,0.6404750520818419
0.2672357814161082,0.6410784312362637
0.2679529175290109,0.6416820438799947
0.2691021468019242,0.6422858904139109
0.26918189699236517,0.642889971239695
0.2697952397493713,0.6434942867598404
0.2698259589511758,0.6440988373776518
0.2703118288768025,0.6447036234972487
0.27076369322895827,0.6453086455235686
0.27081457300904643,0.6459139038623669
0.27198540320809794,0.646519398920223
0.27357756002430494,0.6471251311045392
0.2739400991986595,0.6477311008235446
0.2742933651849815,0.6483373084862991
0.27453975789875396,0.6489437545026934
0.27492091894269677,0.6495504392834532
0.275491803838683,0.6501573632401408
0.276614443177176,0.6507645267851573
0.278034668239259,0.6513719303317475
0.2781372753446289,0.6519795742939986
0.27857065720270346,0.6525874590868465
0.2790103816388314,0.6531955851260757
0.2800167996240233,0.6538039528283238
0.28087319956976026,0.6544125626110822
0.28142497432328184,0.6550214148926995
0.2822005247057342,0.6556305100923858
0.2826821640544753,0.656239848630212
0.2827683237439708,0.6568494309271152
0.2827904578121021,0.6574592574048996
0.28304659376797836,0.65806932848624
0.28305039912422464,0.6586796445946846
0.2831909892769291,0.6592902061546568
0.2833423709765272,0.659901013591459
0.2839289618776567,0.6605120673312742
0.2842862707841191,0.6611233678011683
0.2843565963503278,0.6617349154290957
0.2845838923237188,0.6623467106438975
0.2850870877286856,0.6629587538753088
0.2851596734377159,0.6635710455539576
0.2860249720794359,0.6641835861113704
0.2863169661022813,0.6647963759799728
0.2864633071787096,0.6654094155930932
0.28679131697497645,0.6660227053849667
0.2878304324031136,0.6666362457907352
0.28983169858381164,0.667250037246453
0.2906280430957099,0.6678640801890875
0.29115856505496684,0.6684783750565227
0.2917942430997277,0.6690929222875631
0.2919930976848308,0.6697077223219342
0.2929208662907208,0.6703227756002882
0.29323165942495694,0.670938082564204
0.29350161412191594,0.6715536436561919
0.2936337641480531,0.6721694593196964
0.29386099907825647,0.6727855299990977
0.29429469787031776,0.6734018561397167
0.29431329794017963,0.6740184381878158
0.2943761347780046,0.6746352765906035
0.29465929973068944,0.6752523717962357
0.29598799061944264,0.67586972425382
0.29623729541811095,0.6764873344134188
0.29646493165366494,0.6771052027260501
0.2978228369811518,0.677723329643694
0.29841059449649027,0.6783417156192918
0.3002109981901354,0.6789603611067517
0.3005802761436112,0.6795792665609514
0.3008631157622187,0.6801984324377396
0.3029703944468421,0.6808178591939413
0.30431213881629793,0.6814375472873591
0.30439133939572144,0.6820574971767762
0.30484588581270655,0.6826777093219614
0.30491364411779204,0.6832981841836696
0.3063452068736389,0.683918922223647
0.30755853795190263,0.6845399239046326
0.30788840150654057,0.685161189690363
0.30862467237370544,0.6857827200455736
0.30961453863884664,0.6864045154360027
0.3098725689690896,0.6870265763283958
0.3106143166862867,0.6876489031905062
0.31136185651031106,0.6882714964911005
0.3120671439571294,0.6888943566999605
0.31260121168122834,0.6895174842878863
0.31317086689276696,0.6901408797267009
0.3137253775271377,0.6907645434892516
0.3138955395136212,0.6913884760494149
0.31399028568042536,0.6920126778820983
0.3140596425659993,0.692637149463244
0.3142433334900549,0.6932618912698334
0.31451199096052224,0.6938869037798882
0.31487128510776957,0.6945121874724759
0.31573444593856964,0.695137742827711
0.3164923913529357,0.6957635703267605
0.3173955646130718,0.6963896704518453
0.32186772803000674,0.697016043686244
0.32306001375387067,0.6976426905142982
0.3252741186509373,0.6982696114214122
0.3256441809172702,0.6988968068940605
0.3295650453564425,0.6995242774197878
0.33282309158395884,0.7001520234872141
0.33283120674611477,0.7007800455860382
0.33306187952102384,0.7014083442070403
0.33338966068686227,0.7020369198420867
0.334883374621345,0.7026657729841311
0.3361953222884504,0.7032949041272204
0.33666547872121527,0.7039243137664976
0.33692540401410415,0.7045540023982036
0.3371790666872612,0.705183970519684
0.3390570756685407,0.7058142186293886
0.3391515774526668,0.7064447472268792
0.3397708353437896,0.7070755568128293
0.33983133073950617,0.7077066478890298
0.3402964578777449,0.7083380209583933
0.34275996240350654,0.7089696765249548
0.3434160384295435,0.709601615093879
0.34435146752382956,0.710233837171461
0.34509304000556473,0.7108663432651308
0.34519729835633933,0.7114991338834578
0.3453826905049579,0.7121322095361534
0.34615120735503674,0.7127655707340762
0.3467115327173075,0.7133992179892333
0.34721498678319584,0.7140331518147855
0.3481316589297225,0.7146673727250525
0.34844377906443247,0.7153018812355129
0.34950253393078495,0.7159366778628119
0.34969345885260383,0.716571763124762
0.3499089508407927,0.7172071375403496
0.3502155488347881,0.7178428016297361
0.35040821066169753,0.718478755914263
0.35100720376607386,0.7191150009164567
0.351130149687174,0.7197515371600304
0.35227755610191247,0.7203883651698897
0.3526575067925514,0.7210254854721352
0.35396502424220766,0.7216628985940668
0.3540016832690426,0.7223006050641889
0.35436975421518635,0.7229386054122116
0.3566769618738467,0.7235769001690578
0.3571824893748383,0.7242154898668647
0.35770887238783217,0.7248543750389884
0.3582429228887917,0.7254935562200099
0.35854319350476144,0.7261330339457355
0.35917379000387045,0.7267728087532043
0.36008461086338556,0.7274128811806893
0.36122299615126496,0.7280532517677045
0.3614274794488511,0.7286939210550063
0.36165970830996447,0.7293348895845987
0.3628075139743639,0.7299761578997381
0.3630041085428212,0.7306177265449362
0.3630757061818124,0.7312595960659651
0.3635121848924681,0.7319017670098609
0.36352075860138183,0.7325442399249271
0.3636710455418207,0.733187015360742
0.36410992062601416,0.7338300938681582
0.3651420481816319,0.7344734759993115
0.36611522302183874,0.7351171623076214
0.36642689317756644,0.7357611533477972
0.36648654565436506,0.7364054496758432
0.36695862701233456,0.7370500518490604
0.36740908514086207,0.7376949604260532
0.36844620445466175,0.7383401759667327
0.3690164666346058,0.7389856990323206
0.3692571730908219,0.739631530185355
0.36927971911647495,0.7402776699896931
0.36939603400904136,0.7409241190105178
0.36977112082624986,0.7415708778143391
0.3703840786205877,0.7422179469690017
0.37204193021440024,0.7428653270436876
0.37223009664001344,0.7435130186089202
0.372654168194908,0.7441610222365714
0.3729789311614025,0.7448093384998626
0.3732574308453603,0.7454579679733724
0.3735640791964625,0.7461069112330392
0.3736339938366081,0.7467561688561657
0.3744893150152309,0.7474057414214258
0.37499611843544595,0.7480556295088656
0.37601481178574314,0.7487058336999124
0.3765399121690566,0.7493563545773749
0.37858861701446545,0.750007192725451
0.3793635809340777,0.7506583487297316
0.3794785912034414,0.7513098231772045
0.3797055314684742,0.751961616656261
0.3812053117186641,0.7526137297566983
0.3815945882819507,0.7532661630697265
0.3822216930705108,0.7539189171879717
0.38237404887641563,0.7545719927054816
0.3831721677195268,0.7552253902177312
0.3840557593707688,0.7558791103216254
0.38482811177885073,0.7565331536155062
0.3850298471847186,0.7571875206991562
0.385462759670198,0.7578422121738035
0.38677120157296085,0.7584972286421287
0.3877710970106515,0.7591525707082662
0.38796742977878124,0.7598082389778131
0.38849274936564454,0.7604642340578311
0.388544237952591,0.761120556556853
0.3894514779754457,0.7617772070848884
0.3900661232004262,0.7624341862534264
0.39026861781654393,0.7630914946754443
0.3909685452612054,0.7637491329654083
0.39171078865925524,0.7644071017392831
0.39195478504813147,0.7650654016145336
0.392006637561503,0.7657240332101315
0.39325016766879883,0.7663829971465612
0.3935237344868091,0.7670422940458232
0.3936491054739637,0.767701924531442
0.3937240799874518,0.7683618892284683
0.3939947226233631,0.7690221887634857
0.3945359051399963,0.7696828237646177
0.39455682820480364,0.7703437948615294
0.395023877830923,0.7710051026854371
0.39720926654066696,0.7716667478691095
0.39729605245926425,0.7723287310468758
0.39879210129990045,0.7729910528546314
0.40098805261273124,0.7736537139298406
0.40173865480713883,0.7743167149115459
0.40280045199534115,0.7749800564403694
0.40340448560299413,0.7756437391585226
0.40419973353136845,0.7763077637098081
0.40449239911960405,0.776972130739627
0.40468674140097755,0.7776368408949859
0.40601291717988286,0.7783018948244985
0.40705398333654574,0.7789672931783965
0.40813392197901394,0.7796330366085306
0.40829230804898237,0.7802991257683779
0.4083082625219716,0.7809655613130497
0.4083864535409772,0.7816323438992936
0.4089159311525185,0.7822994741855024
0.4096838548865403,0.7829669528317175
0.40986094623502844,0.7836347804996361
0.4108195152828846,0.7843029578526176
0.41211532059644496,0.7849714855556869
0.4125195482734324,0.7856403642755443
0.412566566135556,0.7863095946805672
0.41309520301448444,0.786979177440819
0.4130986657490596,0.7876491132280544
0.4137413424682717,0.7883194027157236
0.4140003910093641,0.7889900465789821
0.4150647363523913,0.7896610454946926
0.4161493062300532,0.7903324001414341
0.4164248921730189,0.7910041111995066
0.4170528870205586,0.7916761793509371
0.41834659689375575,0.7923486052794878
0.41949002195031815,0.7930213896706587
0.4199439649864961,0.7936945332116976
0.4207385969161671,0.7943680365916036
0.4212402072715942,0.7950419005011345
0.4217826823062952,0.795716125632814
0.42212799626509134,0.7963907126809359
0.4225145580604433,0.7970656623415723
0.4225547411738249,0.7977409753125789
0.42442287701636244,0.7984166522936025
0.4249682284352643,0.7990926939860864
0.4258816551019566,0.7997691010932768
0.42599582132344066,0.8004458743202314
0.4276881147399476,0.8011230143738222
0.42861716657311916,0.8018005219627462
0.4289405269933845,0.8024783977975292
0.42896167291203335,0.8031566425905321
0.4293768365511607,0.8038352570559613
0.4305712962663841,0.8045142419098704
0.43216277273563053,0.8051935978701712
0.4342144435324407,0.8058733256566374
0.43474728059254103,0.8065534259909122
0.4368452345621936,0.807233899596517
0.43731328307850037,0.8079147471988554
0.43812222370386045,0.8085959695252225
0.4384920713595366,0.8092775673048092
0.4384931420689747,0.8099595412687126
0.43891530843422394,0.8106418921499396
0.44042143209705154,0.811324620683415
0.44085487214284397,0.8120077276059908
0.4418179670635209,0.8126912136564491
0.442812930439927,0.813375079575513
0.4439477766571288,0.8140593261058514
0.4445297591591556,0.8147439539920869
0.44494742580734326,0.8154289639808034
0.4456852972117362,0.8161143568205526
0.4460684236180172,0.8168001332618618
0.4463229440556658,0.8174862940572414
0.4466597259795482,0.8181728399611904
0.4478473062367029,0.8188597717302073
0.4480382355322139,0.8195470901227933
0.44890564236726704,0.8202347958994635
0.4515312802429749,0.8209228898227515
0.45183069764813516,0.8216113726572193
0.4523780730478496,0.8223002451694625
0.45384292204312954,0.8229895081281192
0.45422134165439415,0.8236791623038784
0.45502520554002646,0.824369208469485
0.4553707399045872,0.8250596473997511
0.45696678985939515,0.8257504798715603
0.4569979459358809,0.8264417066638766
0.45719556064024613,0.8271333285577543
0.4577585699099526,0.8278253463363422
0.4588144336269001,0.8285177607848945
0.4590145711700908,0.8292105726907767
0.4595468096499424,0.8299037828434739
0.45959622640520986,0.8305973920346009
0.4598255394404255,0.8312914010579064
0.4605923426090482,0.8319858107092849
0.46277800285981935,0.8326806217867816
0.4628400326854685,0.8333758350906028
0.4638625288319396,0.8340714514231231
0.4659839667718927,0.8347674715888926
0.46605382274755275,0.8354638963946482
0.4669742159595288,0.8361607266493177
0.46706355865051497,0.8368579631640325
0.46757541548851395,0.8375556067521321
0.4683979771126724,0.8382536582291743
0.4699359263396883,0.8389521184129447
0.47024084847375885,0.8396509881234624
0.47049733516530995,0.8403502681829915
0.4720045005287805,0.8410499594160474
0.47204407897164696,0.8417500626494059
0.47234771733003317,0.8424505787121136
0.47303396358669125,0.8431515084354934
0.47366176705189067,0.8438528526531563
0.47390180238128354,0.8445546122010084
0.47399766243517055,0.8452567879172593
0.47432247331883864,0.8459593806424335
0.47508844297686337,0.8466623912193759
0.4755904753595237,0.8473658204932637
0.4757711879144385,0.8480696693116128
0.4764535849812315,0.8487739385242894
0.4766785700553746,0.8494786289835171
0.4768079597110396,0.8501837415438859
0.47695117277461496,0.8508892770623637
0.47745532778629945,0.8515952363983024
0.4776528690619648,0.8523016204134501
0.4791916016910543,0.8530084299719578
0.47942283230280724,0.8537156659403897
0.4806852167329176,0.8544233291877338
0.48104967701887763,0.8551314205854091
0.48141910317155046,0.8558399410072774
0.4825411868868958,0.8565488913296506
0.4832958036853951,0.857258272431301
0.48352559655030597,0.8579680851934728
0.4846889098679702,0.8586783304998883
0.4856437363994044,0.8593890092367608
0.48596973085206113,0.8601001222928017
0.4875468023343871,0.8608116705592332
0.48803253026617643,0.8615236549297947
0.48804521759734465,0.862236076300755
0.4887526139618208,0.8629489355709231
0.489633725583894,0.863662233641655
0.49140202681174916,0.8643759714168665
0.49174446462123417,0.8650901498030422
0.49220244511833317,0.8658047697092454
0.4929592823004875,0.866519832047129
0.4943025169214021,0.8672353377309453
0.49652485275609004,0.8679512876775568
0.4970701754513534,0.8686676828064455
0.49748494815227845,0.8693845240397232
0.4981518415519494,0.8701018123021448
0.4991501004004272,0.8708195485211145
0.49984889503516405,0.8715377336267
0.5011741465828833,0.8722563685516402
0.5019446432036268,0.8729754542313587
0.5041858035347743,0.873694991603972
0.504951490502149,0.874414981610301
0.505546375652567,0.8751354251938832
0.505934951801791,0.8758563233009814
0.5071015063980606,0.8765776768805968
0.508315768865479,0.8772994868844781
0.508540055229942,0.8780217542671328
0.5092188320100202,0.8787444799858397
0.5095327128096759,0.8794676650006588
0.5100476054067122,0.8801913102744429
0.5107718879151659,0.8809154167728486
0.5127272764464399,0.8816399854643471
0.5162488840053508,0.8823650173202379
0.5164726658703891,0.8830905133146564
0.5177631452951192,0.8838164744245899
0.518220681648087,0.8845429016298845
0.5188634307099288,0.8852697959132612
0.5195866693987108,0.8859971582603232
0.5205428921805783,0.8867249896595707
0.5208754323672206,0.8874532911024124
0.5212886433963054,0.8881820635831754
0.5213212902296843,0.8889113080991198
0.5217491528035246,0.8896410256504474
0.5222522445892467,0.890371217240317
0.5224008107793662,0.8911018838748551
0.5229202140096438,0.8918330265631661
0.5231267907255837,0.8925646463173492
0.5237095580520497,0.8932967441525057
0.524390915993456,0.8940293210867537
0.5250762209792249,0.8947623781412414
0.5256034566317607,0.8954959163401568
0.526819510056432,0.8962299367107439
0.5322846950504722,0.8969644402833111
0.5337794239124959,0.8976994280912479
0.5340541617562304,0.8984349011710343
0.536180621556796,0.8991708605622549
0.5362144735880596,0.8999073073076137
0.5365528375579318,0.9006442424529424
0.5368705367835842,0.9013816670472189
0.5375695881987869,0.9021195821425758
0.5379960154652818,0.9028579887943153
0.5382679888860458,0.9035968880609242
0.5383937340922964,0.9043362810040826
0.5393974807076352,0.9050761686886828
0.5399882611653777,0.9058165521828381
0.5406629832667003,0.9065574325578979
0.5417190829076629,0.9072988108884628
0.5429771072227757,0.9080406882523953
0.5432678682046849,0.9087830657308363
0.5441426184337167,0.9095259444082163
0.5442501969868366,0.910269325372272
0.5445765998053245,0.9110132097140567
0.5452931611940169,0.9117575985279575
0.5456800061165308,0.912502492911708
0.5475022945211975,0.9132478939664016
0.5479701834474818,0.9139938027965081
0.5497698197534323,0.9147402205098851
0.5504103340181191,0.9154871482177938
0.550906622685631,0.9162345870349142
0.5512096419314924,0.9169825380793576
0.5516015433443788,0.9177310024726835
0.5528073523405147,0.918479981339912
0.5534302729099516,0.9192294758095393
0.5545822017633778,0.9199794870135544
0.5546332175892325,0.9207300160874504
0.5556805000912031,0.9214810641702431
0.5571978038884621,0.922232632404483
0.5581362451331846,0.922984721936273
0.5585238654210305,0.9237373339152815
0.5603351127029554,0.9244904694947583
0.5604394473516081,0.925244129831552
0.561047962277474,0.9259983160861218
0.561509239333461,0.9267530294225561
0.5617742758581223,0.9275082710085869
0.5623528382622665,0.9282640420156045
0.5629557462422765,0.9290203436186764
0.5634541489566653,0.929777176996559
0.5635599079467918,0.9305345433317178
0.5636507331565119,0.9312924438103397
0.56412139432049,0.9320508796223512
0.5642068579058607,0.9328098519614357
0.5645506259886354,0.933569362025046
0.5689572013200641,0.9343294110144255
0.5692023676507139,0.93509000013462
0.5694206253932312,0.9358511305944985
0.5696831493906505,0.9366128036067669
0.5697647609436889,0.9373750203879856
0.5701909968720529,0.9381377821585876
0.5723695018974436,0.9389010901428929
0.574504311997235,0.9396649455691289
0.5749145516404438,0.9404293496694441
0.5759655999751033,0.9411943036799276
0.5764339559649783,0.9419598088406259
0.5774156886477508,0.9427258663955596
0.578356293779551,0.9434924775927428
0.5789896011738229,0.9442596436841976
0.5791464035266651,0.9450273659259747
0.5796697099444736,0.9457956455781704
0.5823055766614604,0.9465644839049433
0.5831093355429653,0.9473338821745345
0.5835807411719641,0.9481038416592835
0.5843929500994962,0.948874363635647
0.5844211154266045,0.9496454493842195
0.5854800301936679,0.9504171001897475
0.5859668896021181,0.9511893173411526
0.5873933158200833,0.9519621021315456
0.5880680654588604,0.95273545585825
0.588327218083321,0.953509379822816
0.5886775448180058,0.9542838753310426
0.5887594721238288,0.955058943692997
0.5896441967258516,0.9558345862230305
0.5899470239203686,0.9566108042398019
0.5908413224664947,0.9573875990662933
0.5909748467047392,0.9581649720298312
0.591057885004015,0.9589429244621072
0.592074200315135,0.959721457699195
0.5928092063497483,0.9605005730815728
0.5933695066765695,0.9612802719541416
0.5936597655504386,0.9620605556662453
0.5941360653128647,0.9628414255716924
0.5945707901250036,0.9636228830287741
0.5952789818139829,0.9644049294002871
0.5954879314303521,0.9651875660535508
0.5960379969048024,0.9659707943604322
0.5973243178458646,0.9667546156973625
0.598950764408882,0.9675390314453598
0.5997691240049793,0.9683240429900519
0.5999033373147333,0.9691096517216929
0.6028605260269145,0.9698958590351895
0.6033024345401605,0.9706826663301185
0.6062388310336303,0.9714700750107493
0.6066064124709317,0.9722580864860674
0.6070651563163351,0.9730467021697926
0.6071490966823785,0.973835923480405
0.6080773731685912,0.9746257518411633
0.6098808226235631,0.9754161886801272
0.6106277585514943,0.9762072354301841
0.6110162806791263,0.9769988935290647
0.6112099773364459,0.9777911644193711
0.612133661829203,0.9785840495485959
0.6123782594169175,0.9793775503691473
0.6127676132315834,0.9801716683383703
0.6131134622659208,0.9809664049185693
0.6135738134569533,0.9817617615770344
0.6146270174552646,0.9825577397860609
0.6147209423723007,0.9833543410229754
0.6153822580536839,0.9841515667701574
0.615725411227074,0.9849494185150633
0.6159740167969245,0.9857478977502536
0.6177928622451085,0.9865470059734106
0.6186850336757372,0.9873467446873689
0.6189294484129154,0.9881471154001348
0.6199323148943737,0.9889481196249129
0.6205261811751884,0.9897497588801321
0.6212826017447868,0.990552034689466
0.6220562740961818,0.9913549485818629
0.6232391843919793,0.9921585020915658
0.6242292407455924,0.9929626967581424
0.6246604769236139,0.9937675341265056
0.625287254973251,0.9945730157469425
0.625747599689602,0.9953791431751391
0.6259211963772761,0.9961859179722046
0.6259455580939012,0.9969933417046992
0.6263160380810011,0.9978014159446591
0.6264532269533121,0.9986101422696226
0.6265423463408963,0.9994195222626576
0.6269674892661856,1.0002295575123858
0.627246397967097,1.0010402496130135
0.6283526998023687,1.0018516001643534
0.628687671331049,1.0026636107718545
0.6288532140221527,1.0034762830466302
0.6292593944558189,1.0042896186054826
0.6293894405491478,1.005103619070933
0.6295295256785772,1.0059182860712477
0.6315219388270675,1.0067336212404658
0.6323457559132308,1.0075496262184287
0.6355954428024462,1.0083663026508065
0.6362080741224572,1.0091836521891282
0.636675534921802,1.0100016764908082
0.6372256470880346,1.010820377219177
0.6404624304788799,1.0116397560435086
0.6405941564914426,1.012459814639049
0.6413999891845937,1.0132805546870494
0.6418620174191457,1.0141019778747888
0.6423472050453857,1.0149240858956108
0.6428795167151036,1.0157468804489487
0.6462969647665597,1.016570363240356
0.6488477920788677,1.0173945359815393
0.6499262769856592,1.0182194003903844
0.6505488930557823,1.0190449581909913
0.6533187008057494,1.0198712111137012
0.6537562757826616,1.0206981608951298
0.6541289272129995,1.0215258092781965
0.6542227930321975,1.0223541580121576
0.6544466072022811,1.0231832088526365
0.6555937606192601,1.0240129635616557
0.657273644883069,1.0248434239076691
0.6573538015745991,1.0256745916655932
0.6577007732415712,1.0265064686168393
0.6594451176687366,1.027339056549348
0.6597195468386335,1.02817235725762
0.6606074320512756,1.0290063725427487
0.6611733368685361,1.0298411042124547
0.6647044402897313,1.0306765540811171
0.6654070518855301,1.0315127239698108
0.6670278727887791,1.0323496157063352
0.6679926657743575,1.0331872311252528
0.6685244970021291,1.0340255720679192
0.6700973615231278,1.034864640382522
0.6702990566634511,1.0357044379241107
0.6732774687127459,1.0365449665546342
0.6735058523488808,1.0373862281429769
0.6737751993821741,1.0382282245649905
0.6748062812964641,1.039070957703533
0.6750893357158139,1.0399144294485019
0.6757352289110242,1.0407586416968708
0.676297361182551,1.041603596352727
0.6765051652318698,1.0424492953273057
0.678126365028852,1.0432957405390293
0.6819719205962924,1.04414293391354
0.6842976684273975,1.0449908773837422
0.6859368107248482,1.0458395728898362
0.6883935414919977,1.0466890223793563
0.6907519191983892,1.0475392278072106
0.6921936822789848,1.048390191135716
0.6922642691290523,1.0492419143346405
0.6931298099639891,1.0500943993812375
0.6956884677726293,1.0509476482602864
0.6982359007154317,1.0518016629641347
0.6992346524416925,1.052656445492731
0.7019468512374806,1.0535119978536711
0.7020284395763,1.0543683220622333
0.7021619655168225,1.0552254201414204
0.7049087962632736,1.056083294122001
0.7055191982805915,1.0569419460425478
0.7061877785417159,1.05780137794948
0.7074285080003795,1.0586615918971047
0.7080082866193183,1.0595225899476568
0.7080691481179155,1.0603843741713437
0.709184256647315,1.0612469466463836
0.712986593746543,1.062110309459051
0.7139695663064842,1.0629744647037171
0.7144269862707577,1.0638394144828938
0.7144636207692481,1.0647051609072764
0.7166117887325645,1.065571706095787
0.716774732976391,1.0664390521756195
0.717866419711108,1.067307201282281
0.718094947656297,1.0681761555596394
0.7181109349002879,1.069045917159964
0.7195386114143333,1.0699164882439733
0.7205774106063672,1.0707878709808816
0.7218449825672987,1.0716600675484396
0.7219079663420702,1.0725330801329853
0.7252454569294176,1.0734069109294866
0.7266889436289401,1.0742815621415895
0.7268597988001874,1.0751570359816638
0.7275532388243299,1.0760333346708522
0.7276677544636087,1.0769104604391146
0.7289317341862479,1.0777884155252797
0.7302294544886775,1.0786672021770873
0.7303685074887706,1.0795468226512446
0.7307834167647626,1.0804272792134668
0.7345871749090166,1.0813085741385322
0.735607980012198,1.0821907097103278
0.7365656723750905,1.083073688221902
0.7379976243485794,1.0839575119755112
0.7408152701698292,1.0848421832826725
0.7422256841977833,1.0857277044642157
0.7427123623335239,1.086614077850331
0.7454107170005237,1.087501305780623
0.7477945646206771,1.088389390604161
0.7499849796334436,1.0892783346795316
0.7502951254339049,1.090168140374893
0.7561310798077095,1.091058810068024
0.756593460589822,1.0919503461463826
0.757252347354563,1.092842751007154
0.7597411680580647,1.093736027057307
0.7634759288875533,1.0946301767136517
0.7678981015020019,1.0955252024028879
0.7706497027824891,1.0964211065616656
0.7707677812936239,1.097317891636636
0.7720529448344728,1.0982155600845136
0.7738010899102827,1.0991141143721253
0.775015563516888,1.1000135569764709
0.776070916877549,1.1009138903847824
0.7766473503874398,1.1018151170945771
0.7798982135863405,1.102717239613717
0.7820124811889735,1.1036202604604683
0.7827826381497374,1.10452418216356
0.7834430372445707,1.1054290072622417
0.784160083721077,1.1063347383063435
0.785223874509298,1.1072413778563375
0.7877724455143904,1.1081489284833972
0.7879350981381291,1.1090573927694565
0.788639677328339,1.1099667733072756
0.7902821034839131,1.110877072700497
0.7903259517913545,1.1117882935637158
0.7906700598681645,1.11270043852253
0.7911006117503169,1.113613510213618
0.7914122646919537,1.114527511284789
0.7918750370711171,1.1154424443950577
0.792875256495047,1.1163583122147023
0.7934453505104974,1.117275117425329
0.794220996757314,1.1181928627199444
0.7955845260167319,1.119111550803013
0.7960630157780295,1.1200311843905266
0.7966011947251869,1.1209517662100759
0.7970643058944312,1.1218732990009086
0.7970770264969965,1.122795785514007
0.797685703935481,1.1237192285121471
0.7981505141582149,1.1246436307699752
0.7988923319079045,1.1255689950740737
0.799151596079651,1.1264953242230298
0.8009181949688416,1.1274226210275078
0.802073456509211,1.1283508883103204
0.8029160169402221,1.1292801289064982
0.8031988235923948,1.130210345663362
0.8066116663556863,1.1311415414405976
0.8091148749963994,1.1320737191103267
0.8095611812677924,1.133006881557179
0.8107281490168078,1.1339410316783698
0.8132214752787855,1.1348761723837733
0.813310642331558,1.1358123065959953
0.8168390733423224,1.1367494372504545
0.8196331995354055,1.1376875672954516
0.8202196375309075,1.1386266996922534
0.822182151831374,1.1395668374151648
0.8224039505388424,1.1405079834516094
0.8246849363710258,1.1414501408022093
0.8254065420921883,1.1423933124808605
0.8295266565430011,1.143337501514818
0.8342842249454597,1.1442827109447697
0.8360046976862578,1.145228943824924
0.8376267396327525,1.1461762032230882
0.8396939685181095,1.147124492220749
0.8397751829212329,1.1480738139131617
0.8400931597815489,1.1490241714094254
0.8430443147343186,1.1499755678325738
0.8440619085927257,1.150928006319659
0.845575803020078,1.1518814900218322
0.847918125387597,1.1528360221044371
0.8523255432945113,1.1537916057470905
0.8524763126221219,1.1547482441437737
0.8526395825197154,1.1557059405029193
0.8546128915155182,1.1566646980474986
0.8583518369581661,1.1576245200151154
0.8626394696268764,1.1585854096580903
0.8641575143914347,1.159547370243557
0.8641744729647495,1.160510405053551
0.865359723176006,1.1614745173851033
0.8659270948507503,1.1624397105503315
0.8663689204221244,1.163405987876536
0.8729213970436527,1.1643733527062934
0.8772151388220154,1.165341808397552
0.8795043943587726,1.1663113583237263
0.881212386010998,1.1672820058737996
0.8817818044236867,1.16825375445241
0.8824735962530275,1.1692266074799633
0.8886904628939502,1.1702005683927195
0.8896924263862518,1.171175640642901
0.8901693888443502,1.1721518276987881
0.8906960009809046,1.1731291330448237
0.8917873675744671,1.1741075601817144
0.8917909697235374,1.1750871126265314
0.8952213358971856,1.176067793912822
0.8962287002516811,1.1770496075907024
0.8978213320281578,1.1780325572269752
0.8990897917101615,1.1790166464052285
0.8998262881047745,1.1800018787259439
0.903382009056845,1.180988257806609
0.90345069460452,1.1819757872818206
0.9048980659383367,1.1829644708033995
0.905823430008272,1.1839543120404983
0.9090561051835804,1.1849453146797135
0.9098279035813204,1.1859374824252018
0.9102266992679114,1.186930818998786
0.9106889429159282,1.1879253281400777
0.9123902479431184,1.1889210136065875
0.9149519530559651,1.1899178791738418
0.9168808876245597,1.1909159286355042
0.9170863303717088,1.1919151658034872
0.9179823507637899,1.1929155945080778
0.9207532269649894,1.1939172185980516
0.9245710620583726,1.1949200419408006
0.9277979079876907,1.19592406842245
0.9279413828514962,1.1969293019479825
0.929349991041372,1.1979357464413671
0.9295940887493305,1.1989434058456754
0.9339508570199607,1.1999522841232189
0.9343213668486496,1.2009623852556661
0.9346675395601123,1.2019737132441766
0.9350663479465194,1.2029862721095308
0.9351157281601202,1.2040000658922574
0.9355018811181451,1.2050150986527692
0.9371648832822804,1.20603137447149
0.9396770211667127,1.2070488974489941
0.9399321124849277,1.2080676717061392
0.940177945167976,1.2090877013842014
0.9409447464893769,1.2101089906450146
0.9434396815886633,1.2111315436711079
0.9443679535868612,1.2121553646658454
0.9444666043325355,1.2131804578535657
0.9470788550502752,1.2142068274797269
0.9500812096534031,1.2152344778110469
0.9509556143468506,1.2162634131356498
0.9524412081053647,1.2172936377632122
0.9532605376560885,1.2183251560251063
0.9533021181707675,1.219357972274552
0.9542347055257285,1.2203920908867667
0.9551476886358022,1.221427516259111
0.9553681604371624,1.2224642528112493
0.9651494707625274,1.2235023049852927
0.9669655707856483,1.224541677245963
0.9692630481214844,1.2255823740807457
0.9698270687981339,1.2266244000000428
0.9698890941574235,1.2276677595373398
0.978378922567779,1.2287124572493595
0.9784178106884793,1.229758497716228
0.9787359937684944,1.2308058855416322
0.9818337947628958,1.23185462535299
0.9855967146695263,1.2329047218016143
0.9901062103789333,1.2339561795628784
0.9905502870285823,1.2350090033363876
0.9928519319634859,1.236063197846148
0.9939601658878948,1.2371187678407372
0.9944265612858203,1.238175718093481
0.9950451723028079,1.2392340534026258
0.9972266111801149,1.240293778591517
1.000694026862215,1.2413548985087723
1.003083927529779,1.2424174180284677
1.003118354571075,1.243481342050316
1.0034245950028058,1.244546675499847
1.0048972659536206,1.2456134233285983
1.0053581646626628,1.2466815905142936
1.0132496689793336,1.2477511820610372
1.0242127353027866,1.248822202999501
1.0250227201789095,1.2498946583871142
1.0266625459254435,1.25096855330826
1.0324460948790315,1.252043892874467
1.0325345470084812,1.253120682224607
1.0328712861231388,1.254198926525095
1.0330150414351653,1.2552786309700852
1.0343503995425845,1.2563598007816767
1.0352243061096513,1.2574424412101164
1.0365147564607344,1.258526557534005
1.0367914328540488,1.2596121550605033
1.0371183356093696,1.2606992391255416
1.039952972561487,1.2617878150940336
1.0478261929173216,1.262877888360088
1.049457891376538,1.263969464347224
1.0503534589129284,1.265062548508588
1.0512470908424,1.2661571463271744
1.0521772685781587,1.2672532633160487
1.0530738009563978,1.268350905018565
1.0554933309493888,1.2694500770085997
1.0595968700973195,1.2705507848907707
1.0667950878261623,1.2716530343006773
1.067569511877117,1.272756830905122
1.0716585446768407,1.2738621804023518
1.0773782557941125,1.2749690885222915
1.078562980898862,1.2760775610267836
1.081296234936476,1.2771876037098302
1.082494832621898,1.2782992223978336
1.0843746686095599,1.2794124229498431
1.0845744800652772,1.2805272112578057
1.0867378354360113,1.2816435932468109
1.0874736186273195,1.28276157487535
1.0892026578897813,1.2838811621355655
1.0894042659707746,1.2850023610535095
1.0909890134646811,1.2861251776894105
1.0947424961746028,1.2872496181379254
1.0966092064926554,1.2883756885284148
1.0994948111906568,1.2895033950252017
1.1043287228465128,1.2906327438278504
1.104514753985709,1.2917637411714336
1.1145077780401693,1.2928963933268072
1.1167421571857927,1.2940307066008956
1.118304961451262,1.2951666873369658
1.119765711877516,1.296304341914915
1.1279408723861681,1.2974436767515563
1.1284502486346286,1.2985846983009053
1.128928642554173,1.299727413054479
1.1289301271021255,1.3008718275415831
1.135028346056794,1.3020179483296195
1.1369525696414933,1.3031657820243763
1.1404577439904409,1.3043153352703398
1.1432755549713247,1.3054666147510017
1.1443908763975796,1.3066196271891648
1.1453128683037144,1.3077743793472594
1.1461069021944752,1.3089308780276585
1.1472981760137604,1.3100891300729995
1.148812100964434,1.311249142366504
1.149098463837375,1.3124109218323072
1.1493665912157986,1.313574475435785
1.1494038234455133,1.314739810183887
1.1507860474597384,1.315906933125475
1.1518317532346058,1.3170758513516598
1.1528254449151405,1.3182465719961456
1.1544486723404874,1.319419102235577
1.15648454584921,1.3205934492898876
1.1565305214354344,1.3217696204226574
1.1589301384352602,1.3229476229414643
1.1664968305098495,1.3241274641982506
1.17017804834502,1.3253091515896864
1.1723579879175379,1.3264926925575353
1.1797157789189678,1.3276780945890319
1.1804854590692937,1.3288653652172526
1.1824533244112436,1.330054512021503
1.1867746162660326,1.331245542627694
1.1884172065823224,1.332438464708734
1.1925485484522835,1.333633285984924
1.1998630169978022,1.3348300142243488
1.2095568422039578,1.3360286572432827
1.2099640988401332,1.3372292229065892
1.210351432195202,1.3384317191281334
1.2106504896104904,1.3396361538711972
1.215173979942787,1.3408425351488917
1.2163501385197522,1.3420508710245869
1.22684388732273,1.343261169612331
1.2284508810973234,1.344473439077287
1.2296300187825995,1.3456876876361683
1.238138533804848,1.3469039235576763
1.2424882894053484,1.3481221551629514
1.2435651348985886,1.3493423908260165
1.2438253028294812,1.3505646389742394
1.244344767276563,1.3517889080887877
1.2472040963510738,1.353015206705095
1.2480943556371356,1.3542435434133349
1.2561293622247798,1.3554739268588911
1.2561960253652493,1.3567063657428424
1.261400962085776,1.3579408688224446
1.261925001849677,1.359177444911625
1.2625066189047172,1.360416102881479
1.2627420370012226,1.361656851660768
1.2643536436263998,1.362899700236434
1.2698188672801929,1.364144657654107
1.2802386104658585,1.365391733018626
1.281016580209086,1.366640935494567
1.2851720341264359,1.3678922743067665
1.2873045595783246,1.3691457587408666
1.2893532405835293,1.3704013981438512
1.2899911978315164,1.371659201924599
1.290059140426868,1.3729191795544353
1.2907366594181655,1.3741813405676941
1.2916963384622087,1.3754456945622893
1.2917849236866863,1.376712251200283
1.294560450343109,1.3779810202084706
1.2952524893231092,1.3792520113789657
1.297282605034771,1.3805252345697945
1.3018034194529873,1.3818006997054986
1.3026838315675726,1.3830784167777384
1.3092039565084028,1.3843583958459127
1.3105548315548647,1.3856406470377762
1.3139136426882136,1.3869251805500715
1.3143389385142472,1.3882120066491657
1.3144986295678007,1.3895011356716889
1.314843800199289,1.390792578025194
1.3157428470160564,1.3920863441888072
1.3187411538844547,1.393382444713898
1.3187726021470125,1.3946808902247563
1.3208990784896066,1.3959816914192695
1.3220665401023246,1.3972848590696174
1.3221520949351095,1.3985904040229662
1.3228920554281274,1.3998983372021798
1.3246016496075528,1.4012086696065333
1.3252296653100488,1.4025214123124325
1.3288763556107084,1.403836576474156
1.3309527147869655,1.4051541733245847
1.33202365081624,1.406474214175963
1.3336827590689408,1.407796710420648
1.3351378685005315,1.4091216735318841
1.3418015649725659,1.4104491150645795
1.342380413243137,1.4117790466560902
1.3446905971659526,1.4131114800270206
1.351045268521567,1.414446426982026
1.3522663314487005,1.4157838994106309
1.3536661180041671,1.417123909288055
1.3580097522739,1.4184664686760469
1.3598284924127486,1.4198115897237367
1.3602444210792404,1.421159284668483
1.3642514960976184,1.4225095658367517
1.3670019656652581,1.4238624456449844
1.368957468309511,1.425217936600495
1.3702063078047693,1.426576051302365
1.3796119741430117,1.4279368024423584
1.3863044209823259,1.4293002028058428
1.3893435353978405,1.4306662652727236
1.389942059738874,1.432035002818392
1.3915925979572994,1.4334064285146837
1.3962241237979525,1.434780555530844
1.398579674631544,1.4361573971345185
1.4024116418532544,1.4375369666927444
1.4080845227526482,1.4389192776729542
1.4193172837476586,1.4403043436440062
1.419353315254257,1.4416921782772085
1.4216770113804256,1.443082795347374
1.4298153347690692,1.4444762087338745
1.4336250234407504,1.445872432421723
1.436068532829301,1.4472714805026514
1.436577546361514,1.448673367176223
1.4373672809812443,1.450078106750947
1.4537775350128577,1.451485713645403
1.4568768586428356,1.452896202389397
1.4581269103555272,1.4543095876251178
1.4590688699433179,1.4557258841083112
1.4669634643210794,1.4571451067094792
1.4725327003630289,1.4585672704150814
1.476037634975793,1.4599923903287628
1.4760563767670187,1.4614204816725922
1.4774045034729262,1.4628515597883192
1.4781713823812266,1.4642856401386513
1.4816246082652536,1.465722738308537
1.4837093883666364,1.4671628700064832
1.4877034776296818,1.4686060510658745
1.490282337212006,1.4700522974463202
1.4905505076007641,1.4715016252350137
1.4914414791656456,1.4729540506481151
1.4980048017852967,1.4744095900321526
1.5049350717317063,1.475868259865435
1.5055633941940845,1.4773300767594955
1.5082783508582425,1.478795057460547
1.5271904213816283,1.480263218850959
1.530189603241988,1.4817345779507611
1.5344810352340728,1.483209151919154
1.5353912972241588,1.4846869580560595
1.5358586872361613,1.4861680138036726
1.540555637839993,1.4876523367480534
1.546182403880902,1.4891399446207296
1.5508781857666567,1.4906308553003227
1.552370473244728,1.4921250868142062
1.5533395717361054,1.493622657340173
1.5584680929306833,1.4951235852081421
1.5589983112914378,1.4966278889018743
1.5622855314636686,1.4981355870607225
1.562717965510543,1.4996466984814094
1.572940416165242,1.5011612421198166
1.57586830919941,1.502679237092818
1.5763466546222271,1.5042007026801216
1.5774723675703604,1.505725658326153
1.5781737937425555,1.5072541236419585
1.5786398086348898,1.5087861184071367
1.5821989019512106,1.510321662571801
1.582994540115001,1.5118607762585654
1.585905631128353,1.5134034797645666
1.5904668533080781,1.514949793563514
1.5910512536277432,1.5164997383077623
1.607472323364046,1.5180533348304297
1.6095868196100669,1.519610604147531
1.6096193503967966,1.5211715674601602
1.6196456599376963,1.5227362461566845
1.6217932540450406,1.5243046618149938
1.6226884221583575,1.5258768362047688
1.624320192252329,1.527452791289789
1.6276477446441697,1.5290325492302757
1.6289065898884019,1.530616132385269
1.6301644475556147,1.5322035633150388
1.6328845350412282,1.5337948647835458
1.6344596166912686,1.5353900597609185
1.6378467089666195,1.5369891714259891
1.638024909965344,1.5385922231688574
1.639658650920654,1.5401992385934922
1.645413533373652,1.541810241520389
1.6507731095166038,1.543425255989245
1.6532347077270377,1.5450443062617005
1.6555481277195845,1.546667416824105
1.6568009026703114,1.5482946123903372
1.6648670254426328,1.5499259179046674
1.673493239150636,1.551561358544658
1.6739369518074068,1.5532009597241272
1.6747428529181565,1.5548447470961393
1.674831406674158,1.5564927465560596
1.6776087449886847,1.5581449842446482
1.6779075501857394,1.5598014865512093
1.678465042301358,1.5614622801167901
1.6817438195734018,1.5631273918374262
1.6835594900686306,1.564796848867454
1.686978958369789,1.5664706786228588
1.6989142090009561,1.568148908784692
1.6991292585203877,1.56983156730254
1.719734428341006,1.5715186823980452
1.7351835834391511,1.573210282568498
1.7378082587798926,1.5749063965904724
1.7419756229677583,1.5766070535235386
1.7482520615198978,1.5783122827140197
1.7535041155657098,1.5800221137988324
1.7610550468084902,1.5817365767093758
1.761776738410625,1.5834557016754895
1.7669984123709344,1.5851795192294889
1.7686299870184954,1.5869080602102532
1.777092879177531,1.588641355767394
1.7799335504972278,1.5903794373654998
1.7806711918534415,1.5921223367884336
1.7871648054434222,1.593870086143732
1.789201412902026,1.595622717867057
1.7958933966602284,1.5973802647267348
1.7972038262670937,1.599142759828381
1.7992424929046773,1.600910236619591
1.7994539256817468,1.60268272889473
1.8017316266184593,1.6044602707997901
1.80266262648379,1.6062428968373497
1.8177960220378075,1.6080306418716097
1.8200095156708966,1.6098235411335229
1.8268076211662976,1.611621630226022
1.8321111318585788,1.613424945129328
1.8429288464106328,1.6152335222063667
1.8433031766204995,1.6170473982082763
1.844816487591364,1.6188666102800173
1.845580551896196,1.6206911959660895
1.8571785922369606,1.622521193216338
1.8603818382944177,1.6243566403918899
1.8616205317865413,1.6261975762711796
1.8711086085889987,1.6280440400560914
1.8789387656422953,1.6298960713782291
1.8795054566284193,1.631753710305279
1.8842040993564089,1.633616997347515
1.904705850431006,1.6354859734644118
1.9058463208541896,1.6373606800713842
1.9095702801419037,1.639241159046666
1.9118014597931827,1.6411274527383015
1.9211464919983776,1.6430196039712874
1.9400611988920664,1.644917656054837
1.9401741411060485,1.6468216527897992
1.9433897938377787,1.6487316384762056
1.9434995312317633,1.6506476579209772
1.9441136171692832,1.6525697564457738
1.949559751087121,1.6544979798949961
1.958383662816296,1.6564323746439527
1.9604873180220197,1.6583729876071773
1.96893734179598,1.6603198662469203
1.9695426154257625,1.6622730585818053
1.9707470984839217,1.664232613195652
1.9718298338918627,1.6661985792464922
1.984663740380886,1.6681710064757476
1.9855470004690383,1.6701499452176052
1.9931278047732401,1.6721354464085871
1.9979280116201794,1.6741275615972957
1.9999342114679999,1.676126342954384
2.002077230524736,1.6781318432827061
2.005943447587199,1.6801441160277004
2.0113012594182806,1.6821632152879644
2.0196893836849563,1.6841891958260702
2.022077110377812,1.6862221130795934
2.056557121283293,1.6882620231723782
2.067417044509068,1.6903089829260391
2.069481475794919,1.6923630498717055
2.085137997196905,1.6944242822620148
2.1160977792136144,1.696492739083369
2.125299183776764,1.6985684800684406
2.130812942412138,1.7006515657089638
2.1397023466094147,1.7027420572687852
2.1501803343880534,1.7048400167972155
2.153013985526908,1.7069455071426614
2.1609110464506878,1.7090585919665564
2.163449936984063,1.711179335757609
2.1647942896829173,1.71330780384635
2.1657407498350074,1.7154440624200202
2.172209614852068,1.7175881785377736
2.186527928040144,1.719740220146235
2.1925730319137093,1.7219002560954069
2.198447630319921,1.724068356154926
2.232966900991859,1.7262445910306996
2.2333341017347177,1.7284290323819202
2.237801666545547,1.7306217528384642
2.2554170926035044,1.732822826018708
2.255932823641007,1.7350323265477319
2.256791093419712,1.7372503300759754
2.2579746965625804,1.7394769132983081
2.27455457691531,1.7417121539735556
2.2820975386842597,1.7439561309444973
2.287180304050431,1.7462089241583167
2.2872259076790056,1.7484706146875624
2.288292496195009,1.750741284751593
2.2924451248292956,1.7530210177385561
2.294780658976876,1.7553098982278827
2.299720993137242,1.7576080120133362
2.300652208628602,1.7599154461266333
2.303441278230767,1.762232288861627
2.30594544577424,1.7645586297991056
2.30659226068332,1.7668945598321923
2.310891231069711,1.769240171192386
2.3135807892272338,1.7715955574762599
2.3162695637616144,1.7739608136728178
2.316624090512432,1.7763360361915639
2.3331132912075727,1.7787213228912657
2.3338454675726314,1.7811167731094701
2.3533807899791808,1.783522487692776
2.3616698400024907,1.7859385690278793
2.3632612318680373,1.7883651210734435
2.3645219941758255,1.7908022493927829
2.3663758742171455,1.7932500611874276
2.383067895016962,1.7957086653315537
2.3940602837921787,1.7981781724073433
2.4314672348151096,1.8006586947412921
2.4355000116281746,1.8031503464414693
2.4388704188882078,1.805653243435818
2.4418487223729732,1.8081675035114664
2.4513735329191957,1.8106932463551266
2.4537348324064228,1.8132305935946114
2.462691447125279,1.815779668841473
2.4708431305181335,1.8183405977348572
2.477353038540704,1.8209135079865562
2.483494361118213,1.823498529427341
2.4845780003439413,1.8260957940546119
2.4882028067845847,1.828705436081376
2.492975180563912,1.831327591986659
2.4999904420620074,1.8339624005673374
2.501653771625739,1.8366100029914951
2.5029382244363108,1.8392705428533127
2.506543464194793,1.8419441662295768
2.522595155495067,1.8446310217378543
2.527489741101034,1.8473312605963768
2.5387608560096564,1.850045036685731
2.5404342008456697,1.8527725066123817
2.592227363339042,1.8555138297741223
2.6017444905300238,1.8582691684275139
2.6213074925380053,1.8610386877573744
2.622720385265859,1.8638225559484227
2.6382208963469127,1.8666209442591204
2.6565977476710922,1.8694340270978256
2.6677026493830542,1.8722619821013375
2.6907003052953327,1.8751049902159018
2.6926329211482876,1.8779632357808098
2.708685120596177,1.8808369066146458
2.718940405899462,1.8837261941043335
2.728378049188605,1.8866312932970444
2.7476804435350823,1.8895524029951167
2.7561858063314326,1.892489725854084
2.785074087774007,1.8954434684839387
2.82599692511432,1.8984138415537748
2.828102426791044,1.901401059899917
2.84414793570875,1.9044053426377159
2.859228277002113,1.907426913277131
2.86370758318958,1.910465999842256
2.87209187299309,1.9135228349949789
2.8941511738071655,1.9165976561629112
2.9317023940771447,1.9196907056717967
2.932111637518599,1.9228022308825803
2.951207983560931,1.9259324843333143
2.953679348622556,1.9290817238861577
2.9564602967653983,1.9322502128796284
2.972476168079942,1.9354382202863984
2.973538348000041,1.9386460208768248
2.9822676453107473,1.9418738953884989
2.986566606709524,1.9451221307020892
2.9945725623891013,1.948391020023715
3.0249422315721857,1.9516808630742157
3.047366088420437,1.9549919662855597
3.047982371540226,1.9583246430047758
3.048919121715944,1.961679213705734
3.084672573904584,1.9650560062091227
3.091291808845581,1.9684553559110636
3.11001455610982,1.9718776060206982
3.121710439892663,1.9753231078072486
3.122599205832694,1.978792220856972
3.1438640268362605,1.9822853133404752
3.1635649675386914,1.9858027622909493
3.1640647543973968,1.989344953893805
3.183568696378188,1.992912283788322
3.1972936781176906,1.9965051573819006
3.203553523524287,2.0001239901775425
3.207428846724191,2.0037692081152656
3.21115907205291,2.0074412479281434
3.227830201000636,2.011140557513756
3.2290083748727385,2.0148675963218365
3.250716321318121,2.018622835758997
3.2579259588890723,2.0224067596114406
3.2651145262029724,2.0262198644866016
3.2710922694768105,2.0300626602748073
3.271793992380516,2.033935670631984
3.278955159069198,2.0378394334846517
3.28110729752055,2.041774501558406
3.302443950777501,2.045741442931221
3.307565640759638,2.049740841613027
3.3123417969230697,2.0537732981530286
3.331976698215235,2.057839430276415
3.363375496305075,2.0619398735521854
3.458861312222715,2.0660752820939203
3.485943132679535,2.0702463292955
3.4884189179597387,2.0744537086038664
3.507298499846589,2.0786981343311353
3.5401612456984157,2.0829803425084377
3.5759694984155486,2.0873010917841603
3.5928924195836993,2.0916611643693632
3.7265773616860827,2.0960613670333754
3.734877078374118,2.100502532152864
3.746970583377041,2.104985518817805
3.8205836234643997,2.109511213998163
3.8277683327530916,2.114080533775337
3.8716431956085433,2.1186944246426935
3.8848259672623002,2.1233538648800003
3.905689712295683,2.128059866006781
3.9660600102511796,2.1328134743201836
3.981540984328284,2.1376157725233185
4.033482773854398,2.1424678814505365
4.053891641353151,2.147370961896732
4.06116040011769,2.1523262165582495
4.062963571407872,2.1573348920937634
4.115297141513031,2.1623982813141067
4.336722179457638,2.1675177255109395
4.368202461904238,2.1726946169349843
4.399692695455275,2.1779304014354994
4.432005864095307,2.183226581273874
4.51706576651541,2.1885847181252758
4.575168745346788,2.194006436283755
4.679024039354174,2.199493426087622
4.722050344746392,2.205047447583543
4.727765323808959,2.21067033444975
4.733768690808668,2.2163639982006558
4.912866572459618,2.2221304326976186
4.943244079841017,2.2279717189930444
5.006682563858773,2.233890030537922
5.218278958718453,2.2398876387862106
5.223188003489019,2.2459669192329272
5.489125457633481,2.252130357927134
5.570637865009708,2.2583805585053875
6.3130571456953755,2.264720249796637
6.687137031179192,2.271152294055382
6.7118011290799195,2.2776796958865773
6.89191989520076,2.284305611933588
6.979678652555065,2.2910333614089864
7.19464513426207,2.297866437558149
7.704488181635991,2.304808520156916
8.00911222252806,2.311863489157642
8.234359887545303,2.3190354396131942
8.313233484596298,2.3263286980256237
