sample_quantile,theoretical_quantile
-8.070430045529278,-2.3263478740408408
-8.03076644189913,-2.319054555509805
-7.909055933185367,-2.311882545935597
-7.506133595715461,-2.3048275187804927
-7.3255257934351885,-2.297885378957878
-7.312692479952886,-2.2910522464834084
-6.929870173461147,-2.284324441550919
-6.925388717926441,-2.277698470886234
-6.6303877240628495,-2.2711710152494176
-6.505061905916347,-2.264738917971091
-6.46693595975949,-2.2583991744215237
-6.386311794308615,-2.252148922322633
-6.316870139821459,-2.24598543282297
-5.741394252607595,-2.2399061022645137
-5.699105012486453,-2.233908444577716
-5.431353702648202,-2.22799008424797
-5.241488732905773,-2.2221487498026025
-5.24021782166115,-2.216382267772701
-5.192874686139576,-2.210688557088711
-4.819727023079522,-2.205065623872837
-4.805564167315541,-2.1995115565949055
-4.544319095946163,-2.194024521561575
-4.477592181855157,-2.188602758711667
-4.286410499641962,-2.183244577692942
-4.284992125784605,-2.177948354197959
-4.273293303479332,-2.1727125265386737
-4.1866449517043725,-2.167535592441318
-4.154805625082286,-2.162416106044712
-4.127312242620772,-2.157352675086662
-4.077050313109466,-2.1523439582644475
-4.06230435331436,-2.1473886627565775
-4.056969326160853,-2.1424855418941053
-4.033440732963126,-2.13763339297077
-4.004405236464705,-2.13283105518211
-3.98648022607843,-2.1280774076845335
-3.9857310716934693,-2.1233713677660093
-3.970733912741513,-2.118711889120762
-3.9638761560013163,-2.1140979602209278
-3.958707116104176,-2.1095286027786795
-3.9555572423721386,-2.1050028702928434
-3.953855927698842,-2.1005198466744757
-3.93219695532314,-2.0960786449462963
-3.890916918785642,-2.091678406011246
-3.88515335509179,-2.0873182974858016
-3.7685004666486073,-2.0829975125939786
-3.7529214598280234,-2.0787152691182733
-3.7407721771801916,-2.0744708084040435
-3.6909948820720695,-2.070263394414089
-3.673314806062188,-2.0660923128304116
-3.609508687224124,-2.0619568702003472
-3.590967163640166,-2.0578563931244678
-3.570271027451375,-2.0537902274838
-3.5518441606518674,-2.049757737704108
-3.5391354589826176,-2.0457583060551094
-3.4508803496177385,-2.0417913319826457
-3.320453137217642,-2.0378562314719777
-3.262903376893849,-2.033952436440444
-3.200733767513471,-2.0300793941578967
-3.192681319099863,-2.0262365666933824
-3.189383398099414,-2.022423430386653
-3.1830623998702614,-2.018639475343183
-3.1826990241530675,-2.0148842049514406
-3.172313311734651,-2.01115713542124
-3.170127542711473,-2.0074577953420794
-3.1694121582814403,-2.003785725260438
-3.166477741601813,-2.000140477275046
-3.1521970917995814,-1.9965216146492284
-3.1406072741454167,-1.9929287114394576
-3.1160806898069677,-1.9893613521393054
-3.1014677389212895,-1.985819131338031
-3.0350830324087017,-1.982301653393093
-2.988674793928108,-1.9788085321158952
-2.95621300009882,-1.975339390470143
-2.9221763172486703,-1.9718938602821903
-2.8395288008072654,-1.96847158196282
-2.8309350575642824,-1.9650722042399122
-2.8256842844864583,-1.9616953839014937
-2.7569711959812837,-1.958340785548684
-2.7508448931646767,-1.955008081358087
-2.716996196709873,-1.951696950853195
-2.7073819099157133,-1.9484070806843947
-2.7040257842385396,-1.94513816441719
-2.696069270560944,-1.9418899023282739
-2.6827547144496062,-1.9386620012091071
-2.682586180261079,-1.9354541741766609
-2.680056456672568,-1.932266140491026
-2.6788815020798133,-1.9290976253795802
-2.66857971986029,-1.9259483598674372
-2.667088104127974,-1.922818080613904
-2.6503374094516468,-1.919706529754702
-2.646707881211702,-1.9166134547496914
-2.6149447117759728,-1.913538608235893
-2.605798323601556,-1.9104817478855636
-2.55830186862408,-1.9074426362691326
-2.547447157387576,-1.9044210407227973
-2.5296084802074468,-1.9014167332205814
-2.4653282227281004,-1.8984294902506862
-2.460164135733575,-1.8954590926959538
-2.4524331682340903,-1.892505325718286
-2.45213401583511,-1.8895679786468562
-2.4465962735399662,-1.8866468448699656
-2.424853751481544,-1.883741721730413
-2.4123792834922413,-1.8808524104242201
-2.411648070610596,-1.8779787159026067
-2.4111526922844493,-1.8751204467770732
-2.4047283786508165,-1.8722774152274846
-2.4012062135394814,-1.869449436913033
-2.39655018810439,-1.8666363308859792
-2.3965222173764427,-1.8638379195080623
-2.3800385604844827,-1.8610540283694839
-2.3555692298073243,-1.85828448621037
-2.34717153810338,-1.8555291248446184
-2.341223405684278,-1.8527877790860472
-2.3328320257468516,-1.8500602866767595
-2.3119708442818867,-1.8473464882176471
-2.2861424735226046,-1.8446462271009534
-2.2803310509214825,-1.8419593494448248
-2.269804013589558,-1.8392857040297819
-2.2668724414332653,-1.836625142237034
-2.2511459832101743,-1.8339775179885902
-2.2140842478613103,-1.8313426876890848
-2.1850023935909277,-1.8287205101692723
-2.1764966978754807,-1.8261108466311295
-2.141762701432717,-1.8235135605945092
-2.1166507110070585,-1.8209285178452934
-2.1108936431542946,-1.8183555863849996
-2.1094868929496604,-1.8157946363817823
-2.106791445929014,-1.8132455401227963
-2.1045132386914354,-1.810708171967863
-2.0920642141739703,-1.8081824083044082
-2.0800552802036454,-1.8056681275036204
-2.0728689041394404,-1.8031652098777973
-2.0588151135756356,-1.8006735376388403
-2.0582688267722755,-1.7981929948578534
-2.043374143057236,-1.7957234674258231
-2.042161930809717,-1.793264843015331
-2.0400564828982257,-1.7908170110432813
-2.039224870984584,-1.7883798626346008
-2.0371730323610593,-1.7859532905868771
-2.0339817565956,-1.7835371893359233
-2.0329528712107683,-1.781131454922222
-2.0324135045157457,-1.7787359849582303
-2.030936054707555,-1.7763506785965204
-2.0240933166420523,-1.7739754364987264
-2.0077887415653253,-1.7716101608052712
-2.0036458490867646,-1.7692547551058602
-2.002313805433282,-1.766909124410703
-2.002300737848537,-1.7645731751224576
-1.9957150420260819,-1.7622468150088633
-1.994096208170921,-1.7599299531760462
-1.9880782158128614,-1.757622500042483
-1.9823559073362453,-1.7553243673135908
-1.9808680226728193,-1.753035467956936
-1.9766848163361854,-1.7507557161780487
-1.9744568576735846,-1.7484850273967982
-1.9719613828013423,-1.7462233182243527
-1.9719059839453847,-1.7439705064406739
-1.971269266883145,-1.7417265109725457
-1.9539930774470702,-1.7394912518721242
-1.9525472342257486,-1.7372646502959823
-1.9523979140680805,-1.7350466284846524
-1.9492026057795795,-1.7328371097426312
-1.9281581369441019,-1.7306360184188592
-1.9099482608789178,-1.7284432798876368
-1.908191746919313,-1.7262588205299845
-1.8972992427380608,-1.724082567715425
-1.8861936494251712,-1.7219144497841754
-1.8851504706190125,-1.719754396029745
-1.856102088799631,-1.7176023366819229
-1.8466851245705538,-1.7154582028901402
-1.7993414855962317,-1.7133219267072106
-1.795890387386988,-1.7111934410734264
-1.78551707757747,-1.7090726798010025
-1.7692083055057222,-1.7069595775588693
-1.7675417539326848,-1.7048540698577872
-1.7601999754407052,-1.702756093035797
-1.7592832591158882,-1.7006655842439753
-1.7577399605922686,-1.6985824814324992
-1.7485146579602797,-1.6965067233370157
-1.7344210399390763,-1.6944382494652939
-1.7335935849979383,-1.6923770000841678
-1.732145567716984,-1.6903229162067501
-1.729662340475728,-1.6882759395799236
-1.7184963845925574,-1.6862360126720826
-1.7157761759011256,-1.6842030786611462
-1.6979968517880866,-1.6821770814228056
-1.6823430870073657,-1.6801579655190306
-1.6778269696866115,-1.6781456761867968
-1.6733056709288472,-1.6761401593270586
-1.6591285669406837,-1.6741413614939407
-1.6558443418233508,-1.672149229884151
-1.6506719114017345,-1.6701637123266084
-1.6506695043083697,-1.6681847572722837
-1.6494189972429962,-1.6662123137842366
-1.6462452043524824,-1.6642463315278646
-1.6328990083132948,-1.6622867607613343
-1.6190511948242414,-1.6603335523262117
-1.618163308157827,-1.6583866576382742
-1.6131271016394648,-1.656446028678504
-1.6127368666993434,-1.6545116179842592
-1.6096959875939258,-1.6525833786406177
-1.607910182175934,-1.6506612642718903
-1.6046792175446694,-1.6487452290332987
-1.6005139496880698,-1.6468352276028078
-1.5957125233494702,-1.6449312151731292
-1.59521773524844,-1.643033147443864
-1.594478917693631,-1.6411409806138049
-1.5942839843952044,-1.6392546713733787
-1.5855892867957824,-1.6373741768972383
-1.5839392464304103,-1.6354994548369874
-1.5810144729425548,-1.6336304633140508
-1.5800690560654476,-1.6317671609126694
-1.576100429324384,-1.6299095066730311
-1.5615716920032723,-1.6280574600845303
-1.557736121104423,-1.6262109810791467
-1.5572867924165643,-1.624370030024954
-1.5519123206479626,-1.622534567719742
-1.5467409939125658,-1.620704555384756
-1.543490616739462,-1.6188799546585564
-1.5389047491033343,-1.6170607275909812
-1.5373644603430612,-1.615246836637223
-1.520618580930769,-1.6134382446520161
-1.5152476482585195,-1.6116349148839169
-1.5035550699860096,-1.6098368109697019
-1.4979076486149439,-1.608043896928852
-1.4898302783844573,-1.6062561371581425
-1.477410760017453,-1.6044734964263294
-1.477105892785401,-1.6026959398689238
-1.4768148721658527,-1.6009234329830648
-1.4685406882703311,-1.5991559416224763
-1.4662849895138703,-1.597393431992517
-1.451526437816196,-1.5956358706453133
-1.4339095201921326,-1.5938832244749799
-1.4307852681465763,-1.5921354607129174
-1.4186370871069067,-1.5903925469231968
-1.4184633785417704,-1.58865445099802
-1.4134480857917948,-1.5869211411532576
-1.4096460638710027,-1.5851925859240656
-1.4090703860658562,-1.5834687541605732
-1.4070245119111464,-1.5817496150236472
-1.4040863386719828,-1.5800351379807216
-1.4038410964830061,-1.5783252928017062
-1.4024973106710568,-1.5766200495549565
-1.4018471579817449,-1.5749193786033118
-1.398987364383433,-1.573223250600205
-1.398906346916522,-1.5715316364858285
-1.397356085299149,-1.569844507483369
-1.3899949681336898,-1.5681618350953044
-1.381572335377229,-1.5664835910997563
-1.3796318822350393,-1.5648097475469096
-1.3778024873952397,-1.563140276755485
-1.3762632105849526,-1.5614751513092693
-1.3760373322361408,-1.5598143440537053
-1.3691962740669763,-1.5581578280925332
-1.3659828491073078,-1.556505576784487
-1.3641080910894023,-1.554857563740045
-1.363666452174986,-1.5532137628182319
-1.3515627717409273,-1.551574148123468
-1.3481235904017927,-1.5499386940024784
-1.3434087705465003,-1.5483073750412355
-1.3408302748988348,-1.546680166061969
-1.317601286423341,-1.5450570421202023
-1.3034190632375156,-1.5434379785018542
-1.3007911378334671,-1.5418229507203731
-1.2951059528949114,-1.5402119345139185
-1.2919159011948445,-1.5386049058425941
-1.2893203598061942,-1.5370018408857111
-1.2816615049929287,-1.5354027160391026
-1.280328021491997,-1.5338075079124769
-1.2766175430798001,-1.5322161933268121
-1.2763823727079366,-1.5306287493117885
-1.275818109251977,-1.5290451531032607
-1.2722518097138007,-1.5274653821407698
-1.2643724629025705,-1.5258894140650916
-1.2595733013485553,-1.5243172267158238
-1.2545232506745034,-1.5227487981290053
-1.248021480576633,-1.5211841065347753
-1.2420526084196062,-1.5196231303550674
-1.2402157231186965,-1.5180658482013363
-1.2332776697174603,-1.516512238872314
-1.2283957967799448,-1.5149622813518122
-1.22376076097797,-1.513415954806542
-1.2097697279774322,-1.5118732385839773
-1.2085290088735277,-1.510334112210241
-1.200848951939657,-1.5087985553880288
-1.1921087176256004,-1.5072665479945593
-1.1886613654064981,-1.5057380700795562
-1.1842326991685426,-1.5042131018632576
-1.1832213897913724,-1.502691623734456
-1.1754237188926209,-1.5011736162485656
-1.1723935227998439,-1.4996590601257176
-1.1691574280075656,-1.4981479362488823
-1.1615232819967074,-1.4966402256620204
-1.1601648699022062,-1.4951359095682575
-1.1573841422888687,-1.4936349693280833
-1.1525696095415838,-1.4921373864575858
-1.152379070058542,-1.490643142626696
-1.1518433191622452,-1.489152219657469
-1.1511444858478284,-1.4876645995223858
-1.1447085932559733,-1.486180264342674
-1.1423742279926843,-1.484699196386663
-1.1390829160541174,-1.4832213780681462
-1.1367465642560035,-1.4817467919447838
-1.1341380784322124,-1.4802754207165139
-1.1334750878212156,-1.4788072472239915
-1.1316310597152686,-1.4773422544470494
-1.1293914348731615,-1.475880425503177
-1.1191024012729205,-1.4744217436460239
-1.1155705893309833,-1.4729661922639208
-1.115212114115232,-1.4715137548784212
-1.1144944210264165,-1.4700644151428643
-1.1116653329161508,-1.4686181568409555
-1.1112516026734862,-1.4671749638853684
-1.1105853175889022,-1.4657348203163623
-1.107879193399017,-1.4642977103004216
-1.1073391067533989,-1.4628636181289116
-1.1056823908728795,-1.4614325282167533
-1.102331339730236,-1.460004425101113
-1.09767569461023,-1.458579293440115
-1.0931069547309649,-1.4571571180115632
-1.0910331601407066,-1.4557378837116897
-1.0866714557396897,-1.4543215755539107
-1.082167944928582,-1.4529081786676028
-1.07997171398121,-1.4514976782968967
-1.0791044377884056,-1.4500900597994837
-1.0758614541075942,-1.448685308645439
-1.0734910645323028,-1.447283410416062
-1.0719843582713597,-1.4458843508027273
-1.0705972659483385,-1.444488115605755
-1.0661768891923376,-1.4430946907332953
-1.0623852508432559,-1.4417040622002208
-1.0576786590119664,-1.4403162161270449
-1.0544987332465519,-1.4389311387388424
-1.0441708102222007,-1.4375488163641896
-1.0409470922496054,-1.4361692354341207
-1.0398730491881953,-1.4347923824810893
-1.0366849941719014,-1.4334182441379475
-1.0349305143159568,-1.4320468071369428
-1.0333331902921004,-1.4306780583087186
-1.0278462523936485,-1.4293119845813331
-1.0264419868438333,-1.427948572979289
-1.0247242058490558,-1.4265878106225722
-1.0153785603663719,-1.425229684725711
-1.0145600444870266,-1.4238741825968377
-1.012779166969242,-1.4225212916367656
-1.0115638878051962,-1.4211709993380788
-1.0022352427582752,-1.4198232932842316
-1.0021645150867478,-1.4184781611486588
-1.0017713973747313,-1.4171355906938985
-0.9951822703986576,-1.4157955697707232
-0.9917857161108474,-1.4144580863172822
-0.9808001451459014,-1.413123128358259
-0.9801788177854944,-1.4117906840040302
-0.9796726010105522,-1.4104607414498427
-0.9774365730269547,-1.4091332889749972
-0.9683988897103878,-1.4078083149420397
-0.9653613550290456,-1.4064858077959683
-0.9643635587033261,-1.4051657560634438
-0.9615861107230096,-1.403848148352014
-0.9609353453264091,-1.4025329733493435
-0.9575702793883907,-1.4012202198224555
-0.9562198222328019,-1.3999098766169835
-0.9509550473623426,-1.3986019326564274
-0.950895972620558,-1.3972963769414222
-0.9498788212991486,-1.3959931985490144
-0.9497225477742297,-1.3946923866319474
-0.9495988703802806,-1.3933939304179535
-0.9463062657529504,-1.3920978192090567
-0.946026843643007,-1.390804042380881
-0.9427918697493559,-1.3895125893819682
-0.9418370544258874,-1.388223449733105
-0.9391279889667139,-1.3869366130266556
-0.9375728020411883,-1.3856520689259018
-0.9372437733220553,-1.3843698071643935
-0.9322437833098207,-1.3830898175453035
-0.9319883391879437,-1.3818120899407933
-0.930882879628502,-1.3805366142913824
-0.9307796423469695,-1.3792633806053267
-0.9306959613690869,-1.3779923789580035
-0.9295486283516742,-1.3767235994913052
-0.9291710184140027,-1.3754570324130373
-0.9257198498788373,-1.3741926679963246
-0.9167756264851997,-1.3729304965790243
-0.9157116462748736,-1.3716705085631453
-0.9141215385627134,-1.3704126944142736
-0.9122317486994953,-1.3691570446610055
-0.9112230878457592,-1.3679035498943863
-0.9102616111353125,-1.366652200767353
-0.907214255360107,-1.3654029879941898
-0.9060298690176202,-1.3641559023499807
-0.9020722705783019,-1.3629109346700772
-0.9017131745473038,-1.3616680758495638
-0.899236637281458,-1.3604273168427348
-0.8970370854949287,-1.3591886486625775
-0.8947949698002396,-1.3579520623802532
-0.8908412371216431,-1.356717549124596
-0.8902889861922699,-1.3554851000816046
-0.8897083549065953,-1.3542547064939512
-0.8888414699689766,-1.3530263596604852
-0.888744341742987,-1.3518000509357517
-0.8885709712015896,-1.350575771729507
-0.8884759584751954,-1.349353513506247
-0.8843998223686413,-1.3481332677847324
-0.8830559980808652,-1.3469150261375291
-0.8794682869624066,-1.345698780190542
-0.8790056559253234,-1.3444845216225643
-0.8756374157797275,-1.3432722421648253
-0.8754460940769054,-1.3420619336005446
-0.8745133793516715,-1.3408535877644914
-0.8733129503842239,-1.3396471965425496
-0.8722208728592272,-1.338442751871285
-0.8716659706124714,-1.3372402457375192
-0.8707363980139257,-1.3360396701779045
-0.8706976586138354,-1.3348410172785115
-0.8705303727483158,-1.33364427917441
-0.8685578318917129,-1.332449448049264
-0.8669448912425636,-1.3312565161349215
-0.8653674045239703,-1.330065475711021
-0.8651692124156161,-1.3288763191045894
-0.8617010251017533,-1.3276890386896514
-0.8601740121922548,-1.326503626886841
-0.858296676353057,-1.3253200761630193
-0.8575747918449053,-1.3241383790308898
-0.8534186330947483,-1.3229585280486271
-0.8520541078425352,-1.321780515819501
-0.8468211064251374,-1.3206043349915086
-0.8462300502013294,-1.3194299782570105
-0.8458769206497434,-1.3182574383523684
-0.8454649050250866,-1.3170867080575879
-0.8442142915457351,-1.3159177801959663
-0.8437943308623047,-1.31475064763374
-0.8436525533834724,-1.3135853032797393
-0.8403460766214063,-1.3124217400850458
-0.8382155755376856,-1.3112599510426504
-0.8372322389868397,-1.3100999291871205
-0.8358306469974917,-1.3089416675942647
-0.8354541875359853,-1.3077851593808032
-0.8332912400817731,-1.306630397704043
-0.8326574278820752,-1.3054773757615543
-0.8321174648275558,-1.3043260867908528
-0.829355948289238,-1.3031765240690776
-0.8262606155527276,-1.3020286809126844
-0.822921827549489,-1.300882550677132
-0.8212713941940373,-1.299738126756575
-0.8204287959096169,-1.2985954025835615
-0.8196189121119731,-1.297454371628728
-0.8187270027577149,-1.2963150274005075
-0.817873408936429,-1.2951773634448287
-0.8168206591638297,-1.294041373344826
-0.8155124952802709,-1.292907050720551
-0.8144542420907093,-1.2917743892286824
-0.8135662227492215,-1.290643382562246
-0.8129347680798178,-1.2895140244503325
-0.812384856993909,-1.288386308657818
-0.8119298826826579,-1.2872602289850883
-0.811448321850494,-1.2861357792677681
-0.8111871738487318,-1.2850129533764472
-0.809973645460824,-1.283891745216418
-0.8092027826642246,-1.282772148727403
-0.8080498198179827,-1.2816541578832992
-0.8065353235046342,-1.280537766691915
-0.8063350225211782,-1.2794229691947105
-0.8058514234851205,-1.2783097594665462
-0.805702693184955,-1.2771981316154286
-0.8053013340197788,-1.2760880797822582
-0.8038196780985405,-1.2749795981405856
-0.8025566571164716,-1.2738726808963596
-0.8010508585030617,-1.2727673222876927
-0.8002880351230983,-1.2716635165846113
-0.7985681803523204,-1.2705612580888213
-0.7973202808222304,-1.2694605411334727
-0.7971526233730004,-1.2683613600829222
-0.7963508303964287,-1.2672637093325037
-0.793343344965499,-1.2661675833082964
-0.7929175515233361,-1.2650729764668984
-0.7925440666230977,-1.2639798832952005
-0.7923110211017393,-1.2628882983101628
-0.7912575857611124,-1.2617982160585934
-0.790985879324072,-1.2607096311169284
-0.7895063130128778,-1.2596225380910149
-0.7883157441522246,-1.2585369316158959
-0.7874701842655946,-1.2574528063555954
-0.7861751567320172,-1.2563701570029093
-0.7838562830043304,-1.2552889782791938
-0.7815860871202579,-1.2542092649341599
-0.7814704318595496,-1.2531310117456638
-0.7804591548553521,-1.2520542135195085
-0.7804432708197612,-1.2509788650892368
-0.7800994718939859,-1.249904961315934
-0.7791918266567971,-1.2488324970880307
-0.7781471462203382,-1.247761467321101
-0.7759612853064379,-1.2466918669576736
-0.7758146358645087,-1.2456236909670362
-0.7757838665933766,-1.2445569343450429
-0.775655274618571,-1.2434915921139278
-0.7749380880164548,-1.2424276593221135
-0.7736945401289524,-1.2413651310440295
-0.7731849474437783,-1.2403040023799223
-0.7724822701765294,-1.2392442684556773
-0.7724750242394992,-1.238185924422634
-0.7723325361163716,-1.2371289654574098
-0.7712091821089491,-1.2360733867617169
-0.770578786593612,-1.235019183562192
-0.7692673196766292,-1.2339663511102166
-0.7672689531759094,-1.2329148846817461
-0.7668023512003287,-1.2318647795771371
-0.7657230109031279,-1.2308160311209775
-0.7584828999653432,-1.2297686346619154
-0.7580862428173991,-1.2287225855724966
-0.7579147867526419,-1.2276778792489944
-0.7576901768928503,-1.226634511111245
-0.7574060169555438,-1.2255924766024888
-0.7565122367635628,-1.2245517711892036
-0.7556491297534262,-1.2235123903609484
-0.7548855392439218,-1.2224743296302012
-0.7545873068202426,-1.2214375845322052
-0.753449733974578,-1.2204021506248097
-0.7531209591531669,-1.2193680234883169
-0.7530056827098608,-1.2183351987253277
-0.7490715844226276,-1.2173036719605899
-0.7434976277588167,-1.216273438840847
-0.7424935813292418,-1.2152444950346915
-0.7416976124969042,-1.2142168362324102
-0.7413167186161779,-1.2131904581458457
-0.7408564501593033,-1.2121653565082433
-0.7404716479151225,-1.2111415270741115
-0.7392786337644441,-1.210118965619075
-0.737044409979733,-1.2090976679397354
-0.7365627369204035,-1.2080776298535296
-0.7353549681785224,-1.2070588471985908
-0.73242715179171,-1.2060413158336059
-0.7316651282716327,-1.2050250316376852
-0.7305896759056686,-1.2040099905102206
-0.7287212227436997,-1.202996188370753
-0.7285876973363793,-1.2019836211588384
-0.7257448666721,-1.2009722848339126
-0.7243908002406224,-1.199962175375164
-0.7218632742307431,-1.1989532887813992
-0.7205587001500433,-1.1979456210709158
-0.7187860915501509,-1.1969391682813717
-0.7182240194723818,-1.1959339264696607
-0.7178708331333288,-1.1949298917117839
-0.7137850079284015,-1.193927060102724
-0.7131747825741456,-1.1929254277563244
-0.7122571421554958,-1.191924990805163
-0.7115136834773581,-1.19092574540043
-0.7114622711001808,-1.1899276877118088
-0.7114383529574169,-1.1889308139273533
-0.7103356949109827,-1.1879351202533712
-0.7096747292241207,-1.186940602914303
-0.7084526923327137,-1.1859472581526074
-0.7038897003193859,-1.1849550822286437
-0.7008762666067951,-1.1839640714205557
-0.6998647052321413,-1.1829742220241581
-0.6990612778300231,-1.1819855303528244
-0.6972656105312703,-1.1809979927373702
-0.6918388036515564,-1.1800116055259449
-0.6917848395924024,-1.1790263650839223
-0.6908737320081311,-1.178042267793785
-0.6902744261916792,-1.177059310055021
-0.6880825285971577,-1.1760774882840135
-0.6856947826772614,-1.1750967989139303
-0.6841573599339407,-1.1741172383946243
-0.6839491256986956,-1.173138803192523
-0.6782337159213655,-1.1721614897905224
-0.6747747486708119,-1.1711852946878887
-0.6747546760760935,-1.1702102144001498
-0.6732376214887921,-1.169236245458997
-0.6705080302461235,-1.1682633844121797
-0.6670192355011468,-1.1672916278234082
-0.666695389643667,-1.1663209722722514
-0.6666772883331008,-1.1653514143540402
-0.6651968688894422,-1.1643829506797645
-0.6644328567328075,-1.1634155778759827
-0.6606007806763883,-1.1624492925847176
-0.6602155854694692,-1.1614840914633655
-0.659621634449998,-1.1605199711845995
-0.6562632796238674,-1.159556928436273
-0.6552586846478272,-1.158594959921329
-0.6545595954696121,-1.1576340623577037
-0.6538785288997903,-1.156674232478239
-0.6533999340282346,-1.1557154670305847
-0.651179906501445,-1.1547577627771122
-0.6505399690726088,-1.1538011164948228
-0.6497963357920155,-1.1528455249752574
-0.6492704773411635,-1.1518909850244083
-0.6484488124695899,-1.150937493462632
-0.6452804652851973,-1.1499850471245614
-0.644693629522592,-1.1490336428590164
-0.6435858515186093,-1.1480832775289196
-0.6407163579117573,-1.1471339480112128
-0.6400969218876026,-1.1461856511967694
-0.6400270923663711,-1.1452383839903106
-0.6395162289806178,-1.1442921433103233
-0.6379728020933949,-1.1433469260889737
-0.6375131364271881,-1.1424027292720313
-0.637173207412496,-1.1414595498187796
-0.6364861646034601,-1.1405173847019419
-0.6356349533259664,-1.1395762309075943
-0.6300475824042587,-1.1386360854350923
-0.6299430007351307,-1.1376969452969874
-0.629075890553714,-1.1367588075189485
-0.626648532899328,-1.1358216691396863
-0.6251482105497738,-1.1348855272108742
-0.6249613648733193,-1.133950378797071
-0.6151709183760254,-1.1330162209756456
-0.6121441552277979,-1.1320830508366995
-0.6118822314588651,-1.1311508654829954
-0.610746021356889,-1.130219662029878
-0.610737650149267,-1.1292894376052014
-0.6103873619089647,-1.128360189349259
-0.6091733549245898,-1.1274319144147043
-0.6077624737788431,-1.1265046099664837
-0.6052581723804074,-1.1255782731817614
-0.6051979921496397,-1.12465290124985
-0.605024903042193,-1.1237284913721386
-0.6044560887692552,-1.1228050407620227
-0.603006378994218,-1.1218825466448341
-0.6023503781644186,-1.1209610062577713
-0.6016766485290471,-1.120040416849832
-0.6012881858766679,-1.1191207756817434
-0.601010137155224,-1.118202080025895
-0.6009698036795297,-1.1172843271662705
-0.599118296937986,-1.116367514398383
-0.5991022990981774,-1.1154516390292062
-0.5983974647458684,-1.1145366983771088
-0.598360176424873,-1.113622689771792
-0.5979641909080463,-1.1127096105542207
-0.5974004061103273,-1.1117974580765602
-0.5969616487284899,-1.1108862297021145
-0.5961715706305286,-1.1099759228052606
-0.5953380891726938,-1.1090665347713835
-0.5942634421610408,-1.1081580629968182
-0.5937556017598277,-1.107250504888785
-0.5937474640793371,-1.106343857865327
-0.5936349966829644,-1.1054381193552496
-0.5891521273946762,-1.104533286798061
-0.5891521255994064,-1.1036293576439087
-0.5874764470391425,-1.1027263293535223
-0.5873319333698159,-1.101824199398152
-0.5868509297175131,-1.1009229652595116
-0.5862238167221122,-1.1000226244297182
-0.5854274346966083,-1.0991231744112329
-0.5851745334656887,-1.0982246127168045
-0.585155229223534,-1.0973269368694123
-0.5844444614735292,-1.0964301444022084
-0.5837434552510058,-1.0955342328584592
-0.5825403063697988,-1.0946391997914922
-0.5821607605689114,-1.0937450427646382
-0.5811876852575133,-1.0928517593511766
-0.5805806575808499,-1.0919593471342786
-0.5798736489997737,-1.091067803706955
-0.5795857990127825,-1.0901771266719988
-0.579058951371879,-1.0892873136419365
-0.577472851739394,-1.088398362238966
-0.5770336900597843,-1.0875102700949117
-0.5764591050828284,-1.0866230348511665
-0.5759723787402796,-1.085736654158642
-0.5757384055382231,-1.0848511256777142
-0.5748608801491735,-1.0839664470781734
-0.5744524778331486,-1.083082616039172
-0.5732403369820326,-1.0821996302491728
-0.5720145546467943,-1.0813174874059
-0.5717713934217166,-1.0804361852162878
-0.5693153740948146,-1.0795557213964286
-0.5688538702746119,-1.078676093671527
-0.5685684425654115,-1.0777972997758472
-0.5682865488686474,-1.076919337452666
-0.5677240598771953,-1.0760422044542224
-0.5676576872049409,-1.075165898541671
-0.5671381761143989,-1.0742904174850323
-0.5666753657881097,-1.073415759063147
-0.5661941147908133,-1.0725419210636253
-0.5654819560650794,-1.071668901282804
-0.565126537077407,-1.0707966975256964
-0.5641665652855793,-1.0699253076059478
-0.5635657498574766,-1.0690547293457875
-0.5627899120693418,-1.0681849605759857
-0.5624492756529605,-1.0673159991358048
-0.561747202023995,-1.0664478428729571
-0.5593406908636842,-1.0655804896435583
-0.5579889634244102,-1.0647139373120826
-0.5579420572559484,-1.0638481837513196
-0.556397786893758,-1.0629832268423296
-0.5558512920304323,-1.0621190644743992
-0.555606399668345,-1.0612556945449996
-0.5544589133115748,-1.060393114959742
-0.5522809009400234,-1.0595313236323354
-0.5521145903630985,-1.0586703184845436
-0.5520679700635793,-1.0578100974461428
-0.5518541415659716,-1.0569506584548813
-0.5515910684712215,-1.0560919994564344
-0.5510723172864025,-1.0552341184043663
-0.5510133072731648,-1.054377013260087
-0.5491839071980709,-1.053520681992812
-0.5490128250679944,-1.0526651225795218
-0.5482293240515964,-1.0518103330049204
-0.547214347049346,-1.0509563112613973
-0.5470527173323811,-1.050103055348985
-0.5456760436944548,-1.0492505632753222
-0.5434519155718145,-1.0483988330556113
-0.5410209993836184,-1.0475478627125827
-0.5396244656582995,-1.0466976502764533
-0.5391933938093245,-1.0458481937848887
-0.5390001300206488,-1.0449994912829654
-0.5376048809489213,-1.0441515408231339
-0.5375742105885813,-1.0433043404651758
-0.5375683161513607,-1.0424578882761728
-0.5375450187367528,-1.0416121823304652
-0.5359597489818079,-1.0407672207096161
-0.5349195696141849,-1.0399230015023735
-0.5347779944222708,-1.0390795228046357
-0.5327893202750618,-1.038236782719412
-0.5314918846728989,-1.03739477935679
-0.5306247954435009,-1.0365535108338966
-0.5293315176171244,-1.0357129752748633
-0.5292292168416245,-1.0348731708107919
-0.5285955672103523,-1.0340340955797176
-0.5285545606052188,-1.0331957477265747
-0.5279679523646423,-1.0323581254031622
-0.526390471722243,-1.031521226768107
-0.5247779443269038,-1.0306850499868336
-0.5236748563450191,-1.0298495932315261
-0.5219232404324802,-1.029014854681096
-0.5217180327380838,-1.028180832521148
-0.5213067761393806,-1.0273475249439465
-0.5196647688655444,-1.0265149301483842
-0.5188797140544722,-1.0256830463399442
-0.5180032653068128,-1.0248518717306734
-0.5173000466578086,-1.0240214045391445
-0.5172138455440636,-1.0231916429904258
-0.5166038644347468,-1.0223625853160496
-0.5154452826875142,-1.0215342297539782
-0.5136643746569469,-1.0207065745485748
-0.5134821676948337,-1.0198796179505683
-0.5133356257300221,-1.0190533582170243
-0.5116952183408963,-1.0182277936113133
-0.5112014958544822,-1.0174029224030794
-0.5110175467974305,-1.0165787428682094
-0.5106338841855935,-1.0157552532888023
-0.5098591876008188,-1.0149324519531382
-0.5096546334566753,-1.0141103371556488
-0.5094750901636456,-1.0132889071968865
-0.5094344709905378,-1.0124681603834955
-0.509288736572261,-1.0116480950281805
-0.5087121714211688,-1.010828709449679
-0.5085337650712847,-1.0100100019727292
-0.5081802035387,-1.0091919709280437
-0.5080057744089257,-1.0083746146522792
-0.5043489862913834,-1.0075579314880063
-0.503395669463265,-1.0067419197836838
-0.503075290135826,-1.0059265778936273
-0.5021427619216201,-1.0051119041779817
-0.5020952161839516,-1.004297897002695
-0.5018160152867646,-1.0034845547394864
-0.5017901770572935,-1.0026718757658226
-0.5006218939541841,-1.001859858464887
-0.4978211002651333,-1.0010485012255546
-0.49749851850181565,-1.0002378024423615
-0.49633049276600594,-0.9994277605154815
-0.49423482319643086,-0.9986183738506973
-0.4936372594579803,-0.9978096408593718
-0.4900072655626842,-0.9970015599584255
-0.48992988651993613,-0.9961941295703068
-0.48912218552169223,-0.9953873481229659
-0.4891185552496188,-0.9945812140498308
-0.4826706309562022,-0.9937757257897782
-0.4824745715548841,-0.9929708817871102
-0.48118540237676316,-0.992166680491527
-0.4805573887722888,-0.9913631203581017
-0.47988604177113175,-0.9905601998472557
-0.4794450144179996,-0.9897579174247315
-0.47863608665088203,-0.9889562715615702
-0.4764110223086409,-0.9881552607340837
-0.4753921768796786,-0.987354883423832
-0.4730469212871454,-0.9865551381175977
-0.4729119067924226,-0.9857560233073609
-0.47252509086698896,-0.9849575374902767
-0.4725077751221436,-0.9841596791686481
-0.47218972467572595,-0.9833624468499045
-0.47209753375084423,-0.9825658390465762
-0.47195726638414154,-0.9817698542762711
-0.471937833733243,-0.9809744910616514
-0.4712516363324329,-0.9801797479304081
-0.4682899822280511,-0.9793856234152412
-0.4673451312156427,-0.9785921160538328
-0.46587527478027063,-0.9777992243888255
-0.4655216260447405,-0.9770069469678007
-0.46186537865432,-0.976215282343252
-0.4612025487139276,-0.9754242290725672
-0.4610432082920084,-0.9746337857180022
-0.45941310362433985,-0.9738439508466592
-0.4593869772822842,-0.9730547230304661
-0.45791104441767594,-0.9722661008461515
-0.45776204208445803,-0.9714780828752256
-0.45764213176427193,-0.9706906677039548
-0.45634505074338866,-0.969903853923344
-0.45564785781038697,-0.9691176401291111
-0.45449621982212113,-0.9683320249216671
-0.45288071380341927,-0.9675470069060957
-0.45102703786549386,-0.9667625846921294
-0.4501857220391229,-0.9659787568941306
-0.44861574657661857,-0.9651955221310689
-0.44704800854795196,-0.9644128790265011
-0.44562487328907063,-0.9636308262085509
-0.4448134420509367,-0.9628493623098855
-0.4443532484791171,-0.9620684859676983
-0.44312240831145533,-0.9612881958236864
-0.4430374845366978,-0.9605084905240306
-0.4421209579225132,-0.9597293687193756
-0.44090039500028966,-0.9589508290648087
-0.4407448802140916,-0.9581728702198418
-0.4405898795712487,-0.9573954908483888
-0.4404216365171188,-0.9566186896187486
-0.44038305042725256,-0.955842465203583
-0.440232505218693,-0.9550668162798983
-0.44003564378911336,-0.9542917415290267
-0.4396157843129933,-0.953517239636604
-0.4389729893864778,-0.9527433092925538
-0.4384967768125599,-0.9519699491910656
-0.43799227119326967,-0.9511971580305779
-0.4375917226498488,-0.9504249345137581
-0.4368521485065185,-0.9496532773474831
-0.43609066474575253,-0.9488821852428218
-0.43606401508419723,-0.9481116569150164
-0.4358957196907404,-0.9473416910834626
-0.4347050289110626,-0.9465722864716927
-0.43427859617051634,-0.9458034418073562
-0.43407966452063723,-0.9450351558222023
-0.4335810403701167,-0.9442674272520617
-0.4325488997094983,-0.9435002548368279
-0.4312467046264229,-0.9427336373204399
-0.4307043055894821,-0.9419675734508645
-0.4299300788074238,-0.9412020619800787
-0.4294104788938742,-0.94043710166405
-0.4285005611276932,-0.9396726912627231
-0.4280876124616517,-0.9389088295399983
-0.427342888320182,-0.938145515263716
-0.4261526759508842,-0.9373827472056405
-0.4252439514523404,-0.9366205241414399
-0.42456575783110523,-0.9358588448506722
-0.42447544536361853,-0.9350977081167667
-0.42316536125056897,-0.9343371127270073
-0.4222055491951278,-0.9335770574725155
-0.42085427229794126,-0.9328175411482346
-0.4196338006285262,-0.9320585625529126
-0.4184933162047074,-0.9313001204890858
-0.4175988768100974,-0.9305422137630619
-0.41677474801639064,-0.9297848411849042
-0.4165308556136291,-0.929028001568415
-0.41614265122905103,-0.928271693731121
-0.4160058275625833,-0.927515916494254
-0.41320308153759383,-0.9267606686827385
-0.41290991094427326,-0.926005949125174
-0.4121314103299609,-0.925251756653818
-0.4114052143620763,-0.9244980901045742
-0.41120733484033317,-0.9237449483169718
-0.4108023561778053,-0.9229923301341546
-0.41007484572712904,-0.9222402344028625
-0.4099927478980228,-0.921488659973417
-0.4095995843941701,-0.920737605699707
-0.409380551536367,-0.9199870704391709
-0.4086893427869968,-0.9192370530527855
-0.4080512568794034,-0.9184875524050466
-0.40800357999403536,-0.9177385673639574
-0.40795728412872584,-0.9169900968010115
-0.4061599482483671,-0.9162421395911791
-0.40608112883055497,-0.9154946946128927
-0.4057346540066641,-0.9147477607480302
-0.40517525715838376,-0.9140013368819041
-0.40457866736669545,-0.9132554219032432
-0.4042592391325145,-0.9125100147041801
-0.4037820091311502,-0.9117651141802375
-0.40258672943262375,-0.9110207192303115
-0.40158017693701115,-0.9102768287566602
-0.40151815861305695,-0.9095334416648874
-0.4008866044784385,-0.90879055686393
-0.39854791068385254,-0.9080481732660437
-0.39843011209947105,-0.9073062897867877
-0.39773302908061875,-0.9065649053450134
-0.39752987928560146,-0.9058240188628485
-0.3972948743779356,-0.9050836292656845
-0.39615556005443747,-0.9043437354821624
-0.3940751135548163,-0.9036043364441595
-0.39393627456539937,-0.9028654310867766
-0.39305719381549725,-0.902127018348323
-0.3921839862576264,-0.9013890971703041
-0.39196931538643287,-0.9006516664974091
-0.39178554162693585,-0.8999147252774957
-0.3902192681458192,-0.8991782724615791
-0.39001756539634713,-0.898442307003817
-0.3897149331853153,-0.8977068278614986
-0.38965583621992106,-0.8969718339950298
-0.3890338918341084,-0.8962373243679215
-0.38885487186901785,-0.8955032979467772
-0.38761133394798447,-0.8947697537012782
-0.38683088099287266,-0.8940366906041737
-0.3867889317399801,-0.8933041076312663
-0.38575229170409925,-0.8925720037614
-0.3847211265596839,-0.8918403779764479
-0.38266700133888176,-0.8911092292612995
-0.382658705488268,-0.8903785566038493
-0.3823866745191176,-0.8896483589949827
-0.3823365557246468,-0.8889186354285656
-0.3818943199730049,-0.8881893849014316
-0.38100300339087806,-0.8874606064133692
-0.38090712155221146,-0.8867322989671116
-0.3806414654561822,-0.8860044615683219
-0.38008413306907574,-0.8852770932255848
-0.3790340207598858,-0.8845501929503914
-0.3773616702105429,-0.8838237597571296
-0.37716130285489113,-0.8830977926630716
-0.3771350747421841,-0.8823722906883618
-0.37698376695725105,-0.8816472528560062
-0.3755063346326163,-0.8809226781918605
-0.374083191512141,-0.880198565724618
-0.3740372936169105,-0.8794749144857986
-0.37329215098069507,-0.8787517235097378
-0.37306025207712434,-0.878028991833576
-0.3721107500013826,-0.8773067184972436
-0.3718897259952636,-0.8765849025434556
-0.3714032834768973,-0.8758635430176954
-0.3709208151332365,-0.8751426389682065
-0.3708948327564031,-0.874422189445981
-0.370624481896408,-0.8737021935047469
-0.3704638304991384,-0.8729826502009602
-0.3702808548611602,-0.8722635585937915
-0.3701346920423977,-0.8715449177451161
-0.36979935402214276,-0.870826726719504
-0.3676083775411986,-0.8701089845842072
-0.3672810190475666,-0.8693916904091515
-0.36699352092590865,-0.8686748432669241
-0.3669537323209811,-0.8679584422327637
-0.3662855492535317,-0.86724248638455
-0.36369774910389074,-0.8665269748027932
-0.3634242260588746,-0.8658119065706239
-0.36335736475302144,-0.8650972807737816
-0.36298453582426515,-0.8643830965006067
-0.360088006702312,-0.863669352842028
-0.3600723182487314,-0.8629560488915529
-0.3595373542751856,-0.8622431837452592
-0.35886041398382923,-0.8615307565017822
-0.3579154359695388,-0.8608187662623068
-0.3566496740965309,-0.8601072121305565
-0.35475002799805044,-0.8593960932127834
-0.35452559006905393,-0.8586854086177597
-0.35308699111325165,-0.857975157456765
-0.352588243939012,-0.85726533884358
-0.3517456896194895,-0.8565559518944741
-0.3513925582133603,-0.8558469957281968
-0.3499679761820942,-0.8551384694659683
-0.3498937184464886,-0.8544303722314684
-0.34948628222657874,-0.8537227031508299
-0.3490803664167583,-0.8530154613526248
-0.3490206136344039,-0.8523086459678595
-0.348698267374136,-0.8516022561299619
-0.34864433179387566,-0.8508962909747734
-0.3484011953888393,-0.85019074964054
-0.3479699171329337,-0.8494856312679013
-0.3478842229065024,-0.8487809349998839
-0.3468249143999745,-0.8480766599818897
-0.3453967989576167,-0.8473728053616879
-0.34537521524696796,-0.8466693702894065
-0.34490849114670596,-0.845966353917521
-0.34382524400575215,-0.8452637554008486
-0.3437107613358758,-0.8445615738965365
-0.3425276139960779,-0.8438598085640544
-0.34133323960478656,-0.8431584585651847
-0.34001487977606126,-0.8424575230640143
-0.33933061384825647,-0.8417570012269265
-0.3391470687678697,-0.8410568922225905
-0.3381171007079562,-0.8403571952219536
-0.33771670001484794,-0.8396579093982327
-0.3369742471600251,-0.8389590339269052
-0.336703485301983,-0.8382605679857016
-0.33603163718552337,-0.8375625107545944
-0.3358190571442547,-0.8368648614157926
-0.33499182971815056,-0.8361676191537311
-0.3321280320991261,-0.8354707831550631
-0.3319879083736026,-0.834774352608652
-0.33055489614470285,-0.8340783267055615
-0.33043338561155866,-0.8333827046390498
-0.33032172780812274,-0.8326874856045593
-0.3300996549201081,-0.8319926687997086
-0.32997867241010354,-0.8312982534242852
-0.32984906749597687,-0.8306042386802367
-0.329506430993002,-0.8299106237716632
-0.3295014529456998,-0.8292174079048082
-0.328845864735812,-0.8285245902880517
-0.3288245189243242,-0.8278321701319011
-0.3285615360324667,-0.8271401466489843
-0.3283880164398811,-0.8264485190540416
-0.32772439747541,-0.8257572865639162
-0.32710116612997653,-0.8250664483975492
-0.32680643070437976,-0.8243760037759692
-0.32584183744329875,-0.8236859519222856
-0.325693813538523,-0.8229962920616815
-0.32544884721704115,-0.8223070234214037
-0.3247784372323199,-0.8216181452307587
-0.3246219883744275,-0.8209296567211011
-0.32453476749737387,-0.8202415571258287
-0.32345950133216367,-0.8195538456803739
-0.3229548986557658,-0.8188665216221961
-0.32288619394237805,-0.8181795841907751
-0.3226399543127041,-0.817493032627602
-0.32060511102332717,-0.8168068661761734
-0.3204586367789167,-0.8161210840819831
-0.32008876743878206,-0.8154356855925148
-0.31907992933741325,-0.8147506699572353
-0.3181904153276482,-0.8140660364275861
-0.3178059276832471,-0.8133817842569778
-0.3171458920422996,-0.8126979127007815
-0.3169616209371324,-0.8120144210163216
-0.31557910008975637,-0.81133130846287
-0.3155655068657633,-0.8106485743016371
-0.3149002764594317,-0.8099662177957663
-0.31391047467876804,-0.8092842382103259
-0.31311492090609483,-0.8086026348123025
-0.3130269160911749,-0.8079214068705945
-0.31133809755847136,-0.8072405536560033
-0.3098318438259031,-0.806560074441229
-0.3087881277394978,-0.8058799685008614
-0.30875561825016656,-0.8052002351113737
-0.30794893744716084,-0.8045208735511162
-0.3078312333878883,-0.803841883100309
-0.3074830257065325,-0.8031632630410355
-0.3068095745800485,-0.8024850126572347
-0.30679202347186824,-0.801807131234696
-0.3066258421004859,-0.8011296180610514
-0.30606680424285054,-0.8004524724257692
-0.3054524015689972,-0.7997756936201479
-0.305068955200466,-0.7990992809373079
-0.30487259467187494,-0.7984232336721869
-0.3045170710826063,-0.7977475511215326
-0.30428311890184384,-0.7970722325838954
-0.3035511368243841,-0.7963972773596237
-0.3034882626519149,-0.7957226847508552
-0.3034544271710924,-0.7950484540615126
-0.30317279929681346,-0.7943745845972959
-0.3029558527359995,-0.7937010756656762
-0.30238218264905015,-0.7930279265758899
-0.3021694893706737,-0.7923551366389315
-0.30133329196912423,-0.791682705167549
-0.3003549183584404,-0.791010631476235
-0.300059717803387,-0.790338914881223
-0.29960187150423134,-0.78966755470048
-0.29940091343024294,-0.7889965502536999
-0.2993289587883141,-0.788325900862299
-0.2990352688732546,-0.7876556058494079
-0.29887308231614373,-0.7869856645398668
-0.29884107085219475,-0.786316076260219
-0.2980850001853552,-0.7856468403387044
-0.29787011985222883,-0.7849779561052548
-0.2976249294080647,-0.784309422891486
-0.29751835514520014,-0.7836412400306937
-0.2973563071338602,-0.7829734068578462
-0.2963123871123112,-0.7823059227095797
-0.29594448394922057,-0.7816387869241909
-0.29443597824076784,-0.7809719988416327
-0.29282997193584576,-0.7803055578035079
-0.2923415175975146,-0.779639463153062
-0.29176876530643625,-0.7789737142351799
-0.2917679884393393,-0.7783083103963785
-0.29103989901788235,-0.7776432509848007
-0.29028826690871956,-0.7769785353502114
-0.28977655937195723,-0.7763141628439896
-0.2896850113362208,-0.775650132819125
-0.28963626279612964,-0.7749864446302102
-0.28927808695014295,-0.774323097633437
-0.2891773537092929,-0.7736600911865901
-0.28691738595155786,-0.7729974246490402
-0.28649942461000605,-0.7723350973817412
-0.28558262137136664,-0.7716731087472225
-0.28503259050136726,-0.7710114581095839
-0.28486433396964994,-0.7703501448344912
-0.28454470139474136,-0.7696891682891694
-0.284181577256493,-0.7690285278423985
-0.28219849083765364,-0.7683682228645068
-0.28196447707081723,-0.7677082527273669
-0.28136698316084197,-0.7670486168043892
-0.280498644508647,-0.7663893144705176
-0.2789352735515807,-0.7657303451022236
-0.27880495465318766,-0.7650717080775002
-0.27780646569709916,-0.7644134027758593
-0.27775981027356295,-0.7637554285783232
-0.27767703665160565,-0.7630977848674216
-0.2771513414857033,-0.762440471027186
-0.27643744657979524,-0.7617834864431434
-0.2757181429245679,-0.7611268305023133
-0.2745108950975054,-0.7604705025932001
-0.27423919391778856,-0.75981450210579
-0.2741337482400193,-0.7591588284315451
-0.273634108844208,-0.7585034809633979
-0.27355269634412044,-0.7578484590957476
-0.27168220226152473,-0.7571937622244532
-0.2712728867918969,-0.756539389746831
-0.271266714831921,-0.7558853410616467
-0.27123902147524115,-0.7552316155691129
-0.27095239383377523,-0.7545782126708832
-0.2704702676874512,-0.7539251317700468
-0.2703114291184231,-0.753272372271125
-0.2692522058844816,-0.7526199335800645
-0.2684656629678029,-0.7519678151042339
-0.26811043357772696,-0.7513160162524196
-0.26771284374790516,-0.7506645364348179
-0.26725817475393815,-0.7500133750630339
-0.26716869296757095,-0.7493625315500744
-0.26658416915663974,-0.7487120053103438
-0.2653821719531366,-0.7480617957596395
-0.2648297156161469,-0.7474119023151472
-0.26406604762209196,-0.7467623243954364
-0.26365150183561664,-0.7461130614204544
-0.2627896187350493,-0.7454641128115241
-0.26173843565917737,-0.7448154779913373
-0.2610874907052843,-0.7441671563839503
-0.2594645570515975,-0.7435191474147811
-0.25896796375732667,-0.7428714505106021
-0.25855067533260206,-0.7422240650995381
-0.258104130895809,-0.7415769906110601
-0.2572010250476596,-0.7409302264759813
-0.25597488040762323,-0.7402837721264534
-0.25595855804892664,-0.7396376269959601
-0.2558085792919945,-0.7389917905193152
-0.2555949481560112,-0.7383462621326562
-0.254779477982145,-0.7377010412734409
-0.25421437259898816,-0.7370561273804425
-0.2538373039198753,-0.7364115198937449
-0.2536869695204713,-0.7357672182547401
-0.25347009933816067,-0.7351232219061217
-0.25259332042039045,-0.7344795302918814
-0.25211529859817905,-0.7338361428573053
-0.2519296942758705,-0.7331930590489681
-0.25005244317849573,-0.7325502783147315
-0.24962155495417598,-0.7319078001037365
-0.2484996968991844,-0.7312656238664017
-0.2484821054091999,-0.7306237490544182
-0.24760862009580645,-0.7299821751207454
-0.24747742584964805,-0.7293409015196072
-0.24722703591092549,-0.7286999277064867
-0.2470349570644127,-0.728059253138124
-0.24669541028109762,-0.72741887727251
-0.24606322347349763,-0.7267787995688837
-0.24535599888317544,-0.7261390194877272
-0.24468218458856036,-0.7254995364907623
-0.24445650315039433,-0.7248603500409464
-0.24432566857753601,-0.7242214596024678
-0.24421216919738864,-0.7235828646407422
-0.24370241302070747,-0.7229445646224083
-0.24352085064229215,-0.7223065590153245
-0.24330689290020271,-0.7216688472885642
-0.24306993694397727,-0.7210314289124119
-0.2428672727346762,-0.7203943033583597
-0.2423333054337224,-0.7197574700991033
-0.24230939197901227,-0.7191209286085372
-0.2414523090058131,-0.7184846783617521
-0.24076850287081378,-0.7178487188350297
-0.24071503318541107,-0.7172130495058404
-0.24055825379574064,-0.7165776698528377
-0.24023014921806254,-0.7159425793558554
-0.23945139858761563,-0.7153077774959041
-0.2386887141900543,-0.7146732637551658
-0.23839537859081017,-0.7140390376169923
-0.23775297684599658,-0.7134050985658993
-0.23727852032826244,-0.7127714460875642
-0.23725627863271803,-0.7121380796688214
-0.23689664485960385,-0.7115049987976589
-0.23554696330564,-0.7108722029632152
-0.2352597296491147,-0.7102396916557735
-0.2348604184142411,-0.7096074643667614
-0.23459691261147608,-0.7089755205887438
-0.23435240763642415,-0.7083438598154211
-0.23415565340627087,-0.7077124815416261
-0.23285619502792695,-0.7070813852633178
-0.2326579747520341,-0.7064505704775806
-0.23218988455254372,-0.7058200366826192
-0.2319921864675464,-0.7051897833777553
-0.2306049094643059,-0.7045598100634243
-0.22971661092842108,-0.7039301162411706
-0.22955262221284942,-0.7033007014136463
-0.2289946500261826,-0.7026715650846052
-0.22893379256203877,-0.7020427067589005
-0.22884279688888198,-0.7014141259424818
-0.22843502969610271,-0.7007858221423903
-0.2278134391743143,-0.7001577948667564
-0.22766003787032155,-0.6995300436247954
-0.22740615928647814,-0.698902567926805
-0.22532102542703578,-0.6982753672841608
-0.22502757142832508,-0.6976484412093137
-0.22501662985662263,-0.6970217892157866
-0.22493189234367914,-0.6963954108181692
-0.22491957509799995,-0.6957693055321178
-0.2243925548246759,-0.6951434728743487
-0.22432754286593326,-0.694517912362637
-0.22432754286592746,-0.6938926235158124
-0.224150240332596,-0.6932676058537557
-0.2240840294276158,-0.6926428588973961
-0.2237066203448018,-0.6920183821687074
-0.22161908387946155,-0.691394175190705
-0.22160035533234154,-0.6907702374874423
-0.22108538393830768,-0.6901465685840072
-0.22022159972070687,-0.6895231680065208
-0.2196967960487564,-0.6889000352821305
-0.2194021572623346,-0.6882771699390104
-0.21937765140446827,-0.6876545715063562
-0.21936086443072386,-0.6870322395143819
-0.2193493919972661,-0.6864101734943175
-0.21869660637295887,-0.6857883729784052
-0.21629640779004486,-0.6851668374998967
-0.21612432187419245,-0.6845455665930491
-0.21594402471457583,-0.6839245597931228
-0.2156004246599411,-0.6833038166363787
-0.21557291178826582,-0.6826833366600725
-0.21546281666681033,-0.6820631194024555
-0.2151164491856909,-0.6814431644027679
-0.21504786701394424,-0.680823471201238
-0.21471444222497843,-0.6802040393390781
-0.21456030091577488,-0.6795848683584819
-0.21398950830939314,-0.6789659578026216
-0.21372417194372373,-0.6783473072156434
-0.21370905666064566,-0.6777289161426667
-0.21330795035201372,-0.6771107841297795
-0.2130996067700752,-0.676492910724036
-0.21306191863484777,-0.6758752954734537
-0.21266471240283835,-0.6752579379270095
-0.2123148479113658,-0.6746408376346383
-0.21114147742356695,-0.6740239941472287
-0.2107887439221174,-0.6734074070166204
-0.21068851748393988,-0.6727910757956018
-0.21036790904026717,-0.6721750000379064
-0.209463717787163,-0.6715591792982103
-0.20945926068315285,-0.670943613132129
-0.2093899996938699,-0.6703283010962147
-0.20923007856899917,-0.6697132427479535
-0.2091331514850263,-0.6690984376457624
-0.2087197977414334,-0.6684838853489862
-0.20851063074391127,-0.6678695854178949
-0.2082348020478024,-0.6672555374136814
-0.20797133505763352,-0.6666417408984576
-0.20755367293335492,-0.6660281954352522
-0.2073107325357211,-0.665414900588008
-0.20643058370768672,-0.6648018559215786
-0.2059084434787314,-0.6641890610017263
-0.20557286479401063,-0.6635765153951189
-0.20547850755601207,-0.6629642186693265
-0.20487482650286906,-0.6623521703928199
-0.2048608552924197,-0.6617403701349668
-0.2046659023328897,-0.6611288174660294
-0.20452583161823681,-0.6605175119571621
-0.20399400394979536,-0.6599064531804083
-0.2039085403650312,-0.6592956407086974
-0.20373530897083908,-0.6586850741158431
-0.20370259991158582,-0.65807475297654
-0.20289404982381784,-0.6574646768663603
-0.2023161856309108,-0.6568548453617532
-0.2022551516656886,-0.6562452580400404
-0.20204583208880084,-0.6556359144794136
-0.20188774994985278,-0.6550268142589327
-0.2018083462267588,-0.6544179569585226
-0.19970288670083564,-0.653809342158971
-0.19853302596112007,-0.6532009694419252
-0.19812891487445944,-0.65259283838989
-0.19790515634356248,-0.6519849485862249
-0.1978762886123629,-0.6513772996151416
-0.1974061570209705,-0.6507698910617011
-0.19737002825195973,-0.6501627225118124
-0.19684579234066338,-0.6495557935522279
-0.19654455485083036,-0.6489491037705427
-0.19527653296905007,-0.6483426527551909
-0.19523962393001154,-0.6477364400954438
-0.19480748177907856,-0.6471304653814067
-0.19413518753918324,-0.6465247282040176
-0.19394005884464935,-0.6459192281550431
-0.1935346510463094,-0.6453139648270773
-0.1933478502781601,-0.6447089378135382
-0.19256245599517308,-0.6441041467086662
-0.1921745275004499,-0.6434995911075214
-0.1916781184902081,-0.6428952706059805
-0.19148292387137938,-0.6422911848007353
-0.19089240604145014,-0.6416873332892892
-0.19031751291818289,-0.6410837156699564
-0.18934403714517697,-0.6404803315418575
-0.18927043317243797,-0.6398771805049187
-0.18924095976777133,-0.6392742621598686
-0.18904693694828503,-0.6386715761082359
-0.18904693656594823,-0.638069121952347
-0.18895885594699244,-0.6374668992953246
-0.18773940114128837,-0.6368649077410835
-0.1865049617281889,-0.63626314689433
-0.18650438452157933,-0.6356616163605581
-0.18474211597644002,-0.6350603157460484
-0.1845818194103155,-0.6344592446578651
-0.18430242262831104,-0.633858402703854
-0.18423999420258882,-0.6332577894926397
-0.18399444956340394,-0.6326574046336239
-0.18363754191413645,-0.6320572477369827
-0.1835450472403787,-0.6314573184136643
-0.1834914740506274,-0.6308576162753873
-0.1828454662429331,-0.6302581409346377
-0.1827735374712998,-0.629658892004667
-0.1825356759676755,-0.6290598690994897
-0.18233479329646973,-0.6284610718338817
-0.1819132429917843,-0.627862499823377
-0.18187112409727205,-0.627264152684267
-0.18148581687850188,-0.6266660300335964
-0.17968092717674852,-0.6260681314891625
-0.1795744222490721,-0.6254704566695123
-0.17878215087597518,-0.6248730051939404
-0.17866348667140172,-0.6242757766824868
-0.17847998136246354,-0.6236787707559351
-0.17758555844044993,-0.62308198703581
-0.17757090228128322,-0.6224854251443747
-0.17744875285500214,-0.6218890847046294
-0.17728220561924352,-0.6212929653403092
-0.17637296887678652,-0.6206970666758815
-0.1759731380467403,-0.6201013883365442
-0.1753373901178422,-0.619505929948223
-0.17443345192631257,-0.61891069113757
-0.17345405448116794,-0.6183156715319617
-0.17333346118482287,-0.6177208707594958
-0.17318674510522825,-0.6171262884489902
-0.17297811983873496,-0.6165319242299806
-0.1727235444329552,-0.6159377777327181
-0.17256823176008212,-0.6153438485881674
-0.1719570716858644,-0.6147501364280046
-0.17193295952984688,-0.6141566408846153
-0.17179671391888657,-0.6135633615910929
-0.17174364488122146,-0.6129702981812356
-0.17145484355621476,-0.6123774502895449
-0.17050434964457095,-0.6117848175512238
-0.17047040636929747,-0.6111923996021742
-0.17014547453171103,-0.6106001960789957
-0.17010868993025471,-0.6100082066189829
-0.1696808397237905,-0.6094164308601233
-0.16939054647955915,-0.6088248684410961
-0.1693663386273986,-0.6082335190012691
-0.16918173918606252,-0.6076423821806978
-0.1681331538158887,-0.6070514576201231
-0.1676500494892895,-0.6064607449609688
-0.1671084476893278,-0.6058702438453399
-0.16616860548063403,-0.6052799539160215
-0.1661089452429493,-0.6046898748164751
-0.16574543241560868,-0.6041000061908385
-0.16569185058757158,-0.6035103476839228
-0.16485810562606268,-0.6029208989412106
-0.16475976030659373,-0.602331659608854
-0.1642245135270874,-0.6017426293336736
-0.16393278359940008,-0.601153807763155
-0.1632133776947859,-0.6005651945454482
-0.16273390226773057,-0.5999767893293656
-0.16238619257631362,-0.5993885917643791
-0.16105548928982355,-0.5988006015006191
-0.16104074092738466,-0.5982128181888727
-0.16038575987190554,-0.5976252414805813
-0.16028511813054924,-0.5970378710278392
-0.1597361839443824,-0.5964507064833913
-0.15949416829295507,-0.5958637475006316
-0.159058905819757,-0.5952769937336012
-0.1583811763954002,-0.5946904448369864
-0.15761281640191852,-0.5941041004661174
-0.15721490089699575,-0.5935179602769655
-0.1571173495005595,-0.592932023926142
-0.1562247586957102,-0.5923462910708963
-0.15622471328122403,-0.591760761369114
-0.15611027594947105,-0.591175434479315
-0.1556311221866437,-0.5905903100606519
-0.15563050133784817,-0.5900053877729082
-0.15552728389246767,-0.5894206672764962
-0.15493130022700421,-0.5888361482324557
-0.15492504282508737,-0.5882518303024518
-0.1537881198820716,-0.5876677131487731
-0.15316984151178073,-0.587083796434331
-0.15314810802229237,-0.5865000798226563
-0.15285862559143615,-0.5859165629778986
-0.1528426693364619,-0.5853332455648244
-0.152736857190809,-0.5847501272488145
-0.15216939508610175,-0.5841672076958638
-0.1517719015699455,-0.5835844865725784
-0.15168521200068227,-0.5830019635461742
-0.1515052391264174,-0.5824196382844751
-0.1514850534143886,-0.5818375104559116
-0.15135829689838204,-0.5812555797295187
-0.15087047943022736,-0.5806738457749349
-0.15049868144626985,-0.5800923082623994
-0.15025279871132347,-0.5795109668627515
-0.15014853938827913,-0.5789298212474282
-0.14849770224676234,-0.5783488710884629
-0.1478796730966596,-0.5777681160584834
-0.14747617315647835,-0.5771875558307111
-0.14705629310661267,-0.5766071900789581
-0.1470244287227189,-0.5760270184776263
-0.1467334086877955,-0.5754470407017058
-0.1464510977207861,-0.5748672564267726
-0.14637904441211805,-0.5742876653289883
-0.1460055505632349,-0.5737082670850969
-0.14474161701803642,-0.5731290613724243
-0.14452118585098997,-0.5725500478688756
-0.14423327806075284,-0.5719712262529352
-0.1439804746765671,-0.5713925962036632
-0.14383904421222748,-0.5708141574006956
-0.14374451521338383,-0.5702359095242413
-0.14349317989139257,-0.5696578522550813
-0.14344258202795213,-0.5690799852745666
-0.14310450537107708,-0.5685023082646175
-0.14306482580906812,-0.5679248209077206
-0.14277829557202362,-0.567347522886929
-0.14272218335218131,-0.5667704138858592
-0.14234141307958673,-0.5661934935886903
-0.142140432181709,-0.5656167616801623
-0.14194353712794328,-0.5650402178455742
-0.14171481619411805,-0.5644638617707838
-0.14154957964270984,-0.5638876931422041
-0.14153075685918515,-0.5633117116468033
-0.1412677585304378,-0.5627359169721026
-0.1412512856821945,-0.5621603088061751
-0.14120939861075252,-0.5615848868376436
-0.14110202238637576,-0.5610096507556805
-0.14081139012112587,-0.5604346002500045
-0.14034643068475483,-0.5598597350108799
-0.14016391120283397,-0.5592850547291157
-0.139716225088088,-0.5587105590960629
-0.13961569003866975,-0.5581362478036143
-0.13961040906722222,-0.5575621205442018
-0.1394108223871212,-0.556988177010796
-0.13922090163849649,-0.5564144168969035
-0.13851060145103938,-0.5558408398965671
-0.13816842989382735,-0.555267445704362
-0.13810299298054723,-0.5546942340153976
-0.13809819828822517,-0.5541212045253125
-0.1378296458437177,-0.5535483569302754
-0.13769792932704647,-0.552975690926983
-0.13720228639560647,-0.5524032062126583
-0.1351047868249047,-0.5518309024850494
-0.13359085990115596,-0.5512587794424284
-0.13315649126943901,-0.5506868367835892
-0.13307885582765658,-0.5501150742078468
-0.13302266142089117,-0.5495434914150352
-0.13258700684129843,-0.5489720881055068
-0.13244846144669176,-0.5484008639801304
-0.13211285709831475,-0.54782981874029
-0.13206720471762534,-0.5472589520878831
-0.13188725154614742,-0.5466882637253199
-0.13150993091508553,-0.5461177533555213
-0.1307113419216593,-0.5455474206819177
-0.13046194380187606,-0.5449772654084484
-0.13031326672952642,-0.5444072872395586
-0.13010519497251274,-0.5438374858801996
-0.12994872944558641,-0.5432678610358265
-0.12961851470267344,-0.5426984124123969
-0.1293990808784117,-0.5421291397163701
-0.12933822283893126,-0.5415600426547056
-0.12909818875092718,-0.5409911209348609
-0.12902119943920187,-0.5404223742647913
-0.12890678180005402,-0.5398538023529479
-0.12890582025597536,-0.539285404908276
-0.12739514848804057,-0.5387171816402152
-0.12720086390367383,-0.5381491322586962
-0.12718008705633949,-0.5375812564741405
-0.12705785337507242,-0.5370135539974589
-0.12678628307229187,-0.5364460245400503
-0.12671421631462126,-0.5358786678138
-0.1265995983588154,-0.5353114835310793
-0.1259029129675417,-0.5347444714047429
-0.12588707465008886,-0.5341776311481284
-0.12581986539123707,-0.533610962475055
-0.1249543560321625,-0.533044465099822
-0.1246646655131008,-0.5324781387372073
-0.1243067850101442,-0.531911983102467
-0.12399930719769144,-0.5313459979113331
-0.12396281886953753,-0.5307801828800125
-0.12370701933542118,-0.5302145377251863
-0.12314009520773822,-0.5296490621640073
-0.12278286839203939,-0.5290837559141007
-0.12190104714617603,-0.5285186186935608
-0.12102280818803278,-0.5279536502209506
-0.12040826516549487,-0.527388850215301
-0.12009230213219534,-0.5268242183961087
-0.11989716932431184,-0.5262597544833355
-0.1190736730386296,-0.5256954581974072
-0.1187125986726994,-0.5251313292592116
-0.11856055101841756,-0.524567367390098
-0.11768873007568886,-0.5240035723118757
-0.11666350651023083,-0.5234399437468126
-0.11647510106163451,-0.5228764814176347
-0.11619140084339172,-0.5223131850475236
-0.11517206047880492,-0.5217500543601166
-0.11477552304543989,-0.5211870890795047
-0.11476340145346674,-0.5206242889302315
-0.11461508070188657,-0.5200616536372923
-0.11454974687799488,-0.5194991829261328
-0.11433838003838778,-0.5189368765226476
-0.11405429010823119,-0.5183747341531793
-0.11404382395317401,-0.5178127555445171
-0.11400507777391372,-0.5172509404238961
-0.1138873507181719,-0.5166892885189951
-0.11375152116763168,-0.5161277995579371
-0.11352137843065532,-0.5155664732692863
-0.11339239185962553,-0.5150053093820478
-0.1131920272399185,-0.5144443076256668
-0.11275517162463398,-0.5138834677300267
-0.1123411904368858,-0.5133227894254484
-0.11209397266549347,-0.5127622724426889
-0.11200896465045583,-0.5122019165129401
-0.11195215702622463,-0.5116417213678284
-0.1119035540796425,-0.511081686739412
-0.11176868083581058,-0.5105218123601813
-0.11144847644273063,-0.5099620979630575
-0.11120577014682449,-0.5094025432813905
-0.11114221334085224,-0.5088431480489585
-0.11093499654452717,-0.5082839119999671
-0.11085342451007779,-0.5077248348690475
-0.11083000676417971,-0.507165916391256
-0.10961632527442187,-0.5066071563020724
-0.10924259902070652,-0.5060485543373994
-0.10913437846379037,-0.5054901102335608
-0.10899074614891499,-0.5049318237273008
-0.10891617929688083,-0.5043736945557832
-0.10882460178636817,-0.5038157224565898
-0.1086378559724806,-0.5032579071677195
-0.10815951149460021,-0.502700248427587
-0.10797676797889016,-0.5021427459750222
-0.10731098362627427,-0.5015853995492683
-0.10696052420463652,-0.5010282088899817
-0.10693244753770093,-0.5004711737372304
-0.10664712821398141,-0.49991429383149266
-0.1064841944168122,-0.4993575689136565
-0.10631243909166026,-0.4988009987250182
-0.10547429787423723,-0.49824458300728125
-0.10527030809361887,-0.4976883215025556
-0.10478867335337283,-0.4971322139533565
-0.10457144444945173,-0.49657626010260325
-0.10426614535202434,-0.496020459693618
-0.10403453179605084,-0.49546481247012547
-0.10400813985448795,-0.4949093181762507
-0.1037625126401631,-0.4943539765565194
-0.10369997415445732,-0.4937987873558558
-0.10367214242717888,-0.4932437503195818
-0.10277689806916818,-0.4926888651934166
-0.10216965068744004,-0.4921341317234747
-0.10155144417066538,-0.49157954965626566
-0.10117355951248186,-0.491025118738693
-0.10114591047202957,-0.4904708387180524
-0.10107374408936991,-0.4899167093420317
-0.10101125571971013,-0.4893627303587091
-0.10097080805643421,-0.48880890151655265
-0.1004584042104609,-0.4882552225644187
-0.10033239946119454,-0.4877016932515518
-0.10022708476664514,-0.48714831332758285
-0.10022708474421171,-0.48659508254252826
-0.10001183659546044,-0.48604200064678904
-0.09990256106828833,-0.4854890673911498
-0.09979437992301389,-0.4849362825267783
-0.09971788244422,-0.48438364580522336
-0.09950473980278415,-0.48383115697841467
-0.09769533513776411,-0.4832788157986615
-0.097569946395732,-0.48272662201865185
-0.09723356022720601,-0.48217457539145125
-0.0971368684702067,-0.4816226756705024
-0.09704471199892792,-0.48107092260962336
-0.09684476441677896,-0.48051931596300707
-0.09669517975858148,-0.47996785548522014
-0.09651972208038836,-0.4794165409312022
-0.09623703999016235,-0.4788653720562649
-0.09616829258129755,-0.4783143486160904
-0.09605932791279603,-0.4777634703667312
-0.09584802938523583,-0.4772127370646085
-0.09552334529573155,-0.47666214846651167
-0.09535783259660843,-0.4761117043295972
-0.09535359836311305,-0.47556140441138794
-0.09504484311801034,-0.4750112484697716
-0.09502200298762394,-0.47446123626300035
-0.09467095421940654,-0.4739113675496896
-0.09457114088632983,-0.4733616420888172
-0.09388114893161317,-0.4728120596397224
-0.09359240372141733,-0.47226261996210545
-0.09352908934835946,-0.4717133228160254
-0.09283892856096633,-0.47116416796190064
-0.09268171507662774,-0.47061515516050695
-0.09210688993952208,-0.4700662841729771
-0.09178682611722488,-0.46951755476079987
-0.0917192804339415,-0.46896896668581894
-0.09162259924327872,-0.4684205197102321
-0.09126308782188988,-0.4678722135965902
-0.09107171668940814,-0.46732404810779665
-0.09095179267938498,-0.4667760230071058
-0.09053475824250917,-0.46622813805812324
-0.0905176219903221,-0.46568039302480346
-0.09011183377750856,-0.46513278767144983
-0.08919610639719178,-0.4645853217627135
-0.08909792775921929,-0.4640379950635926
-0.08896257422883827,-0.4634908073394311
-0.08891453661935667,-0.46294375835591844
-0.08837814902309855,-0.46239684787908797
-0.08821255925024174,-0.46185007567531655
-0.08790293835581255,-0.4613034415113235
-0.08775489320219242,-0.46075694515416954
-0.0875965628083975,-0.4602105863712566
-0.08758722622243661,-0.4596643649303261
-0.08713597352904336,-0.45911828059945853
-0.08700711479579293,-0.4585723331470726
-0.08670469561946678,-0.4580265223419242
-0.08648586610414798,-0.4574808479531055
-0.08645283355585495,-0.45693530975004465
-0.08635697081119542,-0.4563899075025042
-0.08610609861401262,-0.4558446409805803
-0.08569432491675386,-0.4552995099547026
-0.08561672990734549,-0.45475451419563245
-0.08552038703292444,-0.4542096534744626
-0.08521558883124464,-0.45366492756261667
-0.08517181262090581,-0.45312033623184733
-0.08509235239708808,-0.4525758792542362
-0.08504384795773445,-0.452031556402193
-0.08496975856315053,-0.4514873674484542
-0.08477562244643583,-0.45094331216608297
-0.08476239069630029,-0.45039939032846754
-0.08474864177552945,-0.44985560170932104
-0.0844152046680531,-0.44931194608268016
-0.08429204165897039,-0.44876842322290456
-0.08422339126807006,-0.448225032904676
-0.08388663466911186,-0.4476817749029981
-0.08377783777606403,-0.4471386489931942
-0.08370515729772691,-0.44659565495090775
-0.08360420232124241,-0.4460527925521011
-0.08343540501972324,-0.4455100615730545
-0.08325961070288036,-0.44496746179036545
-0.08314561203340573,-0.44442499298094823
-0.08302835917559874,-0.44388265492203244
-0.08284812116780696,-0.4433404473911627
-0.0828297604657961,-0.4427983701661975
-0.08274733591532593,-0.4422564230253087
-0.08270381168265961,-0.4417146057469809
-0.0824880219233916,-0.44117291811001
-0.08205081006709615,-0.440631359893503
-0.0820501116423773,-0.44008993087687676
-0.08174210219386774,-0.4395486308398577
-0.08138680283611294,-0.4390074595624805
-0.08083485354367506,-0.4384664168250881
-0.08073365079419663,-0.43792550240833
-0.08069971169013104,-0.43738471609316193
-0.0806855864117656,-0.4368440576608451
-0.0799052441614793,-0.4363035268929452
-0.07940713010870547,-0.43576312357133234
-0.07917724282563604,-0.4352228474781793
-0.0789116888350745,-0.4346826983959612
-0.07870937898177803,-0.4341426761074547
-0.0784366021596992,-0.4336027803957377
-0.07796320781318188,-0.4330630110441876
-0.0776341814555176,-0.4325233678364817
-0.07760199220756495,-0.4319838505565953
-0.07753344814221101,-0.43144445898880185
-0.07752360730580239,-0.4309051929176717
-0.07751222663304155,-0.43036605212807155
-0.07750522135188398,-0.4298270364051634
-0.07730718727925538,-0.4292881455344047
-0.07708017010987603,-0.42874937930154633
-0.07704690256688938,-0.4282107374926328
-0.07683475460080048,-0.427672219894001
-0.07674728940934308,-0.42713382629227964
-0.07640559330198617,-0.42659555647438907
-0.07632155642035957,-0.42605741022753946
-0.07627219611816766,-0.42551938733923067
-0.07581171258958964,-0.4249814875972518
-0.0751963446851898,-0.4244437107896798
-0.07508756916256103,-0.4239060567048791
-0.07410096982699475,-0.4233685251315013
-0.07407958471182438,-0.42283111585848365
-0.07404109626928486,-0.4222938286750486
-0.07376611141995416,-0.4217566633707036
-0.07365682272917408,-0.42121961973523947
-0.07360132135556612,-0.42068269755873045
-0.07357977400749476,-0.4201458966315334
-0.0735293176915296,-0.4196092167442867
-0.07313803048708568,-0.41907265768790963
-0.07308975155499348,-0.41853621925360207
-0.07288612564089647,-0.41799990123284325
-0.07288161210840527,-0.41746370341739164
-0.07279149941349779,-0.4169276255992836
-0.07231469926425525,-0.4163916675708332
-0.07175538398084365,-0.4158558291246312
-0.07157962472976587,-0.41532011005354463
-0.07154384601665457,-0.41478451015071566
-0.07152316107064054,-0.41424902920956175
-0.0714928282684422,-0.4137136670237739
-0.07129509552207655,-0.4131784233873166
-0.07099595742879464,-0.4126432980944271
-0.07098450892836124,-0.4121082909396147
-0.0709722805503498,-0.41157340171765955
-0.07071869503223731,-0.41103863022361337
-0.07059686972646086,-0.4105039762527969
-0.07019436339192844,-0.4099694396008005
-0.0694277737819365,-0.40943502006348337
-0.06942237268319977,-0.4089007174369721
-0.06909527907506685,-0.4083665315176611
-0.06891169892632462,-0.4078324621022112
-0.06882123643924574,-0.4072985089875489
-0.06880714559576598,-0.40676467197086613
-0.06865873009959954,-0.4062309508496196
-0.0684330136289752,-0.4056973454215294
-0.0682887679288838,-0.4051638554845796
-0.06810116988016357,-0.40463048083701647
-0.06777897374941937,-0.4040972212773482
-0.06675858440915855,-0.4035640766043443
-0.06605764535358306,-0.40303104661703515
-0.06578694807049393,-0.40249813111471083
-0.06549371983998453,-0.4019653298969209
-0.06488971774619454,-0.40143264276347373
-0.06437233110739246,-0.4009000695144354
-0.0634218209963711,-0.4003676099501298
-0.06334048263724051,-0.3998352638711371
-0.06304662762139844,-0.399303031078294
-0.06300351585828359,-0.39877091137269255
-0.06289505146811018,-0.39823890455567956
-0.06283388661660948,-0.3977070104288561
-0.06268228353074203,-0.39717522879407663
-0.0625459411507765,-0.39664355945344865
-0.0624259459278699,-0.3961120022093323
-0.06237693569619782,-0.39558055686433885
-0.06192131176770136,-0.39504922322133085
-0.06191725698516876,-0.3945180010834212
-0.061722803268203424,-0.3939868902539726
-0.061656876504901925,-0.393455890536597
-0.06165687636855326,-0.3929250017351548
-0.06162196803963613,-0.3923942236537543
-0.06126127735301497,-0.3918635560967511
-0.06113871083272237,-0.39133299886874756
-0.06022422454544042,-0.3908025517745918
-0.06017509793227122,-0.3902722146193779
-0.0600122578529894,-0.3897419872084444
-0.059992023657816404,-0.3892118693473741
-0.05976670024826953,-0.38868186084199363
-0.05864512465804926,-0.3881519614983723
-0.0580343293721906,-0.3876221711228218
-0.05803167343304577,-0.3870924895218963
-0.0577391272381102,-0.38656291650239044
-0.057735830921040995,-0.3860334518713395
-0.057298666273594805,-0.385504095436019
-0.05720026306628275,-0.3849748470039437
-0.0567462575177594,-0.3844457063828673
-0.05662899701279862,-0.3839166733807816
-0.056569401242055756,-0.383387747805916
-0.056103693093405536,-0.38285892946673683
-0.05602205069781102,-0.38233021817194685
-0.05600014437785787,-0.38180161373048466
-0.055927005078181845,-0.38127311595152447
-0.05591443204214728,-0.38074472464447445
-0.05590685219888388,-0.38021643961897733
-0.05567394755614138,-0.37968826068490913
-0.05565353744651954,-0.3791601876523788
-0.055459906841530786,-0.37863222033172744
-0.05538199284064349,-0.3781043585335284
-0.055228073112916956,-0.3775766020685857
-0.05516131369795549,-0.37704895074793393
-0.05484675376433988,-0.37652140438283804
-0.054601529053291714,-0.37599396278479186
-0.05456277940883105,-0.3754666257655188
-0.05453373969931256,-0.37493939313697006
-0.05445971948605952,-0.3744122647113246
-0.05443405645303011,-0.3738852403009886
-0.05426343349292353,-0.37335831971859484
-0.053966714194561935,-0.37283150277700183
-0.05304082426424063,-0.3723047892892943
-0.05303357075403138,-0.3717781790687811
-0.052964424836112585,-0.3712516719289956
-0.052906658252577295,-0.37072526768369507
-0.05253714839244015,-0.37019896614685993
-0.052055059014322565,-0.369672767132693
-0.05179979448990393,-0.36914667045561983
-0.05179464766414131,-0.36862067593028686
-0.05163876324294737,-0.3680947833715619
-0.05152637688468333,-0.36756899259453296
-0.05131994626653477,-0.36704330341450797
-0.05099563781828377,-0.3665177156470145
-0.050846834423593515,-0.36599222910779855
-0.050692968425485235,-0.3654668436128245
-0.05016548099888892,-0.36494155897827446
-0.04985749667977168,-0.3644163750205475
-0.04978200413697953,-0.3638912915562595
-0.04962643897358418,-0.36336630840224243
-0.049333204408500114,-0.36284142537554376
-0.049310397948143875,-0.36231664229342575
-0.04920990852316803,-0.3617919589733654
-0.048667065691626696,-0.36126737523305347
-0.04863897380445605,-0.360742890890394
-0.048007231769570134,-0.36021850576350434
-0.04798204017157949,-0.3596942196707136
-0.04767923289209709,-0.3591700324305629
-0.047647833541452876,-0.3586459438618047
-0.047392643352074444,-0.35812195378340206
-0.047224173563703765,-0.3575980620145284
-0.047082297955303685,-0.3570742683745668
-0.04697138640825638,-0.3565505726831092
-0.04578835734967769,-0.3560269747599566
-0.04565382268817522,-0.35550347442511776
-0.04559868891234341,-0.3549800714988091
-0.04558432864191216,-0.35445676580145447
-0.04550767639145681,-0.3539335571536838
-0.045411620390964455,-0.35341044537633326
-0.04510480369638768,-0.35288743029044456
-0.04495967694540273,-0.35236451171726413
-0.04454892599960117,-0.35184168947824346
-0.04433749161297042,-0.35131896339503754
-0.04402868994744432,-0.3507963332895051
-0.04330157495317993,-0.3502737989837076
-0.04321311466240948,-0.3497513602999091
-0.04314956626817792,-0.3492290170605754
-0.04291585001384534,-0.34870676908837434
-0.04267352567954836,-0.3481846162061739
-0.04235797408364019,-0.34766255823704295
-0.04222320966842275,-0.3471405950042502
-0.04214910953190806,-0.3466187263312639
-0.04208820954181427,-0.34609695204175084
-0.04203061965154104,-0.34557527195957677
-0.04183357784954631,-0.3450536859088051
-0.041484864068124794,-0.34453219371369653
-0.04140682680626749,-0.34401079519870903
-0.04114759312862045,-0.3434894901884966
-0.04110610120605564,-0.34296827850790973
-0.040890311900546324,-0.342447159981994
-0.04084197324035984,-0.34192613443598996
-0.040807678852168676,-0.3414052016953328
-0.040209307763851024,-0.3408843615856516
-0.04017351053053649,-0.3403636139327688
-0.04009677438044113,-0.3398429585627004
-0.04005726638839208,-0.3393223953016544
-0.03996412731687191,-0.338801923976031
-0.0399190031619835,-0.33828154441242203
-0.03988451457479418,-0.33776125643761035
-0.03985605681990866,-0.33724105987856934
-0.039330893615392576,-0.3367209545624629
-0.039295841262685455,-0.3362009403166441
-0.038970986762515515,-0.3356810169686555
-0.03888143652613822,-0.33516118434622816
-0.03883412459222544,-0.3346414422772813
-0.03861383895706614,-0.3341217905899224
-0.03855456110011996,-0.3336022291124457
-0.03824431280928425,-0.3330827576733323
-0.03817048809010923,-0.33256337610124975
-0.038063928042130574,-0.33204408422505155
-0.03776987245747559,-0.3315248818737763
-0.03748456059634263,-0.331005768876648
-0.03715493435340031,-0.33048674506307474
-0.037141904154758563,-0.32996781026264865
-0.03714064942775393,-0.32944896430514553
-0.03705132332715279,-0.3289302070205241
-0.03696144230572573,-0.32841153823892566
-0.0369134373838479,-0.327892957790674
-0.036860580708439235,-0.32737446550627436
-0.03672766152756524,-0.32685606121641303
-0.03651950457226518,-0.32633774475195737
-0.03635205312648998,-0.3258195159439548
-0.036347806731571175,-0.32530137462363307
-0.0362523337877757,-0.32478332062239873
-0.03617080959582166,-0.32426535377183763
-0.035713238940693816,-0.3237474739037141
-0.035613504843515824,-0.32322968084997045
-0.03559186121092826,-0.3227119744427264
-0.0355540299846292,-0.32219435451427947
-0.035497439839869076,-0.3216768208971031
-0.03513202316420594,-0.3211593734238475
-0.03494868576857244,-0.3206420119273383
-0.034906085244655556,-0.32012473624057675
-0.034862344706440375,-0.3196075461967391
-0.03475393209030213,-0.31909044162917594
-0.034691542589872434,-0.3185734223714118
-0.03464640459001399,-0.31805648825714483
-0.034562097300731856,-0.3175396391202464
-0.03443061631488445,-0.31702287479476055
-0.034429129745217286,-0.31650619511490385
-0.034212061113821225,-0.31598959991506426
-0.03393831377618864,-0.31547308902980126
-0.03369956898071296,-0.3149566622938455
-0.03365935355943019,-0.31444031954209806
-0.032847324391599854,-0.3139240606096298
-0.032706888922716386,-0.31340788533168196
-0.03256714068454577,-0.3128917935436642
-0.03253241629720491,-0.31237578508115554
-0.032483196193433046,-0.311859859779903
-0.03241733893408728,-0.31134401747582174
-0.0320612598718374,-0.3108282580049945
-0.03202631864179704,-0.31031258120367095
-0.031676350051165605,-0.3097969869082674
-0.031657055956316946,-0.30928147495536656
-0.03161726402958587,-0.30876604518171674
-0.03142068827880793,-0.30825069742423156
-0.03138561249709331,-0.30773543151999017
-0.0312950114012991,-0.30722024730623565
-0.03117700604939126,-0.3067051446203754
-0.03117584251105227,-0.3061901232999806
-0.03107513280990698,-0.3056751831827855
-0.030838143775153662,-0.30516032410668736
-0.030498369295941442,-0.3046455459097461
-0.03034124367561953,-0.30413084843018323
-0.030341243477013478,-0.3036162315063823
-0.030218714840579648,-0.3031016949768876
-0.030106431783355272,-0.3025872386804045
-0.030057824246453528,-0.30207286245579895
-0.029855589209827345,-0.30155856614209636
-0.02985508382481728,-0.30104434957848214
-0.029691965586845608,-0.3005302126043005
-0.029491825340431307,-0.3000161550590546
-0.029448871966863438,-0.29950217678240576
-0.029333604966171826,-0.2989882776141735
-0.029317757199151192,-0.29847445739433465
-0.029110378244749345,-0.29796071596302304
-0.02908864712351303,-0.29744705316052944
-0.02903440511175476,-0.2969334688273007
-0.029018037389241382,-0.2964199628039396
-0.028951584262167023,-0.29590653493120483
-0.02867211674251005,-0.2953931850500096
-0.028195559204187284,-0.2948799130014221
-0.02818246647407188,-0.2943667186266647
-0.028160435127988576,-0.29385360176711356
-0.028154966510628827,-0.2933405622642989
-0.0280007721400314,-0.2928275999599033
-0.02800050238323382,-0.2923147146957626
-0.027925029359649564,-0.2918019063138646
-0.027868544960334564,-0.2912891746563491
-0.027841411028196348,-0.29077651956550743
-0.02780790543064845,-0.29026394088378227
-0.02775584275949783,-0.28975143845376683
-0.027508476320232837,-0.28923901211820446
-0.027507999179632394,-0.28872666171998895
-0.027458147060287152,-0.2882143871021631
-0.02722299646636092,-0.2877021881079193
-0.02718224438533008,-0.2871900645805987
-0.02717897374512638,-0.28667801636369067
-0.027140487621597865,-0.28616604330083273
-0.026693370257045913,-0.28565414523580984
-0.026326773823788573,-0.28514232201255435
-0.026022537754924017,-0.2846305734751456
-0.02598583325139104,-0.2841188994678092
-0.025881766532212417,-0.283607299834917
-0.025810363704313596,-0.2830957744209864
-0.025764636509816804,-0.2825843230706802
-0.025687231847933124,-0.282072945628806
-0.025622332130959352,-0.2815616419403166
-0.025576748883473433,-0.28105041185030827
-0.025541477425452676,-0.2805392552040214
-0.025473408702921287,-0.28002817184683976
-0.025405492137228095,-0.27951716162429013
-0.02535565849782517,-0.27900622438204237
-0.025314083477068264,-0.27849535996590813
-0.025290473700913807,-0.2779845682218413
-0.025216750565863217,-0.27747384899593724
-0.02520578832440106,-0.27696320213443254
-0.025053806252324867,-0.27645262748370447
-0.025025548546879668,-0.27594212489027115
-0.02497631610974968,-0.27543169420079044
-0.024870458628775478,-0.2749213352620599
-0.024692934521457367,-0.2744110479210167
-0.024640272345783445,-0.2739008320247367
-0.024596535716586196,-0.2733906874204343
-0.024355449855485333,-0.2728806139554628
-0.02427834604989138,-0.27237061147731273
-0.024172268945496844,-0.2718606798336123
-0.02408041382142039,-0.2713508188721269
-0.023851187696530128,-0.2708410284407585
-0.023845955442617372,-0.2703313083875462
-0.023802543095558737,-0.26982165856066437
-0.023771152446475024,-0.2693120788084234
-0.023760217201671315,-0.268802568979269
-0.02343446068177735,-0.268293128921782
-0.02336242987079429,-0.26778375848467734
-0.023068505249281605,-0.26727445751680506
-0.02294285519251345,-0.26676522586714846
-0.022926373092902835,-0.2662560633848246
-0.022866972154436355,-0.2657469699190837
-0.02279100093777051,-0.2652379453193089
-0.02278906886610251,-0.2647289894350155
-0.022691460774236533,-0.26422010211585156
-0.02254114422166303,-0.2637112832115964
-0.02248970265381045,-0.2632025325721609
-0.022165968186159103,-0.26269385004758705
-0.02214401256811499,-0.2621852354880473
-0.022099489636315705,-0.2616766887438451
-0.02181166486378212,-0.26116820966541326
-0.021431961460321877,-0.26065979810331463
-0.021375462332657365,-0.26015145390824124
-0.02119999834921482,-0.2596431769310141
-0.021113561086754582,-0.25913496702258276
-0.021044653093604152,-0.2586268240340254
-0.020896131155371363,-0.25811874781654787
-0.02084421302452469,-0.25761073822148356
-0.02083320144905975,-0.2571027951002932
-0.020822396306850482,-0.2565949183045644
-0.02069855191647395,-0.2560871076860112
-0.020665731373842592,-0.25557936309647417
-0.020627617105816693,-0.25507168438791955
-0.020616123397844573,-0.25456407141243914
-0.020546085074910427,-0.2540565240222498
-0.02050514745563916,-0.25354904206969336
-0.020503807564227546,-0.2530416254072363
-0.02048083094798884,-0.25253427388746913
-0.02047687006001514,-0.25202698736310614
-0.020462640604901564,-0.2515197656869851
-0.020364811927022268,-0.25101260871206715
-0.02035941357517873,-0.2505055162914359
-0.02034759069034652,-0.249998488278298
-0.020287332825788238,-0.2494915245259817
-0.020252031595764167,-0.24898462488793738
-0.0202045763073412,-0.24847778921773675
-0.020190092571673417,-0.24797101736907282
-0.020179311312248916,-0.24746430919575912
-0.01976860418267171,-0.24695766455173024
-0.019707828278387417,-0.24645108329104043
-0.0196674486092312,-0.24594456526786385
-0.019652639028444035,-0.2454381103364943
-0.019456670381806238,-0.24493171835134447
-0.019412069686851555,-0.24442538916694645
-0.01924088406981723,-0.24391912263795026
-0.0190923584172238,-0.24341291861912437
-0.019073516399264207,-0.24290677696535506
-0.01881904508279433,-0.24240069753164614
-0.018789030822480735,-0.24189468017311846
-0.01877808556209799,-0.24138872474501022
-0.018713693346908256,-0.2408828311026758
-0.018705019385148132,-0.2403769991015858
-0.018680855815491136,-0.23987122859732682
-0.018680304544313284,-0.23936551944560094
-0.018661466632584604,-0.23885987150222585
-0.01864318176812846,-0.23835428462313385
-0.018633915891890177,-0.23784875866437188
-0.018575275052525323,-0.23734329348210126
-0.01855287252818621,-0.23683788893259736
-0.018550711490322114,-0.2363325448722489
-0.018514709909088056,-0.23582726115755845
-0.01827169047193229,-0.23532203764514123
-0.018258346647782947,-0.2348168741917253
-0.018236771615124617,-0.234311770654151
-0.018155446688150858,-0.2338067268893709
-0.018092387786534055,-0.2333017427544491
-0.01808501882655437,-0.23279681810656153
-0.017991598962670295,-0.23229195280299486
-0.017971362048207283,-0.23178714670114683
-0.017971361853190333,-0.2312823996585255
-0.017899702400084004,-0.23077771153274906
-0.017881094684014512,-0.23027308218154605
-0.01775408418157498,-0.2297685114627541
-0.017693322593255765,-0.22926399923432017
-0.017515747379322537,-0.2287595453543003
-0.01750659127326815,-0.22825514968085903
-0.017453399799225312,-0.22775081207226916
-0.01742882751431868,-0.22724653238691195
-0.017280994655616288,-0.22674231048327587
-0.017215051617354395,-0.22623814621995694
-0.017157748407320546,-0.22573403945565831
-0.017014527546563078,-0.2252299900491899
-0.017002716843775748,-0.2247259978594679
-0.01690324340861212,-0.22422206274551518
-0.016841399388547954,-0.22371818456646006
-0.016720109207867827,-0.2232143631815365
-0.016717008470578033,-0.22271059845008373
-0.016620509694981276,-0.22220689023154577
-0.016503024479872123,-0.2217032383854718
-0.016428385438361216,-0.2211996427715148
-0.01642838543836077,-0.22069610324943204
-0.01633712926222228,-0.22019261967908452
-0.016286560861276587,-0.21968919192043657
-0.016267664451492043,-0.21918581983355567
-0.016208566819688335,-0.21868250327861244
-0.016089928682289836,-0.21817924211587975
-0.01603202229792075,-0.21767603620573273
-0.016002516391289176,-0.2171728854086485
-0.01595526568087402,-0.21666978958520586
-0.015944795142784806,-0.2161667485960847
-0.015479858602310255,-0.21566376230206655
-0.015460978288289828,-0.21516083056403312
-0.015334986294670845,-0.21465795324296685
-0.015317102150996884,-0.2141551301999502
-0.015271700588392289,-0.21365236129616552
-0.015234181061097805,-0.213149646392895
-0.015212758958807122,-0.21264698535151977
-0.015211390737779416,-0.21214437803352007
-0.01514674392414142,-0.21164182430047487
-0.015138653906828909,-0.21113932401406144
-0.01512627125494702,-0.2106368770360551
-0.01507397759029247,-0.2101344832283294
-0.014988314757768434,-0.2096321424528549
-0.014976618164244363,-0.20912985457169977
-0.014945256856449306,-0.2086276194470288
-0.01490091537096781,-0.20812543694110366
-0.014878967298315065,-0.2076233069162822
-0.014804958725908717,-0.2071212292350187
-0.014741090095106933,-0.20661920375986287
-0.014714938424622147,-0.20611723035346002
-0.014714145426277702,-0.20561530887855076
-0.014671534919765205,-0.20511343919797037
-0.014616202411696012,-0.2046116211746492
-0.014594135231348553,-0.20410985467161163
-0.014594135231348105,-0.20360813955197618
-0.014514883874968026,-0.20310647567895512
-0.014501737438254805,-0.20260486291585428
-0.014498355490660609,-0.20210330112607253
-0.014423850640817346,-0.20160179017310204
-0.01433634277537663,-0.20110032992052737
-0.014325088032023287,-0.20059892023202539
-0.014324868183280489,-0.20009756097136516
-0.014320703117111774,-0.19959625200240735
-0.014320668521898396,-0.19909499318910465
-0.014320597190321211,-0.1985937843955005
-0.01429487936091971,-0.19809262548572937
-0.014291615393213424,-0.19759151632401653
-0.014246087237692889,-0.19709045677467757
-0.014180737392047851,-0.19658944670211811
-0.014069691103642682,-0.19608848597083403
-0.014042701282496598,-0.19558757444541025
-0.013986273902062736,-0.19508671199052122
-0.013852140555776183,-0.19458589847093036
-0.01380906997335538,-0.19408513375148978
-0.013796677097287532,-0.19358441769714
-0.01370166526298587,-0.19308375017290996
-0.013659536645106333,-0.19258313104391628
-0.013618181092920583,-0.1920825601753632
-0.013613472079381852,-0.1915820374325424
-0.013603068171896783,-0.19108156268083237
-0.013554860370971849,-0.190581135785699
-0.013539558677525983,-0.1900807566126941
-0.013505953888275525,-0.18958042502745603
-0.013501104253923741,-0.18908014089570901
-0.013495428302426199,-0.18857990408326308
-0.013474175068147007,-0.1880797144560134
-0.013432028754433218,-0.18757957187994093
-0.013305957156174615,-0.18707947622111093
-0.013286940521356892,-0.18657942734567354
-0.013284960322293834,-0.18607942511986317
-0.013274694926418851,-0.18557946940999834
-0.013273920947074965,-0.18507956008248128
-0.013202505327802348,-0.1845796970037981
-0.013110047490333504,-0.1840798800405178
-0.012971220189143182,-0.18358010905929262
-0.012968474047015724,-0.1830803839268574
-0.012962690723585033,-0.18258070451002933
-0.012944562243225571,-0.1820810706757083
-0.012944082651980162,-0.1815814822908757
-0.0129381203153561,-0.18108193922259463
-0.012857742760079411,-0.1805824413380097
-0.012841522365573897,-0.18008298850434667
-0.012751883035210354,-0.17958358058891194
-0.012719614039566032,-0.17908421745909292
-0.012691390082990556,-0.17858489898235716
-0.012629909662129376,-0.17808562502625214
-0.012626632818791884,-0.1775863954584054
-0.012508007267528338,-0.17708721014652384
-0.012468792741617838,-0.17658806895839366
-0.01245282408604041,-0.17608897176188038
-0.012447151175428672,-0.175589918424928
-0.01244107576757144,-0.17509090881555903
-0.012395618524319345,-0.17459194280187432
-0.012380194926055653,-0.1740930202520525
-0.012364639886326707,-0.1735941410343504
-0.012313914080705448,-0.1730953050171018
-0.01227637809380892,-0.17259651206871793
-0.012239137574830502,-0.17209776205768682
-0.012101431801637367,-0.17159905485257335
-0.012098085937068445,-0.17110039032201854
-0.012097956590326866,-0.1706017683347401
-0.011967820508758963,-0.17010318875953112
-0.011964260850725612,-0.16960465146526052
-0.011823088566315094,-0.1691061563208727
-0.011809946965203173,-0.16860770319538704
-0.011801688068438987,-0.16810929195789778
-0.011743751208407859,-0.16761092247757411
-0.011610719526615054,-0.16711259462365924
-0.011536609690948876,-0.16661430826547058
-0.01145324463185312,-0.16611606327239944
-0.011379285931795605,-0.16561785951391045
-0.011336687579973376,-0.16511969685954223
-0.011203159539528272,-0.1646215751789059
-0.011048733483125895,-0.16412349434168558
-0.010939101395481361,-0.16362545421763805
-0.010888562443334053,-0.1631274546765923
-0.010885515071405396,-0.16262949558844936
-0.010828032927587205,-0.16213157682318247
-0.010787953877934648,-0.16163369825083598
-0.01077007998704433,-0.16113585974152578
-0.010545297110136983,-0.16063806116543872
-0.010520811144607678,-0.16014030239283247
-0.01051790647356265,-0.15964258329403552
-0.010473768646979735,-0.1591449037394464
-0.010456792774896261,-0.1586472635995337
-0.010432290918057986,-0.15814966274483605
-0.010403469673022308,-0.15765210104596136
-0.010233698880969526,-0.15715457837358693
-0.010143118980576024,-0.15665709459845947
-0.0100523248928331,-0.1561596495913941
-0.010043468336271918,-0.15566224322327463
-0.010036825069265867,-0.15516487536505325
-0.00994609789035604,-0.1546675458877501
-0.009931396832644991,-0.15417025466245318
-0.009927921621332703,-0.15367300156031835
-0.009899614552664089,-0.15317578645256844
-0.009850951424376683,-0.15267860921049353
-0.009776705711915487,-0.1521814697054505
-0.00976376342817579,-0.15168436780886269
-0.00973448276142887,-0.15118730339222025
-0.009727563204678139,-0.150690276327079
-0.009677782696286545,-0.15019328648506067
-0.009677781390783055,-0.14969633373785274
-0.009591600737070443,-0.149199417957208
-0.00957801453349399,-0.14870253901494423
-0.009520338129512708,-0.14820569678294454
-0.009491051276974681,-0.14770889113315622
-0.009435207908328204,-0.14721212193759112
-0.00941953289594155,-0.1467153890683252
-0.009391712080428329,-0.14621869239749846
-0.009374614788403247,-0.1457220317973143
-0.009364576020777789,-0.14522540714004
-0.009351151624391884,-0.14472881829800566
-0.009328333517823728,-0.14423226514360443
-0.009281805888027628,-0.14373574754929214
-0.009145158960868758,-0.143239265387587
-0.009145094878070852,-0.1427428185310698
-0.009109476169710638,-0.14224640685238296
-0.009089746797922698,-0.14175003022423074
-0.009044127441294025,-0.14125368851937894
-0.008965414673327997,-0.14075738161065462
-0.008958592616297752,-0.14026110937094566
-0.008746416541129624,-0.13976487167320126
-0.008705718578881765,-0.13926866839043067
-0.008693457884340106,-0.13877249939570363
-0.008689936125762372,-0.1382763645621499
-0.008689871867273657,-0.13778026376295918
-0.008689871867272542,-0.13728419687138055
-0.008634620963642268,-0.13678816376072284
-0.008628238207129246,-0.13629216430435373
-0.00858288703426922,-0.13579619837569976
-0.008568191027143506,-0.1353002658482462
-0.008566836684743381,-0.13480436659553666
-0.008553594172733369,-0.13430850049117324
-0.008537207362104707,-0.13381266740881567
-0.008479345813603125,-0.13331686722218142
-0.008477530394367206,-0.13282109980504556
-0.008471476059177415,-0.13232536503124026
-0.008468766612990087,-0.13182966277465472
-0.008383396057833776,-0.13133399290923517
-0.008373440760296462,-0.13083835530898413
-0.008265948771363944,-0.13034274984796043
-0.008217242798487097,-0.12984717640027904
-0.008204615016128076,-0.12935163484011072
-0.008029329403526783,-0.12885612504168178
-0.007951574822092994,-0.12836064687927426
-0.007850768682131365,-0.12786520022722495
-0.00781721371031821,-0.12736978495992568
-0.007742673942235232,-0.12687440095182295
-0.0076738347858607385,-0.1263790480774176
-0.007640876353916507,-0.12588372621126506
-0.007540510411283814,-0.12538843522797438
-0.007423799206621579,-0.12489317500220848
-0.007407974553570067,-0.1243979454086838
-0.0073492586620377345,-0.1239027463221701
-0.007290955735669863,-0.12340757761749002
-0.007284779598638528,-0.1229124391695195
-0.00728477740320299,-0.12241733085318661
-0.007272061250825985,-0.12192225254347201
-0.007249018391312527,-0.12142720411540847
-0.0071909176112474075,-0.12093218544408052
-0.006900161101690717,-0.12043719640462482
-0.006883969481760545,-0.11994223687222909
-0.006872220612587937,-0.11944730672213237
-0.00680914997463912,-0.11895240582962478
-0.006780750084840227,-0.11845753407004715
-0.006753362907809955,-0.11796269131879077
-0.006753359029992226,-0.11746787745129764
-0.006661500816830193,-0.11697309234305943
-0.006419275486315453,-0.11647833586961788
-0.006418106571653922,-0.11598360790656433
-0.0063819136407787655,-0.11548890832953951
-0.0063740732749952185,-0.11499423701423324
-0.006312486907878973,-0.11449959383638474
-0.006249475954755078,-0.11400497867178153
-0.006131953050794312,-0.11351039139625976
-0.0060924627686029425,-0.1130158318857039
-0.006061991453087476,-0.11252130001604634
-0.006005449732851862,-0.11202679566326772
-0.005952663321175624,-0.11153231870339592
-0.005896709617649447,-0.11103786901250627
-0.005843728749620269,-0.11054344646672133
-0.005754080448414741,-0.11004905094221058
-0.005698486583126332,-0.10955468231519011
-0.005604078355872875,-0.10906034046192287
-0.00557521738913802,-0.10856602525871771
-0.005535206383497433,-0.10807173658192966
-0.005513296389633981,-0.10757747430795955
-0.0054369465650501315,-0.10708323831325388
-0.0054329077195629785,-0.10658902847430433
-0.0053513804632627495,-0.10609484466764818
-0.0053317772525820015,-0.10560068676986724
-0.005325878247010454,-0.10510655465758813
-0.005323419285482914,-0.10461244820748204
-0.005282778230466718,-0.10411836729626427
-0.005265461621647459,-0.10362431180069454
-0.0051954676396415884,-0.10313028159757603
-0.005164149549533757,-0.10263627656375568
-0.005072721301590836,-0.1021422965761238
-0.005042976667870401,-0.10164834151161387
-0.004999613336100767,-0.10115441124720215
-0.0049414864964547915,-0.10066050565990814
-0.004913627954431772,-0.10016662462679334
-0.004898698034894257,-0.09967276802496172
-0.00483832796607265,-0.09917893573155931
-0.004817202616110341,-0.09868512762377402
-0.004771027526679038,-0.0981913435788352
-0.004766151685240441,-0.0976975834740141
-0.004752428475784946,-0.09720384718662267
-0.004741216842809114,-0.09671013459401406
-0.004741197103933476,-0.09621644557358212
-0.004737659810824053,-0.09572278000276112
-0.004713293479510424,-0.09522913775902606
-0.004699773139258071,-0.09473551871989164
-0.004660691020277611,-0.0942419227629126
-0.004581839402263356,-0.09374834976568333
-0.004480019892757346,-0.09325479960583766
-0.004453644001018246,-0.09276127216104856
-0.004450698790937411,-0.09226776730902837
-0.004449580571161936,-0.09177428492752791
-0.004439184663036686,-0.09128082489433664
-0.004397274842568246,-0.09078738708728246
-0.004387938274053178,-0.09029397138423119
-0.004300361651235495,-0.08980057766308709
-0.0042519463796848195,-0.08930720580179172
-0.00421659717892476,-0.0888138556783242
-0.004208830599818703,-0.08832052717070107
-0.004201044011918055,-0.08782722015697583
-0.004131409496679606,-0.0873339345152388
-0.004130169728045651,-0.08684067012361726
-0.004109523287077027,-0.08634742686027458
-0.004094138424290112,-0.08585420460341046
-0.0040715474157526224,-0.08536100323126063
-0.004067831803882625,-0.08486782262209652
-0.004041118067071061,-0.0843746626542251
-0.004019749574229177,-0.08388152320598907
-0.00396101643835912,-0.08338840415576583
-0.0039596248098668916,-0.08289530538196792
-0.0038793104788531797,-0.08240222676304253
-0.0038691595147540116,-0.08190916817747125
-0.0038336190387784773,-0.08141612950377036
-0.0038329321767042175,-0.08092311062048983
-0.0038055501094295917,-0.08043011140621363
-0.0037745171770929157,-0.07993713173955934
-0.0037222987535830195,-0.07944417149917801
-0.003690198003379144,-0.07895123056375382
-0.003689199476984573,-0.07845830881200432
-0.003672494651001925,-0.07796540612267945
-0.003659791813656215,-0.07747252237456193
-0.0035463298058855974,-0.0769796574464668
-0.0035405163641812083,-0.07648681121724131
-0.0035214603685315674,-0.07599398356576452
-0.003515529227538263,-0.07550117437094762
-0.0035151283024670217,-0.07500838351173299
-0.00348551318034531,-0.07451561086709436
-0.0034179995792180157,-0.07402285631603667
-0.0033993056956970243,-0.07353011973759559
-0.003394415334276027,-0.07303740101083786
-0.003346684082748589,-0.07254470001486034
-0.003342725304349147,-0.07205201662879027
-0.0033427134567682237,-0.07155935073178492
-0.003270827491481552,-0.07106670220303146
-0.003229589197724657,-0.07057407092174654
-0.003216202511369782,-0.07008145676717664
-0.0032088750265859803,-0.06958885961859704
-0.0032078589532732868,-0.0690962793553122
-0.003201685467204734,-0.06860371585665534
-0.0031579058786029043,-0.0681111690019883
-0.003089103032539133,-0.06761863867070114
-0.003074470981207243,-0.06712612474221252
-0.003012956205477221,-0.06663362709596864
-0.0029572271960920686,-0.06614114561144357
-0.002919599111027492,-0.06564868016813899
-0.0029168053032528067,-0.0651562306455837
-0.002894353316359109,-0.06466379692333409
-0.0028943523208135686,-0.06417137888097302
-0.002854740168942088,-0.06367897639811025
-0.0028466818626710906,-0.06318658935438198
-0.002821109955705726,-0.06269421762945075
-0.0027705148132447766,-0.06220186110300503
-0.002770514813244386,-0.06170951965475958
-0.002749045861807417,-0.061217193164454425
-0.002749043679646535,-0.06072488151185518
-0.002650006354707774,-0.060232584576752714
-0.002640958770391011,-0.05974030223896297
-0.002625932449904388,-0.059248034378326556
-0.0026223547303284747,-0.05875578087470915
-0.002619648423261419,-0.058263541608000444
-0.002612367743875062,-0.05777131645811449
-0.002602366190382961,-0.057279105304989315
-0.0025679735095586386,-0.056786908028586665
-0.0024821111258961667,-0.05629472450889227
-0.0024481066508092856,-0.055802554625914845
-0.002404925963720871,-0.055310398259686436
-0.002349269943155634,-0.054818255290262054
-0.002349269442267273,-0.05432612559771949
-0.0022381559803603284,-0.05383400906215896
-0.00222767061976402,-0.05334190556370349
-0.0022190412256940296,-0.05284981498249779
-0.0022103399859717365,-0.052357737198708704
-0.0022055726186594638,-0.05186567209252479
-0.0021745865041330964,-0.05137361954415602
-0.002138040789098751,-0.050881579433834125
-0.0021219686260107082,-0.05038955164181151
-0.0020386943210225126,-0.049897536048361696
-0.002026426603893623,-0.04940553253377887
-0.0020204882033110325,-0.048913540978377766
-0.002002621959896018,-0.04842156126249325
-0.0019832003368592003,-0.047929593266480754
-0.0019797479481300363,-0.04743763687071514
-0.001973701520552974,-0.04694569195559113
-0.0019313849898204805,-0.04645375840152292
-0.0019252572644444022,-0.04596183608894401
-0.0018726046254501888,-0.045469924898306806
-0.0018713415838654472,-0.04497802471008303
-0.0018664577192000259,-0.04448613540476265
-0.0018218445113164343,-0.04399425686285423
-0.0017777995763689227,-0.0435023889648846
-0.0017502026411423109,-0.043010531591398504
-0.0017485288547766133,-0.04251868462295896
-0.0017442279976831654,-0.042026847940146224
-0.0017286620521880958,-0.04153502142355812
-0.0017269548959063753,-0.0410432049538097
-0.001719158870822304,-0.04055139841153309
-0.0016714462346603702,-0.04005960167737709
-0.0016679853018336738,-0.03956781463200755
-0.001607803926186448,-0.039076037156106316
-0.0015996584961716978,-0.03858426913037162
-0.0015827469684845362,-0.03809251043551768
-0.0015591753762047049,-0.03760076095227456
-0.0014794363507114933,-0.03710902056138779
-0.0013500370228005018,-0.03661728914361871
-0.0012539683269048173,-0.03612556657974347
-0.0012259422996302994,-0.03563385275055335
-0.0012122034189461168,-0.035142147536854434
-0.001178500127982418,-0.03465045081946726
-0.0011492745070641752,-0.03415876247922719
-0.0010992372408429583,-0.03366708239698333
-0.0010942942045792838,-0.03317541045359896
-0.001033827319996607,-0.0326837465299511
-0.0010309368913851591,-0.03219209050693039
-0.0010213634278621797,-0.03170044226544069
-0.0010122849599465285,-0.031208801686399473
-0.0009995716047960024,-0.03071716865073674
-0.000985048052316423,-0.030225543039395432
-0.0009704773489745043,-0.029733924733331054
-0.0009704655013934608,-0.029242313613511484
-0.0009645763659031748,-0.028750709560916625
-0.0008550022619884417,-0.02825911245653875
-0.000853524374240648,-0.027767522181381503
-0.0008511426844305558,-0.0272759386164602
-0.0007961652649879088,-0.026784361642801537
-0.000787376313683522,-0.02629279114144321
-0.0007495119352191509,-0.025801226993434304
-0.0007348499963811399,-0.025309669079834226
-0.000713371167445797,-0.024818117281713084
-0.0005964412740210124,-0.024326571480151323
-0.0005805197315112334,-0.023835031556239554
-0.0005781341395793602,-0.023343497391078168
-0.00048629841074463364,-0.02285196886577774
-0.00042853146400921365,-0.02236044586145797
-0.0004091041894498097,-0.02186892825924802
-0.00037627388656433355,-0.02137741594028621
-0.00035198300932640195,-0.020885908785719796
-0.0003477087264054705,-0.020394406676704616
-0.0003161859550452895,-0.019902909494405478
-0.00031000861813887544,-0.019411417119995094
-0.00023624331195952627,-0.018919929434654467
-0.00017920036573245622,-0.018428446319572512
-0.0001690189545928199,-0.01793696765594574
7.063435194219719e-05,-0.017445493324978613
0.00025900017854638537,-0.0169540232078825
0.0002797675461575576,-0.016462557185876043
0.0002797682156266818,-0.015971095140184792
0.00038909395082782844,-0.015479636952041043
0.0004315198508735431,-0.014988182502683462
0.0005093512241500233,-0.014496731673357459
0.0005223522435792465,-0.01400528434531415
0.0005601331706085145,-0.01351384039981071
0.0005939454710482665,-0.01302239971811003
0.0006034146096572244,-0.012530962181480386
0.0006292625451098069,-0.012039527671195783
0.0006513520907684984,-0.011548096068534932
0.00078708701315026,-0.011056667254781594
0.0007875150702321464,-0.010565241111224252
0.0007884786416433813,-0.01007381751915589
0.000868860643672315,-0.009582396359873686
0.0009372063687405525,-0.00909097751467933
0.0009669311015835145,-0.008599560864878019
0.0009722421781862052,-0.008108146291778794
0.0009856787021377525,-0.007616733676694206
0.0010034697403394888,-0.007125322900940125
0.0010142579485735042,-0.006633913845835381
0.001032015180350591,-0.006142506392702136
0.0010687685425089283,-0.0056511004228648395
0.0011025255472318612,-0.00515969581765059
0.0011333300010509502,-0.00466829245838879
0.0011445752933777276,-0.004176890226410812
0.001145376413424245,-0.00368548900305035
0.0011466912503595651,-0.0031940886696423853
0.0011921889445592488,-0.002702689107523542
0.0012520173068498643,-0.0022112901980317506
0.0012529922799520631,-0.0017198918225060419
0.0012623861044146409,-0.0012284938622862112
0.0012987614484660415,-0.0007370961987131733
0.0013035469035159325,-0.0002456987131279273
0.0013169299436384908,0.0002456987131279491
0.001317566075951456,0.0007370961987133341
0.0013402294241235367,0.0012284938622862329
0.0014042522014362656,0.0017198918225060636
0.001409501105972001,0.0022112901980319115
0.001415808351911761,0.0027026891075235637
0.0015229380388071332,0.003194088669642546
0.0015716970250423574,0.0036854890030503717
0.0016119819081699429,0.004176890226410974
0.001615128700469918,0.004668292458388952
0.0016154528095674396,0.005159695817650613
0.0016646228693788995,0.005651100422865002
0.001694878456534977,0.006142506392702159
0.0017230473762642122,0.006633913845835543
0.0017230473762642122,0.0071253229009402876
0.001726394531857779,0.007616733676694229
0.0017279570831856025,0.008108146291778954
0.0017411263912070498,0.00859956086487804
0.0017597701988903533,0.00909097751467949
0.0018123544683050202,0.009582396359873707
0.0018221757629976261,0.010073817519155912
0.0018237370978034131,0.010565241111224411
0.0018323076626639257,0.011056667254781615
0.0018820261985882118,0.011548096068535092
0.0018858280401478217,0.012039527671195803
0.001982516804012744,0.012530962181480546
0.002061675839635681,0.01302239971811019
0.00206285320692214,0.01351384039981073
0.0020717257619371735,0.014005284345314312
0.0021084082390547747,0.01449673167335748
0.0021365978517024747,0.014988182502683621
0.002204008321825182,0.015479636952041203
0.002216390990205408,0.015971095140184813
0.0022857093874921767,0.016462557185876203
0.0022938818752839332,0.016954023207882522
0.0023558910779077277,0.017445493324978772
0.002376405564203904,0.01793696765594576
0.002382238126110571,0.018428446319572533
0.0024096724425121756,0.018919929434654627
0.0025180872300995675,0.019411417119995115
0.002521562240751827,0.019902909494405638
0.0027403801656033077,0.020394406676704637
0.002743189541497992,0.020885908785719817
0.002753264221277213,0.02137741594028637
0.0027715615080225182,0.021868928259248042
0.002797739274856068,0.022360445861458134
0.0028252079907076155,0.022851968865777762
0.002877793601492739,0.023343497391078327
0.003020547263932805,0.023835031556239714
0.0030490476458013235,0.024326571480151344
0.0030707863353912597,0.024818117281713244
0.003205076611080303,0.025309669079834528
0.003265742045773753,0.025801226993434463
0.003272355603109468,0.02629279114144351
0.003294668900411953,0.026784361642801558
0.003365077046293831,0.027275938616460358
0.003389277658653632,0.0277675221813818
0.003428075617736033,0.02825911245653891
0.00343119147319711,0.028750709560916923
0.003498826445412092,0.029242313613511504
0.0035050734548904656,0.029733924733331214
0.0035394693003215965,0.030225543039395453
0.003542601696806093,0.030717168650736898
0.0035469922837688653,0.03120880168639977
0.0035782682094622547,0.03170044226544086
0.0035928264181193234,0.03219209050693056
0.0036201353875236304,0.03268374652995113
0.0036534084343704276,0.033175410453599126
0.0036561888004311414,0.033667082396983634
0.0036595886059477105,0.034158762479227354
0.0036869165163412503,0.03465045081946756
0.0037117536652164973,0.03514214753685446
0.003718294854041007,0.035633852750553516
0.0037253192230387736,0.03612556657974378
0.003767362571918803,0.03661728914361888
0.003793992161551647,0.037109020561388095
0.0038030426824182837,0.03760076095227459
0.003834986420632915,0.03809251043551785
0.0038562497750698,0.03858426913037165
0.0038707704879526136,0.03907603715610648
0.0038969210528772545,0.039567814632007856
0.0039530640342317555,0.04005960167737726
0.003970101754618022,0.040551398411533254
0.004008288048457321,0.041043204953809725
0.0040082902438927735,0.041535021423558284
0.0040199388948860635,0.04202684794014653
0.004036944558382364,0.04251868462295913
0.0040797217791011175,0.04301053159139881
0.004099622868646495,0.04350238896488463
0.0041326308402329995,0.043994256862854395
0.004161412692437717,0.044486135404762955
0.004176325060683092,0.0449780247100832
0.004187629074805385,0.04546992489830711
0.004197541271355378,0.04596183608894404
0.004215875821302285,0.04645375840152309
0.004218268315161687,0.04694569195559116
0.004231335088100307,0.047437636870715304
0.004261754730562887,0.04792959326648106
0.004272632308489912,0.048421561262493425
0.004340007205385464,0.04891354097837793
0.004417408355787561,0.0494055325337789
0.004419436985717461,0.04989753604836186
0.004425788860399397,0.05038955164181182
0.0044271997348039075,0.05088157943383429
0.004445646084513684,0.051373619544156326
0.004501320207220248,0.051865672092524816
0.004561390204086684,0.05235773719870887
0.0045765393789978966,0.0528498149824981
0.0045923465301440725,0.053341905563703655
0.004643409851954601,0.05383400906215928
0.004691806157618245,0.054326125597719516
0.004700230851833701,0.05481825529026222
0.004704541057862193,0.055310398259686464
0.004740407678745916,0.05580255462591501
0.004787139969367905,0.05629472450889258
0.004787778949159063,0.05678690802858683
0.004793433817862322,0.05727910530498948
0.004821967896355564,0.057771316458114515
0.004826666011216396,0.05826354160800061
0.0048271761716300685,0.058755780874709465
0.004833099572776965,0.05924803437832672
0.004850809710694265,0.059740302238963136
0.004912022741793808,0.06023258457675274
0.004915883412528021,0.060724881511855344
0.004979715413102724,0.06121719316445473
0.00500430315627845,0.06170951965475975
0.005069509122709121,0.06220186110300534
0.005086267610715883,0.06269421762945078
0.005091976301011148,0.06318658935438215
0.005125709405441624,0.06367897639811028
0.005133987950710928,0.06417137888097318
0.005202324061288494,0.06466379692333439
0.00523837802403218,0.06515623064558386
0.005244794580388155,0.06564868016813916
0.005257713559602544,0.0661411456114436
0.0052607408678986885,0.0666336270959688
0.005272217641024974,0.06712612474221283
0.0052779280411053555,0.06761863867070131
0.005291937764180964,0.06811116900198846
0.0053299052432034325,0.06860371585665537
0.005342219328921662,0.06909627935531237
0.005351444754316893,0.06958885961859734
0.0053593405084007215,0.07008145676717681
0.005375277316749887,0.07057407092174685
0.005439163771446027,0.07106670220303149
0.005441871774501234,0.07155935073178508
0.0055394466141960984,0.0720520166287903
0.005561511298870309,0.0725447000148605
0.005656732828667054,0.07303740101083817
0.00567320025858728,0.07353011973759575
0.005693199244158953,0.07402285631603683
0.0056988754705795544,0.07451561086709439
0.0057326619489550595,0.07500838351173315
0.005764065810929027,0.07550117437094793
0.005774232203680123,0.07599398356576469
0.005843852058686414,0.07648681121724148
0.005940057252429212,0.07697965744646683
0.005942804512590792,0.07747252237456209
0.005996944219554418,0.07796540612267976
0.006060575557536746,0.07845830881200448
0.0061175698323085665,0.07895123056375412
0.00611829644018128,0.07944417149917804
0.006177147107044767,0.0799371317395595
0.00619431225477559,0.08043011140621394
0.006208064646153975,0.08092311062049
0.006276630946214242,0.08141612950377067
0.006293001241656562,0.08190916817747142
0.0063809697098312496,0.0824022267630427
0.006381214951057794,0.08289530538196795
0.006404858134752977,0.083388404155766
0.006415481515830798,0.08388152320598938
0.0064325220831796745,0.08437466265422526
0.006444417530177867,0.08486782262209669
0.006453081240046944,0.08536100323126065
0.0064558594041229725,0.08585420460341063
0.006531848198050504,0.08634742686027488
0.006537999913459953,0.08684067012361743
0.006553487232442681,0.0873339345152391
0.006567554113399697,0.08782722015697586
0.006673364527803918,0.08832052717070124
0.006677278387839484,0.0888138556783245
0.006694891508816819,0.08930720580179188
0.006696555439302877,0.08980057766308741
0.006697719336081572,0.09029397138423136
0.006716206112866156,0.09078738708728262
0.0067185043358706596,0.09128082489433667
0.0067417624370762425,0.09177428492752808
0.006766889974997362,0.09226776730902869
0.0067734486152185806,0.09276127216104872
0.006873914593126191,0.09325479960583782
0.006873916730318872,0.09374834976568336
0.0069048788623758016,0.09424192276291277
0.006920580964921971,0.09473551871989194
0.006982266315217731,0.09522913775902622
0.006986291080106615,0.09572278000276142
0.0069883577828110275,0.09621644557358215
0.0070319257537910145,0.09671013459401423
0.007089916132978701,0.09720384718662299
0.007094511585690541,0.09769758347401426
0.007167648616994122,0.09819134357883551
0.007197766826986375,0.09868512762377404
0.007293334528265158,0.09917893573155948
0.0074023103956399475,0.09967276802496175
0.007455872064572405,0.1001666246267935
0.0075189866865851916,0.10066050565990844
0.007554377461977391,0.10115441124720231
0.007699970088581257,0.10164834151161403
0.007739417334287341,0.10214229657612382
0.007834456030848624,0.10263627656375585
0.007932332610519052,0.10313028159757634
0.007953850540752046,0.1036243118006947
0.00802348573442173,0.10411836729626457
0.00802454501054066,0.10461244820748207
0.008070871882555886,0.1051065546575883
0.008109132604068186,0.10560068676986754
0.008112523547652323,0.10609484466764835
0.008112868096002585,0.10658902847430464
0.008145755205374805,0.1070832383132539
0.008213583520409863,0.10757747430795972
0.008233536754844896,0.10807173658192969
0.008263700073569379,0.10856602525871788
0.00826766390170683,0.10906034046192317
0.008356524154584684,0.10955468231519028
0.008362004668065255,0.11004905094221075
0.00847644999645049,0.11054344646672136
0.008590657868396398,0.11103786901250644
0.008598584802389253,0.11153231870339622
0.008661559523153119,0.1120267956632679
0.008705762398878348,0.11252130001604664
0.008719789945876051,0.11301583188570392
0.008877501806389689,0.11351039139625993
0.008947565088542922,0.11400497867178183
0.008953270656853687,0.11449959383638492
0.00900299869576131,0.11499423701423354
0.009004647441211985,0.11548890832953954
0.009009229275919184,0.11598360790656449
0.009017521084335105,0.11647833586961791
0.00901959333425427,0.11697309234305961
0.009049736846704057,0.11746787745129794
0.009134237742468142,0.11796269131879093
0.0092007208569266,0.11845753407004733
0.009201668757227824,0.11895240582962481
0.009267077149603847,0.11944730672213254
0.009321167409790866,0.1199422368722294
0.00933790592340266,0.12043719640462498
0.009399502875307159,0.12093218544408083
0.009460210967698678,0.1214272041154085
0.009553585509115533,0.12192225254347218
0.009640342935117108,0.12241733085318691
0.009767875760029262,0.12291243916951966
0.009843285196548042,0.12340757761749033
0.00989179664132706,0.12390274632217013
0.009908124513558604,0.12439794540868397
0.010033539093062717,0.1248931750022085
0.010047168489696522,0.12538843522797452
0.010050300816590831,0.12588372621126534
0.010078204279945465,0.12637904807741773
0.01019276177129683,0.1268744009518231
0.010225992328743775,0.12736978495992568
0.010226293973808207,0.12786520022722508
0.010235478185680151,0.12836064687927454
0.01033104810133229,0.12885612504168192
0.010339047304460326,0.12935163484011086
0.010412992780007036,0.12984717640027904
0.010585501701082963,0.13034274984796057
0.010607134243617042,0.1308383553089844
0.010650288466097863,0.1313339929092353
0.010828075478596402,0.131829662774655
0.010956206990348685,0.13232536503124026
0.0109591060526786,0.1328210998050457
0.010972953745048381,0.13331686722218142
0.011104395837836453,0.1338126674088158
0.011123827105577777,0.13430850049117354
0.011190676256303876,0.1348043665955368
0.011306286480688486,0.13530026584824634
0.01141731517591374,0.13579619837569976
0.011434956628939553,0.13629216430435387
0.011452165477201605,0.1367881637607231
0.011519848533656224,0.1372841968713807
0.011673338926472876,0.13778026376295932
0.011714045010410899,0.1382763645621499
0.011881467526387034,0.13877249939570377
0.012069892232693277,0.13926866839043095
0.012148979654145223,0.1397648716732014
0.012149378444509707,0.14026110937094594
0.012157000143955612,0.14075738161065462
0.012213698069705417,0.14125368851937908
0.01245213357975955,0.14175003022423074
0.012503231097141656,0.1422464068523831
0.012504744453437622,0.14274281853107007
0.012622416856532455,0.14323926538758713
0.012639798978804614,0.14373574754929228
0.012737018600769775,0.14423226514360443
0.012761815145083972,0.14472881829800582
0.01281504002943179,0.1452254071400403
0.01283064554511929,0.14572203179731444
0.012834747176663577,0.1462186923974986
0.012901059570898297,0.1467153890683252
0.012943949826789675,0.14721212193759126
0.012954990671840912,0.1477088911331565
0.013012643473591488,0.14820569678294468
0.013135902157126398,0.1487025390149445
0.013285311232402394,0.149199417957208
0.013405540563639027,0.14969633373785288
0.013524804804886412,0.15019328648506067
0.013556584504550438,0.15069027632707913
0.013654483003322544,0.15118730339222056
0.0136883479023302,0.15168436780886282
0.01372715298223161,0.15218146970545063
0.013981398791857122,0.15267860921049353
0.014026355509775395,0.15317578645256857
0.014047432440078248,0.15367300156031863
0.014085716131743444,0.15417025466245332
0.014100278661698018,0.15466754588775025
0.014155424807184385,0.15516487536505325
0.014167016915894969,0.15566224322327477
0.014286311623494486,0.1561596495913944
0.014302567051886353,0.1566570945984596
0.014316810423767102,0.1571545783735872
0.014350928756545282,0.15765210104596136
0.0143983225058994,0.1581496627448362
0.014413386633655075,0.158647263599534
0.014413860002585132,0.15914490373944654
0.014417318160757942,0.1596425832940358
0.014491250158733617,0.1601403023928326
0.01450506272774075,0.16063806116543886
0.014522045472439286,0.16113585974152578
0.014589091028685558,0.16163369825083612
0.014613872857943208,0.16213157682318274
0.014621916639676673,0.1626294955884495
0.014621917503772019,0.16312745467659243
0.014654690286703059,0.16362545421763805
0.014699903894930106,0.16412349434168572
0.01471809491134514,0.1646215751789062
0.014722661435059467,0.16511969685954236
0.0147539642815552,0.16561785951391078
0.01491409442901831,0.16611606327239944
0.014924135539973349,0.16661430826547072
0.014949733905645142,0.16711259462365952
0.015053897715349917,0.16761092247757425
0.01525483027632878,0.16810929195789806
0.015294602992690776,0.16860770319538704
0.015478094698699056,0.16910615632087284
0.015539699067594443,0.16960465146526052
0.015544523223778937,0.17010318875953126
0.015559133215487053,0.1706017683347404
0.015595396887392669,0.17110039032201868
0.015640581194443275,0.17159905485257348
0.01569586501344254,0.17209776205768682
0.01577103643797424,0.17259651206871807
0.015857493396854366,0.17309530501710207
0.015887673460052872,0.17359414103435053
0.0161162978611158,0.17409302025205278
0.01611673843035101,0.17459194280187432
0.01612556073191113,0.17509090881555917
0.016145304942315593,0.17558991842492827
0.01615884203044452,0.17608897176188054
0.016184953720987907,0.17658806895839393
0.016215488576898217,0.17708721014652384
0.016295448872199116,0.17758639545840554
0.016351061346512406,0.17808562502625214
0.016354534702794948,0.1785848989823573
0.01637292954084304,0.1790842174590932
0.016383035275325142,0.17958358058891208
0.016427923588442396,0.1800829885043468
0.0164321615155472,0.1805824413380097
0.016499500063097104,0.18108193922259477
0.016528444988488728,0.18158148229087598
0.016531637272653256,0.18208107067570845
0.01653862868768474,0.1825807045100296
0.016611344771921624,0.1830803839268574
0.016723299816291844,0.18358010905929276
0.016748653700121095,0.1840798800405181
0.01726721942153781,0.18457969700379825
0.017280979322942237,0.18507956008248155
0.017305369934275054,0.18557946940999834
0.017388383633433997,0.1860794251198633
0.017432943327268382,0.18657942734567354
0.017538604714827707,0.1870794762211111
0.017637539068671614,0.1875795718799412
0.017651066630101724,0.18807971445601354
0.01765891258428783,0.18857990408326322
0.017675691468635103,0.18908014089570901
0.017720138915402237,0.18958042502745617
0.017796956701857145,0.1900807566126944
0.017803609555607468,0.19058113578569913
0.017896990408641594,0.19108156268083265
0.0179230880998705,0.1915820374325424
0.01793468709985095,0.19208256017536335
0.018006996834838876,0.19258313104391656
0.018018221365731304,0.1930837501729101
0.0180550141615769,0.19358441769714027
0.018209546532278093,0.19408513375148978
0.018261545154547407,0.1945858984709305
0.018559985710445575,0.19508671199052122
0.018600266447979855,0.1955875744454104
0.01866387524180387,0.1960884859708343
0.018775384561734214,0.19658944670211825
0.01878275707317125,0.1970904567746777
0.01879373522696109,0.19759151632401653
0.018802684829162634,0.1980926254857295
0.0188640377783205,0.19859378439550077
0.018932010234147544,0.19909499318910479
0.01899592426802334,0.19959625200240763
0.01899733424942507,0.20009756097136516
0.019152554169956832,0.20059892023202552
0.019341083948305107,0.20110032992052765
0.01944676344635099,0.20160179017310217
0.019449007981649117,0.2021033011260728
0.019460779902127554,0.20260486291585428
0.01947127118364891,0.20310647567895526
0.019478661586613065,0.20360813955197618
0.01947866179120077,0.20410985467161177
0.019508867839313996,0.20461162117464948
0.019614872055043205,0.2051134391979705
0.019718529921687173,0.2056153088785509
0.01978058105876434,0.20611723035346002
0.01978058230162432,0.206619203759863
0.01981835899735627,0.20712122923501897
0.019876461001946972,0.20762330691628234
0.01994418054455582,0.2081254369411038
0.020180146287004246,0.2086276194470288
0.020204654236044537,0.2091298545716999
0.020229095042244714,0.2096321424528552
0.020296325087704205,0.21013448322832953
0.02046644148145778,0.21063687703605538
0.02069517317068713,0.21113932401406144
0.02076750908339177,0.211641824300475
0.020888072114339302,0.21214437803352007
0.02092680546014282,0.2126469853515199
0.020938240353261767,0.21314964639289527
0.020984029029641377,0.21365236129616566
0.02114616290623045,0.21415513019995033
0.021150285725199478,0.21465795324296685
0.021172394973398553,0.21516083056403326
0.021191025992176503,0.21566376230206682
0.02144317834365123,0.21616674859608484
0.021642802791386917,0.216669789585206
0.021686808683823753,0.2171728854086485
0.021804654087911636,0.21767603620573286
0.021851182246713854,0.21817924211588005
0.021851471393538782,0.21868250327861258
0.021854031820034737,0.21918581983355595
0.02186587835039981,0.21968919192043657
0.0218936175189411,0.22019261967908466
0.022023613056546966,0.22069610324943204
0.02210943782277994,0.22119964277151494
0.022457403401279892,0.22170323838547207
0.022498996047498315,0.2222068902315459
0.022537929515244873,0.22271059845008387
0.022613361786301623,0.2232143631815365
0.022712637511497828,0.2237181845664602
0.022764085519165783,0.2242220627455155
0.02291616302369949,0.22472599785946804
0.023100059510139444,0.22522999004919003
0.023101855206015005,0.22573403945565831
0.02312767312916889,0.22623814621995708
0.0234184588440163,0.22674231048327614
0.02362633114005899,0.2272465323869121
0.0236591405023537,0.22775081207226944
0.023767190861877105,0.22825514968085903
0.023782581748637184,0.22875954535430043
0.023805343245755055,0.22926399923432045
0.023805882578549233,0.22976851146275423
0.023824075445323237,0.23027308218154635
0.023850947966255864,0.2307777115327492
0.0240907146452548,0.23128239965852565
0.024138915199643188,0.23178714670114683
0.024142045960288207,0.232291952802995
0.024200872251294282,0.2327968181065618
0.024452052592981808,0.23330174275444923
0.02445377559614138,0.23380672688937104
0.024577117010777392,0.234311770654151
0.02460617192234078,0.23481687419172545
0.02489231796576101,0.23532203764514154
0.02491265849521932,0.2358272611575586
0.024954765397134277,0.23633254487224917
0.025005143252189076,0.23683788893259736
0.025045105131213434,0.23734329348210143
0.025078955691052257,0.23784875866437216
0.02524689752294304,0.238354284623134
0.025273298550266783,0.23885987150222612
0.025442081330837602,0.23936551944560108
0.02566843759599475,0.23987122859732696
0.025669819807855584,0.2403769991015858
0.02566982012743516,0.24088283110267594
0.025778939843083163,0.24138872474501055
0.025832425961404663,0.2418946801731186
0.02587490409817913,0.24240069753164628
0.02587649386621684,0.24290677696535506
0.02600502564910129,0.2434129186191245
0.026010284044084606,0.24391912263795054
0.02601278226637584,0.2444253891669466
0.026197042252451817,0.24493171835134475
0.02621158762452228,0.2454381103364943
0.026281442757855825,0.24594456526786398
0.02643451415843006,0.2464510832910407
0.026493111165643034,0.2469576645517304
0.026547790738977336,0.2474643091957594
0.026575215731512426,0.24797101736907282
0.026611768406203485,0.24847778921773692
0.026954861452655413,0.24898462488793738
0.02714375231037455,0.24949152452598186
0.02725885047903224,0.24999848827829826
0.02744292555136898,0.250505516291436
0.027627083317047905,0.2510126087120673
0.027774854485626808,0.2515197656869851
0.027944100561096894,0.25202698736310625
0.02795419357240758,0.2525342738874694
0.02818831939120068,0.25304162540723646
0.028203460571281376,0.25354904206969364
0.028262422840649754,0.2540565240222498
0.02840536445524182,0.25456407141243925
0.028406739528680634,0.2550716843879199
0.02856279650574864,0.25557936309647433
0.028657858242849554,0.25608710768601145
0.02874774300910676,0.2565949183045644
0.028818402030197976,0.2571027951002933
0.028908642375285815,0.25761073822148356
0.028965376810978827,0.25811874781654803
0.02924124729587407,0.2586268240340257
0.029400855485517696,0.2591349670225829
0.029668846157729314,0.25964317693101424
0.029687334682001375,0.26015145390824124
0.02974059397779603,0.2606597981033148
0.029756696820737265,0.26116820966541354
0.029930289746431013,0.2616766887438452
0.029940191253233016,0.2621852354880476
0.02995427435044204,0.26269385004758705
0.03000863015556011,0.2632025325721611
0.030021687273914462,0.2637112832115967
0.03007913757092897,0.26422010211585173
0.0306280944912743,0.2647289894350158
0.030676022944091937,0.2652379453193089
0.030847603079621196,0.26574696991908386
0.031163183100544525,0.2662560633848246
0.031241880320010594,0.2667652258671486
0.03131158971687419,0.26727445751680534
0.03146873175098551,0.2677837584846775
0.031721300270805414,0.2682931289217821
0.03173896549520648,0.268802568979269
0.03175771386663827,0.26931207880842356
0.031891410785072724,0.26982165856066465
0.03192633111958519,0.2703313083875464
0.0319906729549441,0.27084102844075886
0.03207088548050436,0.2713508188721269
0.03247483295581171,0.2718606798336124
0.032490017124177845,0.272370611477313
0.03249164238144923,0.272880613955463
0.03255498554250417,0.27339068742043465
0.03256217584952183,0.2739008320247367
0.032850765364435194,0.27441104792101684
0.03321365716546529,0.2749213352620599
0.03352327566700315,0.27543169420079056
0.0336581710836448,0.2759421248902715
0.033990491545770746,0.27645262748370464
0.03409099464304888,0.2769632021344327
0.03418101241573775,0.27747384899593724
0.034210718861325956,0.2779845682218415
0.03421324446387295,0.2784953599659084
0.034236914006986044,0.2790062243820425
0.034458064410272556,0.2795171616242904
0.0345424807041561,0.28002817184683976
0.0346521504174399,0.2805392552040215
0.034856118488436144,0.2810504118503086
0.03486780077730807,0.28156164194031674
0.03489429991654329,0.28207294562880636
0.03518649469603137,0.2825843230706802
0.035187305347678596,0.28309577442098655
0.035195723351082606,0.283607299834917
0.03522874816750658,0.2841188994678094
0.03550395397234245,0.2846305734751459
0.035569270752869,0.28514232201255446
0.03572891845066324,0.28565414523581
0.03573309601550202,0.28616604330083273
0.03574776882598637,0.28667801636369084
0.03604793002431621,0.287190064580599
0.0363704788859174,0.2877021881079194
0.03641162259920881,0.2882143871021633
0.03644012653305316,0.28872666171998895
0.03645543297135412,0.28923901211820463
0.03664397470627561,0.2897514384537671
0.0367499681538234,0.29026394088378243
0.036817952278832694,0.29077651956550776
0.037002403766230076,0.2912891746563491
0.037067973266992016,0.2918019063138647
0.03716799059683628,0.2923147146957626
0.037430283803843466,0.2928275999599035
0.037482103992410455,0.29334056226429917
0.03762117347730491,0.2938536017671137
0.03767456207435878,0.29436671862666486
0.037926220857993284,0.2948799130014221
0.03815714007950471,0.2953931850500098
0.03830808955746441,0.2959065349312051
0.03840209289537833,0.2964199628039398
0.03842244637347064,0.2969334688273009
0.03842244658577024,0.29744705316052944
0.038426000875549926,0.2979607159630232
0.03851068529509469,0.2984744573943349
0.03872615724570867,0.2989882776141737
0.03903807157867131,0.29950217678240604
0.03933759271829033,0.3000161550590546
0.0393384202417997,0.3005302126043007
0.039530591381642256,0.30104434957848214
0.039613795352379806,0.30155856614209653
0.03961648996402145,0.30207286245579923
0.039635447043237765,0.3025872386804046
0.03988347355863359,0.30310169497688777
0.04002413385555453,0.3036162315063823
0.04018633466950468,0.3041308484301834
0.04025060171944952,0.30464554590974635
0.04051048177878122,0.3051603241066875
0.040971804688192295,0.30567518318278564
0.04147611630160563,0.3061901232999806
0.041494958376980286,0.30670514462037557
0.04167772961767694,0.307220247306236
0.04168611058374652,0.30773543151999033
0.0417571120505069,0.3082506974242319
0.041816047201311594,0.30876604518171674
0.042116233968917054,0.3092814749553667
0.04219941203669489,0.30979698690826774
0.04224943904193682,0.3103125812036711
0.04228425009364406,0.31082825800499475
0.04302216692098188,0.31134401747582185
0.043194344836456504,0.31185985977990316
0.043440048919780865,0.31237578508115554
0.04365156278514995,0.31289179354366436
0.04385557070930707,0.31340788533168223
0.043894587173842536,0.31392406060962996
0.044013715652214326,0.3144403195420982
0.044196588098491384,0.3149566622938455
0.044322336911535386,0.3154730890298014
0.04449432481670875,0.31598959991506453
0.04460471491006578,0.31650619511490397
0.044694107906542525,0.3170228747947609
0.04475302986504781,0.3175396391202464
0.044773813848217735,0.318056488257145
0.044829650452078304,0.31857342237141206
0.044953774297719455,0.31909044162917605
0.04545054266071313,0.3196075461967394
0.045532923696716875,0.32012473624057686
0.04563963952072875,0.3206420119273385
0.045771272410092795,0.3211593734238475
0.04582250652778086,0.32167682089710325
0.046028970250399974,0.32219435451427975
0.04616356513777345,0.3227119744427266
0.046524023288965405,0.3232296808499706
0.0469866951924937,0.3237474739037141
0.04704660111320933,0.3242653537718378
0.04706338610794828,0.324783320622399
0.0473254186034732,0.3253013746236332
0.04733362735937535,0.32581951594395514
0.04734681028787138,0.32633774475195737
0.04736396965110139,0.32685606121641325
0.04738877934882737,0.32737446550627464
0.04744056040468019,0.3278929577906742
0.047545302636901716,0.32841153823892594
0.0475820977395787,0.3289302070205241
0.04765528294007327,0.3294489643051457
0.047940770196882,0.32996781026264865
0.04835483252314975,0.3304867450630749
0.04837122871342268,0.3310057688766483
0.04845344164739591,0.33152488187377643
0.04845344185244278,0.33204408422505177
0.04850269984280336,0.33256337610124975
0.04851277686983125,0.33308275767333245
0.04871715271254154,0.33360222911244597
0.048751066745208516,0.3341217905899226
0.048988465859013404,0.33464144227728165
0.0491979122693037,0.33516118434622816
0.049198567777160584,0.33568101696865565
0.04930126795969238,0.33620094031664444
0.04943172040194184,0.33672095456246304
0.04946268319670492,0.33724105987856967
0.049473801612340426,0.33776125643761035
0.04968366230424287,0.3382815444124222
0.05001853692412653,0.338801923976031
0.0500977218974047,0.3393223953016546
0.05010311681979533,0.3398429585627007
0.05013480892879151,0.340363613932769
0.05020537584258942,0.3408843615856517
0.050345065468402665,0.3414052016953328
0.0503717612152021,0.3419261344359901
0.05044381780776328,0.34244715998199426
0.050459078462503165,0.34296827850790984
0.05055102294751131,0.3434894901884969
0.05064873749251889,0.34401079519870903
0.050703064342175364,0.3445321937136967
0.05082495283687077,0.34505368590880536
0.05092890349630357,0.34557527195957694
0.0510120813074647,0.3460969520417511
0.051584259124063815,0.3466187263312639
0.0516575139108801,0.34714059500425043
0.05177680431804617,0.34766255823704295
0.0518810058801892,0.348184616206174
0.05190450731701166,0.3487067690883746
0.05191634543528961,0.3492290170605756
0.051934119624924904,0.3497513602999093
0.051952582645385305,0.3502737989837076
0.052038164117243345,0.35079633328950527
0.0520656969963413,0.35131896339503793
0.05211192433745415,0.35184168947824357
0.052151308286690436,0.3523645117172644
0.05239331990782681,0.35288743029044456
0.052414347220750765,0.35341044537633337
0.05245769859169214,0.3539335571536841
0.05253903432716552,0.3544567658014546
0.052704940554172755,0.3549800714988094
0.052726756065272086,0.35550347442511776
0.05275650014203085,0.3560269747599567
0.052800746237812723,0.3565505726831092
0.05280686627134957,0.3570742683745669
0.05314490972086074,0.35759806201452865
0.05325356807771738,0.35812195378340217
0.053364238949135244,0.3586459438618049
0.05354588268887323,0.3591700324305629
0.05364771162653331,0.3596942196707137
0.05377482561537504,0.3602185057635046
0.05416101333383446,0.3607428908903942
0.05418425515693349,0.3612673752330537
0.054197508791813856,0.3617919589733654
0.05432069265517985,0.3623166422934259
0.0543312226868011,0.36284142537554404
0.05442635830331944,0.36336630840224254
0.05460559143710339,0.36389129155625977
0.054901892481585446,0.3644163750205475
0.054935582433487624,0.36494155897827457
0.0554524827866094,0.3654668436128245
0.055470098205968904,0.3659922291077987
0.05581170675343371,0.3665177156470148
0.05605213721626197,0.3670433034145081
0.05608335907339826,0.36756899259453313
0.056084610789851726,0.3680947833715619
0.0562079948339194,0.368620675930287
0.056502976641405876,0.3691466704556201
0.056586935831973,0.3696727671326931
0.05658693629989467,0.37019896614686004
0.056642473351556734,0.37072526768369507
0.05683289785922251,0.3712516719289957
0.05700934462395067,0.3717781790687814
0.05708209900903497,0.37230478928929445
0.057192373386942025,0.3728315027770022
0.05747646754729751,0.37335831971859484
0.05769202935760026,0.3738852403009887
0.05773130012693634,0.3744122647113246
0.05788659237372856,0.37493939313697017
0.05798040190240993,0.3754666257655191
0.058921542839375084,0.37599396278479197
0.05913123259032405,0.37652140438283815
0.05924928300244145,0.37704895074793393
0.059381369932765195,0.3775766020685858
0.05958989993108259,0.3781043585335287
0.05968749677622208,0.3786322203317276
0.06012110726334299,0.37916018765237897
0.06041056508065505,0.37968826068490913
0.06075661342917146,0.3802164396189775
0.06141714842824556,0.38074472464447473
0.061422823368698115,0.38127311595152463
0.06145717616200747,0.38180161373048505
0.06155299558761758,0.38233021817194685
0.06223589034556799,0.38285892946673694
0.06232085572599195,0.383387747805916
0.06243899612263226,0.38391667338078184
0.06244847102736705,0.3844457063828676
0.06254086855226967,0.3849748470039438
0.0627697573904197,0.38550409543601916
0.06290388386061481,0.3860334518713395
0.06304861912954103,0.38656291650239055
0.0631056689061395,0.3870924895218967
0.06311278189852158,0.38762217112282205
0.06325416612913994,0.38815196149837244
0.06355139170213388,0.38868186084199363
0.0642854392570926,0.3892118693473743
0.06430573196748625,0.38974198720844466
0.06444879872908103,0.390272214619378
0.06447434223727799,0.39080255177459206
0.06452090623739931,0.39133299886874756
0.06453038681440511,0.39186355609675133
0.06486231925204804,0.39239422365375465
0.06538617516479658,0.392925001735155
0.06547005615754646,0.3934558905365973
0.0655484492417902,0.3939868902539727
0.06573886213757757,0.39451800108342144
0.06581159694171587,0.39504922322133085
0.06597994018869215,0.395580556864339
0.06598995790030303,0.3961120022093326
0.06691775461057863,0.39664355945344887
0.06727255965684453,0.3971752287940768
0.06744465787030837,0.3977070104288561
0.06789104669663346,0.39823890455567973
0.06790267113635975,0.3987709113726929
0.06811867749706071,0.3993030310782942
0.06835712639540437,0.3998352638711374
0.06864990669977569,0.4003676099501298
0.06880025629838261,0.40090006951443563
0.06889938336383873,0.401432642763474
0.06910172209317346,0.401965329896921
0.06935450165327674,0.4024981311147111
0.06943003953776977,0.40303104661703515
0.06956895016731421,0.4035640766043445
0.06961982151582716,0.4040972212773482
0.06962355095808735,0.4046304808370166
0.06997009490471569,0.40516385548457995
0.07013833256844228,0.4056973454215295
0.07082551828790594,0.4062309508496197
0.07114734276502668,0.40676467197086613
0.07124456829845982,0.40729850898754905
0.07125053269932154,0.40783246210221147
0.07146493942535427,0.4083665315176613
0.07155705970718855,0.40890071743697237
0.07160432095176296,0.40943502006348337
0.07196976414928119,0.4099694396008007
0.07198391656017426,0.41050397625279716
0.07213597781851055,0.4110386302236135
0.0723109647611361,0.41157340171765994
0.0724583064172454,0.4121082909396147
0.07248945432104924,0.41264329809442724
0.0726085026722776,0.4131784233873166
0.07282243665976784,0.41371366702377405
0.07297601432596391,0.4142490292095621
0.07308141414531176,0.4147845101507158
0.07308845729855783,0.4153201100535448
0.07310175113541412,0.4158558291246312
0.07339428927063943,0.4163916675708333
0.07341128068760543,0.41692762559928387
0.07357401062232807,0.41746370341739175
0.07383208096535611,0.41799990123284353
0.07386800750249088,0.41853621925360207
0.07456142779647756,0.41907265768790974
0.07463546266357317,0.419609216744287
0.07479988340830211,0.4201458966315335
0.07495264632923633,0.4206826975587307
0.07514562562788707,0.42121961973523947
0.07549990430480842,0.4217566633707037
0.07592293140980477,0.4222938286750486
0.07592817209053405,0.42283111585848376
0.0764173136201292,0.42336852513150164
0.07643626342987181,0.4239060567048793
0.07669677502657887,0.4244437107896799
0.07678838072259067,0.4249814875972518
0.07785086521646938,0.42551938733923084
0.07796480932551754,0.42605741022753973
0.07835352314312989,0.42659555647438924
0.07855713106688121,0.42713382629227997
0.07863433536009282,0.427672219894001
0.0787048840752869,0.42821073749263294
0.0790540255234696,0.42874937930154666
0.0793398863926929,0.4292881455344048
0.07941905179973245,0.42982703640516373
0.07965536037505164,0.43036605212807155
0.07995647560671948,0.4309051929176718
0.08008984008804144,0.43144445898880185
0.08017480915975903,0.4319838505565955
0.08058078367116117,0.432523367836482
0.08060318736383368,0.43306301104418776
0.08073982161356488,0.4336027803957379
0.08122023119550976,0.4341426761074547
0.0813376020730089,0.43468269839596135
0.08148802974805729,0.4352228474781796
0.08159376017314654,0.43576312357133257
0.0824959041922609,0.4363035268929455
0.0825953113400209,0.4368440576608451
0.08263634175348786,0.43738471609316204
0.08327031913592364,0.4379255024083303
0.08337827635742613,0.43846641682508825
0.08350500791392959,0.4390074595624808
0.08351958979406596,0.4395486308398577
0.0838980919625929,0.44008993087687687
0.08406085534555177,0.440631359893503
0.08447513132669592,0.44117291811001025
0.08457957152607724,0.4417146057469813
0.08477028872638986,0.4422564230253089
0.08479771891669069,0.44279837016619766
0.08484483110447892,0.4433404473911627
0.0851343334738158,0.44388265492203255
0.0859467660774778,0.4444249929809485
0.08599644105594949,0.44496746179036556
0.08607017279288431,0.44551006157305467
0.08617516020058909,0.4460527925521011
0.08650615986543884,0.4465956549509079
0.08664474587988676,0.4471386489931945
0.0871600277688277,0.4476817749029982
0.08725724994990947,0.44822503290467636
0.08744500131462345,0.44876842322290456
0.08765183438727953,0.44931194608268027
0.08787676224614017,0.44985560170932104
0.08822079406442099,0.4503993903284677
0.08844130122892321,0.45094331216608324
0.08846683031292914,0.45148736744845436
0.08849372107739777,0.45203155640219317
0.08851870061406426,0.4525758792542362
0.08858680479439954,0.4531203362318475
0.08922328693971761,0.45366492756261695
0.08924694931548702,0.45420965347446274
0.08995602202909046,0.45475451419563256
0.08995929403436266,0.4552995099547026
0.08996518818610874,0.4558446409805805
0.09037017622388871,0.45638990750250447
0.09042601205094161,0.45693530975004487
0.09090380740980013,0.45748084795310584
0.09130256137269138,0.4580265223419242
0.09155800531177788,0.4585723331470728
0.09158427818099002,0.45911828059945853
0.09177132104837096,0.4596643649303262
0.09209250120502525,0.4602105863712569
0.0926105753693878,0.46075694515416965
0.09271559487987259,0.46130344151132363
0.09282194788069162,0.46185007567531655
0.0933765957165574,0.46239684787908814
0.09411043132640053,0.4629437583559187
0.09429995940099378,0.46349080733943127
0.09446067950107855,0.4640379950635928
0.09491987720908186,0.4645853217627135
0.09517893685594332,0.46513278767144994
0.0956871772392052,0.4656803930248038
0.09575921720330206,0.4662281380581234
0.09633985680911944,0.4667760230071062
0.0969530185307118,0.46732404810779665
0.09698028191224085,0.4678722135965903
0.09719030607820449,0.46842051971023235
0.09752311038920121,0.4689689666858191
0.09771457137159888,0.4695175547608002
0.09792855503674312,0.47006628417297724
0.09796793779785355,0.47061515516050717
0.09818327590568766,0.47116416796190064
0.09934280268766366,0.4717133228160255
0.09980815339896056,0.4722626199621057
0.09998758170580041,0.4728120596397226
0.09998986739747341,0.47336164208881737
0.10007738468406026,0.4739113675496896
0.10064771372856308,0.47446123626300046
0.10146868394450288,0.4750112484697719
0.1015273131806007,0.4755614044113881
0.101663189280517,0.47611170432959754
0.10203195997906356,0.47666214846651167
0.10206533431941224,0.47721273706460865
0.1025234546234502,0.4777634703667315
0.10258382734271848,0.4783143486160906
0.10281718336740592,0.47886537205626517
0.10309422416511892,0.4794165409312024
0.10433327885933529,0.47996785548522036
0.10460120883173211,0.48051931596300707
0.10523619285138142,0.4810709226096235
0.10539373023462079,0.48162267567050265
0.10581164952156295,0.48217457539145137
0.10610454811008355,0.482726622018652
0.10613535243420702,0.4832788157986615
0.1062735563195221,0.4838311569784149
0.10635406434512963,0.4843836458052237
0.10729929547265642,0.48493628252677845
0.10730170088365729,0.4854890673911501
0.10742789072160894,0.48604200064678904
0.1076009296849803,0.48659508254252837
0.10813954318705257,0.4871483133275832
0.1082011123263918,0.48770169325155205
0.1082878566251825,0.488255222564419
0.10995172738567598,0.48880890151655265
0.1100230610576767,0.4893627303587093
0.11027465047273566,0.4899167093420317
0.11047050228403996,0.49047083871805264
0.11047385078781424,0.49102511873869326
0.11080524914609714,0.4915795496562658
0.11107546488547924,0.49213413172347487
0.11113439173689858,0.4926888651934166
0.11157558345089799,0.493243750319582
0.1116510425779658,0.4937987873558561
0.11171384171610818,0.49435397655651964
0.11181767836760628,0.494909318176251
0.11197872815424137,0.49546481247012547
0.11199007665811574,0.49602045969361824
0.11273279783641775,0.49657626010260353
0.11307094450713734,0.49713221395335666
0.11348555038513282,0.4976883215025559
0.11447152300664379,0.49824458300728125
0.11471886660076784,0.4988009987250183
0.11476912110114527,0.4993575689136565
0.11509042210655979,0.4999142938314929
0.11548505751190477,0.5004711737372307
0.11583034772284372,0.5010282088899818
0.11595393041472715,0.5015853995492685
0.11623808087377611,0.5021427459750222
0.11642123852639541,0.5027002484275872
0.11645180777953654,0.5032579071677198
0.11647811319272963,0.50381572245659
0.11648878886267564,0.5043736945557835
0.11689524201337488,0.5049318237273008
0.11697964790311408,0.5054901102335609
0.11730915257549605,0.5060485543373997
0.1180302597444052,0.5066071563020726
0.11808124370947573,0.5071659163912563
0.11861177626724828,0.5077248348690475
0.11887372717542394,0.5082839119999673
0.11908627613464838,0.5088431480489585
0.11909344347272072,0.5094025432813906
0.11945858488621654,0.5099620979630578
0.11977699834070965,0.5105218123601815
0.1200864335582316,0.5110816867394121
0.12102691399299151,0.5116417213678284
0.12139904247160287,0.5122019165129403
0.12177457864445422,0.5127622724426892
0.12187583570424704,0.5133227894254486
0.1219302869564548,0.513883467730027
0.12194309508316202,0.5144443076256668
0.12209354656221952,0.515005309382048
0.12257926672139456,0.5155664732692865
0.12259038586274223,0.5161277995579372
0.12287516911783654,0.5166892885189954
0.12289926693446043,0.5172509404238961
0.12307467247976242,0.5178127555445173
0.12335390237458949,0.5183747341531793
0.1235697803514454,0.5189368765226477
0.1236808805814308,0.5194991829261332
0.12372321307793423,0.5200616536372924
0.1242087980845387,0.5206242889302317
0.12482104423363605,0.5211870890795047
0.1250260428491206,0.5217500543601167
0.12528647532896128,0.5223131850475239
0.12574496877248684,0.5228764814176348
0.12634597701288972,0.5234399437468129
0.12666213185783853,0.5240035723118757
0.12686098949636462,0.5245673673900981
0.12746015073629416,0.5251313292592119
0.12771732933729402,0.5256954581974074
0.1281626711398845,0.5262597544833358
0.1282917295848208,0.5268242183961087
0.12855854893085078,0.5273888502153011
0.12962526795819895,0.5279536502209506
0.12993414404052026,0.5285186186935609
0.13018315335871095,0.5290837559141011
0.13020337023720827,0.5296490621640075
0.1302189569479767,0.5302145377251865
0.13021970048256726,0.5307801828800125
0.1307983793107835,0.5313459979113333
0.13087877594873001,0.5319119831024673
0.1309483210395681,0.5324781387372074
0.13101267881793596,0.5330444650998221
0.13117584081904216,0.533610962475055
0.13142933655437966,0.5341776311481286
0.1316348155559554,0.5347444714047432
0.1319308477603928,0.5353114835310795
0.13201914825440725,0.5358786678138003
0.1320681496998143,0.5364460245400503
0.132367053167849,0.5370135539974591
0.13255835464263463,0.5375812564741405
0.1327691682952111,0.5381491322586963
0.1329669904093931,0.5387171816402155
0.13301127648646596,0.5392854049082761
0.13349505168097506,0.539853802352948
0.13362230551758347,0.5404223742647913
0.13411507862192418,0.540991120934861
0.13478975879883545,0.5415600426547058
0.1352472711407641,0.5421291397163702
0.13539277206648764,0.542698412412397
0.1357086797216509,0.5432678610358265
0.13641316738759915,0.5438374858801998
0.1365858364580879,0.544407287239559
0.13713484037578905,0.5449772654084485
0.13714784436493763,0.545547420681918
0.13721210977079626,0.5461177533555213
0.1377663725329377,0.5466882637253201
0.1380188020796688,0.5472589520878831
0.1385732868675872,0.5478298187402901
0.13896596196861208,0.5484008639801308
0.13958424787796475,0.548972088105507
0.13996478316451283,0.5495434914150354
0.14030652049183925,0.5501150742078468
0.14073968243543208,0.5506868367835893
0.14093414501023752,0.5512587794424286
0.14095344302959023,0.5518309024850495
0.1415883650445433,0.5524032062126585
0.1416531112550774,0.552975690926983
0.14175079268302038,0.5535483569302755
0.14196542254496516,0.5541212045253128
0.14207155200061497,0.5546942340153977
0.1426917342861525,0.5552674457043625
0.14316107914392928,0.5558408398965671
0.14316952159146537,0.5564144168969037
0.14350563708659858,0.5569881770107963
0.14368835648972594,0.5575621205442021
0.14382761727399976,0.5581362478036146
0.1442900357953411,0.558710559096063
0.1444077873433711,0.5592850547291158
0.14528018492904565,0.5598597350108799
0.1453046259263263,0.5604346002500046
0.14551148190570762,0.5610096507556809
0.1460779999861494,0.5615848868376438
0.14634182373764965,0.5621603088061752
0.14664768439769038,0.5627359169721026
0.14688636522015106,0.5633117116468034
0.14693524948242792,0.5638876931422044
0.14727742895744064,0.564463861770784
0.1478126310838425,0.5650402178455746
0.14799707111456986,0.5656167616801623
0.14807359115392513,0.5661934935886904
0.1486949078516985,0.5667704138858595
0.14886750100578416,0.5673475228869291
0.14973654691678384,0.5679248209077209
0.1506831734227549,0.5685023082646175
0.15083617435383043,0.5690799852745668
0.1511473524801599,0.5696578522550813
0.15121204309225017,0.5702359095242415
0.1517359252046758,0.570814157400696
0.1518096806626841,0.5713925962036633
0.15274823208555655,0.5719712262529354
0.15324727607397606,0.5725500478688756
0.15352771251534114,0.5731290613724244
0.1539288424723927,0.5737082670850973
0.1542674706268874,0.5742876653289886
0.1542721253360092,0.5748672564267729
0.15433375613019987,0.5754470407017058
0.154654401509721,0.5760270184776265
0.1546727680039077,0.5766071900789584
0.15487353595837555,0.5771875558307112
0.15607549432199883,0.5777681160584838
0.15671791319078854,0.5783488710884629
0.1567801995671883,0.5789298212474284
0.15723067194620102,0.5795109668627515
0.1572957487539641,0.5800923082623995
0.15780813065033125,0.5806738457749352
0.15801743699280424,0.5812555797295189
0.15822156083712222,0.5818375104559117
0.15850795045159236,0.5824196382844751
0.15867855572805986,0.5830019635461744
0.1594871923602566,0.5835844865725788
0.15968903203398294,0.5841672076958639
0.15991507904307148,0.5847501272488148
0.1599154206083337,0.5853332455648244
0.16007543816928904,0.5859165629778988
0.16022432385905247,0.5865000798226566
0.1607439612421984,0.5870837964343311
0.16149917817592244,0.5876677131487734
0.1623633731953235,0.5882518303024518
0.16251053242977417,0.5888361482324558
0.1635640237332323,0.5894206672764962
0.16377821509961776,0.5900053877729083
0.16479506682005693,0.5905903100606522
0.16539453389879408,0.5911754344793151
0.16558161763767806,0.5917607613691142
0.16630844601490508,0.5923462910708963
0.16667472240111833,0.5929320239261421
0.16685659451799079,0.5935179602769658
0.1671002445082579,0.5941041004661175
0.16748024049134594,0.5946904448369867
0.16753133520720273,0.5952769937336012
0.16861050829238117,0.5958637475006318
0.1688788432297271,0.5964507064833916
0.16901318964073153,0.5970378710278393
0.16932808927650253,0.5976252414805816
0.16990472482243751,0.5982128181888727
0.1699445213821734,0.5988006015006193
0.1702286829522548,0.5993885917643791
0.1705376968879864,0.5999767893293657
0.1706106766942784,0.6005651945454485
0.17108723011894858,0.6011538077631551
0.17113947601637228,0.6017426293336737
0.1717622328943596,0.602331659608854
0.17220824209169372,0.6029208989412107
0.1723612686738759,0.6035103476839231
0.17306531506394443,0.6041000061908387
0.17322641732123598,0.6046898748164754
0.17393771861256233,0.6052799539160215
0.1743034708915072,0.6058702438453402
0.17556824516514757,0.606460744960969
0.1756856891036821,0.6070514576201232
0.17587153117441784,0.6076423821806981
0.17744422179649652,0.6082335190012691
0.1775425628448828,0.6088248684410962
0.17773882065064214,0.6094164308601233
0.17835464174367555,0.610008206618983
0.1787202210178271,0.6106001960789961
0.17931874376399584,0.6111923996021743
0.1796168202301536,0.6117848175512239
0.17969200383397776,0.6123774502895449
0.18008355336486256,0.6129702981812357
0.18041770422716785,0.6135633615910933
0.1809113107174161,0.6141566408846155
0.18115010669831527,0.6147501364280048
0.18254298206226988,0.6153438485881674
0.18262712046173404,0.6159377777327182
0.1829607488444164,0.6165319242299809
0.1836412766311055,0.6171262884489904
0.18402476778518867,0.6177208707594961
0.18409379069000792,0.6183156715319617
0.18410023867863579,0.6189106911375702
0.18414484374215,0.619505929948223
0.18455694748866347,0.6201013883365443
0.18481536157270595,0.6206970666758819
0.18499535083099272,0.6212929653403093
0.18612701963032507,0.6218890847046297
0.18710855359337117,0.6224854251443747
0.18748488453106887,0.6230819870358101
0.18787735202083092,0.6236787707559355
0.18845966001890052,0.6242757766824869
0.18922761623914347,0.6248730051939406
0.18997800026570422,0.6254704566695123
0.19023261740979014,0.6260681314891627
0.19069008848867092,0.6266660300335968
0.1910533842064194,0.6272641526842673
0.19176121328894302,0.6278624998233775
0.19209761394420682,0.6284610718338817
0.19270903141097828,0.6290598690994899
0.19275108189448287,0.629658892004667
0.19348177371223252,0.6302581409346378
0.1937909922416098,0.6308576162753875
0.1940449389904164,0.6314573184136644
0.19404664239390798,0.6320572477369828
0.19419579982317592,0.6326574046336239
0.1943392108043873,0.6332577894926399
0.19507346025356248,0.6338584027038543
0.195086219192391,0.6344592446578653
0.19510704094905923,0.6350603157460486
0.19542393896693006,0.6356616163605581
0.19545576796799988,0.6362631468943301
0.19571413774269691,0.636864907741084
0.19589275125613745,0.6374668992953247
0.19632987761874113,0.6380691219523473
0.196396275568144,0.6386715761082359
0.19785594448463684,0.6392742621598687
0.19882657260591458,0.639877180504919
0.19928442971262939,0.6404803315418577
0.19973369940252975,0.6410837156699567
0.19976081190398068,0.6416873332892894
0.199799258290232,0.6422911848007354
0.19994563011704838,0.6428952706059805
0.20050063181870426,0.6434995911075215
0.20091282144959405,0.6441041467086666
0.2010284274213563,0.6447089378135382
0.20114451016304324,0.6453139648270775
0.20163435323730483,0.6459192281550431
0.20164773297866434,0.6465247282040179
0.20193065788482875,0.6471304653814072
0.20250873649537693,0.6477364400954438
0.20294849037063348,0.6483426527551911
0.20313222739583295,0.6489491037705427
0.2033668340189307,0.6495557935522281
0.2033701496405103,0.6501627225118127
0.20347267707966038,0.6507698910617012
0.2037258199276253,0.6513772996151417
0.2043513825251105,0.6519849485862249
0.2049994492105296,0.6525928383898901
0.20506445180513816,0.6532009694419252
0.2056496281881165,0.6538093421589712
0.20700215394871188,0.654417956958523
0.2071979292042914,0.6550268142589327
0.20745658902687336,0.6556359144794137
0.2076093269127481,0.6562452580400404
0.20763156501409866,0.6568548453617535
0.2079765966901749,0.6574646768663606
0.208231500604145,0.65807475297654
0.20842460053912618,0.6586850741158433
0.21054034842721717,0.6592956407086974
0.21080315756495022,0.6599064531804084
0.21193648054649908,0.6605175119571626
0.2120252962798085,0.6611288174660295
0.2124932971157444,0.661740370134967
0.21297719838411716,0.6623521703928199
0.21400559865488408,0.6629642186693266
0.2142903459098087,0.6635765153951189
0.214613227953554,0.6641890610017266
0.21481637004744064,0.6648018559215789
0.21485310451672582,0.665414900588008
0.2162004634812786,0.6660281954352524
0.21714533859351165,0.6666417408984576
0.217334327489462,0.6672555374136816
0.21753696293385527,0.6678695854178952
0.21760855125707707,0.6684838853489862
0.21761918203657102,0.6690984376457626
0.21824725796021544,0.6697132427479535
0.21829975748575658,0.6703283010962149
0.21927436947095658,0.6709436131321292
0.21947259092196336,0.6715591792982104
0.221272764218539,0.6721750000379068
0.221421386598545,0.6727910757956018
0.2216805772879569,0.6734074070166205
0.22228087034911506,0.6740239941472287
0.222904214425383,0.6746408376346386
0.22296780648594072,0.6752579379270098
0.2236425033605761,0.6758752954734537
0.2240876493414481,0.6764929107240364
0.22412562052736015,0.6771107841297795
0.22424878102652251,0.6777289161426668
0.22445096573140175,0.6783473072156436
0.22492544045254154,0.6789659578026216
0.22601366129865505,0.6795848683584823
0.22629356817279456,0.6802040393390781
0.22689643372978627,0.6808234712012381
0.22794464053144983,0.6814431644027681
0.22845560041377116,0.6820631194024556
0.2294024924179157,0.6826833366600729
0.23003420618240447,0.6833038166363787
0.23072495883994357,0.6839245597931233
0.23086934662712916,0.6845455665930491
0.23119606846596202,0.6851668374998968
0.23222970353127473,0.6857883729784057
0.23342498430178105,0.6864101734943175
0.2339463364151121,0.6870322395143821
0.2340339403539638,0.6876545715063562
0.23413843713765306,0.6882771699390107
0.23456685190612797,0.6889000352821308
0.23485950203077227,0.6895231680065208
0.23487184405997216,0.6901465685840076
0.2350315997537493,0.6907702374874423
0.23505857673725497,0.6913941751907051
0.23856946557660935,0.6920183821687078
0.23858555872622378,0.6926428588973962
0.23871927437031218,0.6932676058537559
0.2393423449367953,0.6938926235158124
0.23993609054003542,0.6945179123626373
0.24003383168665945,0.6951434728743487
0.24030964284892395,0.6957693055321179
0.24054012974839936,0.6963954108181697
0.24171845047782206,0.6970217892157866
0.24243900965407197,0.6976484412093141
0.2425581372449851,0.6982753672841608
0.2433462272669331,0.6989025679268052
0.24373248856286134,0.6995300436247956
0.24385686030498238,0.7001577948667564
0.24595893228203328,0.7007858221423905
0.24609000418963617,0.7014141259424818
0.2475696803100313,0.7020427067589008
0.24961377124922524,0.7026715650846054
0.24968408242947207,0.7033007014136464
0.25049521135671127,0.703930116241171
0.2520655382579433,0.7045598100634243
0.252906324870678,0.7051897833777555
0.2531134581768293,0.7058200366826192
0.253299687248259,0.7064505704775808
0.25369319330904677,0.707081385263318
0.25401622823859143,0.7077124815416261
0.25414391358418176,0.7083438598154216
0.25421937190050065,0.7089755205887438
0.2542855666547633,0.7096074643667615
0.25433774706471274,0.7102396916557739
0.2552076498917448,0.7108722029632152
0.2552640187450071,0.7115049987976592
0.2555116677907581,0.7121380796688214
0.2557413371486397,0.7127714460875644
0.2557467258006441,0.7134050985658997
0.2561457239884508,0.7140390376169924
0.2561828208126225,0.7146732637551663
0.2567057928406874,0.7153077774959041
0.2567158437257236,0.7159425793558557
0.25680722519516797,0.7165776698528377
0.25739536705014093,0.7172130495058405
0.2577062674323948,0.7178487188350301
0.2578454596879381,0.7184846783617521
0.2581290927059569,0.7191209286085374
0.25836773240347116,0.7197574700991033
0.2590591562354981,0.72039430335836
0.2599309282356964,0.7210314289124121
0.26059518787000646,0.7216688472885642
0.2614200679255303,0.7223065590153247
0.2614381749518567,0.7229445646224083
0.2619029302336939,0.7235828646407424
0.2624222713215823,0.7242214596024682
0.2624584599571796,0.7248603500409465
0.26298675329743365,0.7254995364907626
0.2641833100366705,0.7261390194877272
0.2646001487373511,0.7267787995688838
0.2646986350458811,0.72741887727251
0.2649735211071399,0.7280592531381241
0.265071391193818,0.7286999277064871
0.26670544544262326,0.7293409015196072
0.2668194957532692,0.7299821751207456
0.2673759803105444,0.7306237490544182
0.26810344811292924,0.7312656238664018
0.26992234121518416,0.7319078001037368
0.27059904258942447,0.7325502783147315
0.27070480579262274,0.7331930590489686
0.27086452073306916,0.7338361428573053
0.27159189154328284,0.7344795302918816
0.2716737708042742,0.735123221906122
0.27180174596130435,0.7357672182547403
0.27224428692252484,0.7364115198937453
0.27231784040993096,0.7370561273804425
0.27249972750625295,0.737701041273441
0.2728193952794447,0.7383462621326566
0.2739073664150841,0.7389917905193154
0.2741102350018119,0.7396376269959604
0.2742586272991591,0.7402837721264534
0.27471569464723317,0.7409302264759816
0.2748838721326389,0.7415769906110601
0.2751955164611886,0.7422240650995382
0.2753682171087588,0.7428714505106024
0.2755588462458762,0.7435191474147811
0.27565947102733124,0.7441671563839507
0.2762574035787638,0.7448154779913373
0.27762107218115234,0.7454641128115242
0.27763625542379766,0.7461130614204549
0.2777507524542283,0.7467623243954364
0.27794538851553713,0.7474119023151476
0.27850423976566574,0.7480617957596395
0.27862059565677516,0.748712005310344
0.2786267106108713,0.7493625315500747
0.27941160188825925,0.7500133750630341
0.2795588830500958,0.7506645364348182
0.2801454186009102,0.7513160162524196
0.2806091653707254,0.7519678151042344
0.2809498027204744,0.7526199335800645
0.281110868851605,0.7532723722711251
0.28123829152844476,0.7539251317700472
0.28221078160251933,0.7545782126708832
0.28283283771209083,0.7552316155691131
0.2830232744225949,0.7558853410616467
0.28335391960594963,0.7565393897468311
0.2833634770980862,0.7571937622244537
0.2836586844871476,0.7578484590957476
0.28392768324389805,0.7585034809633981
0.28439589220959555,0.7591588284315451
0.28443394356671475,0.7598145021057903
0.2846699733477273,0.7604705025932005
0.28562384349139674,0.7611268305023134
0.28562738336268934,0.7617834864431439
0.28780203418717065,0.762440471027186
0.28856126269547777,0.7630977848674221
0.28960425779404203,0.7637554285783232
0.2900064958774174,0.7644134027758595
0.2904016247956321,0.7650717080775007
0.29066616409894624,0.7657303451022236
0.2910166025100891,0.766389314470518
0.29150497690034105,0.7670486168043892
0.2922981289523285,0.767708252727367
0.2927836121089215,0.7683682228645071
0.2938452500164946,0.7690285278423985
0.2945937751800259,0.7696891682891698
0.29466391922464746,0.7703501448344912
0.2948873843703211,0.7710114581095842
0.29543661466687005,0.7716731087472227
0.2956505703301057,0.7723350973817414
0.29613226344360477,0.7729974246490406
0.2962601394414747,0.7736600911865901
0.2970769220121798,0.7743230976334374
0.29768760941616035,0.7749864446302102
0.2977491301885949,0.7756501328191251
0.29817382210722765,0.77631416284399
0.2989528750728901,0.7769785353502114
0.29898909059469186,0.7776432509848011
0.2996619043708004,0.7783083103963785
0.30009425816763924,0.7789737142351802
0.30023596278670117,0.7796394631530624
0.30025971817620656,0.7803055578035079
0.30030872924216795,0.780971998841633
0.30039307860136216,0.7816387869241909
0.3008853726169798,0.7823059227095798
0.3011424592595829,0.7829734068578466
0.3011656619094825,0.7836412400306938
0.3014997332009695,0.7843094228914864
0.30150383889609106,0.7849779561052548
0.3026270139528901,0.7856468403387048
0.302675461091301,0.786316076260219
0.3030673471792822,0.786985664539867
0.3039728000381618,0.7876556058494083
0.3045991683099086,0.788325900862299
0.30557826097124297,0.7889965502537002
0.3058438350832819,0.78966755470048
0.30608034611154955,0.7903389148812232
0.3063280458097858,0.7910106314762353
0.30703415451839056,0.791682705167549
0.30727552744520653,0.792355136638932
0.30748011506485434,0.7930279265758899
0.30804467423247395,0.7937010756656764
0.3081331058052679,0.7943745845972962
0.3084598807546658,0.7950484540615128
0.30862650692547505,0.7957226847508555
0.30873140278038713,0.7963972773596237
0.30914655389158413,0.7970722325838957
0.30953363190417693,0.7977475511215326
0.30980161178735216,0.798423233672187
0.31009764062944617,0.7990992809373082
0.3110477783044117,0.7997756936201479
0.31225613355093285,0.8004524724257697
0.3124092657027929,0.8011296180610514
0.31263737291202504,0.8018071312346962
0.31301698646227044,0.8024850126572352
0.3130958164614922,0.8031632630410355
0.3131272797470212,0.8038418831003094
0.31346553567760294,0.8045208735511162
0.3138380866631172,0.8052002351113738
0.3151628877565119,0.8058799685008617
0.31526099966466026,0.8065600744412292
0.3171044106413584,0.8072405536560038
0.3172407886796542,0.8079214068705945
0.3177026956349623,0.808602634812303
0.31777896302701697,0.8092842382103259
0.31834450418931126,0.8099662177957665
0.31855126879762113,0.8106485743016375
0.31903794025942145,0.81133130846287
0.319291300208276,0.8120144210163219
0.319920136599877,0.8126979127007815
0.3204854539152694,0.8133817842569779
0.32101627528566373,0.8140660364275863
0.32136060478038775,0.8147506699572353
0.32286776500240777,0.815435685592515
0.32364019779219355,0.8161210840819831
0.32516339412981704,0.8168068661761736
0.3253380345556605,0.8174930326276024
0.32560587989677026,0.8181795841907752
0.3271485784021521,0.8188665216221965
0.3276519325069663,0.8195538456803739
0.3280080525831284,0.8202415571258288
0.3281833012708626,0.8209296567211011
0.3306908877306972,0.8216181452307588
0.3306940240360089,0.8223070234214042
0.3307634471469739,0.8229962920616815
0.33164735963334696,0.823685951922286
0.33319734489050273,0.8243760037759692
0.33477459765804485,0.8250664483975495
0.3351180067921644,0.8257572865639167
0.33644690142107275,0.8264485190540416
0.3364923569678283,0.8271401466489847
0.3366393230913447,0.8278321701319011
0.3381465691624575,0.8285245902880519
0.33823964799128275,0.8292174079048088
0.340717784302565,0.8299106237716634
0.3414215652367034,0.8306042386802371
0.34176975455252045,0.8312982534242852
0.3423125084887123,0.8319926687997087
0.342595511666187,0.8326874856045593
0.34321221807952795,0.83338270463905
0.3432263022521049,0.8340783267055619
0.3439130642988346,0.834774352608652
0.3447500804664775,0.8354707831550635
0.34487771234788056,0.8361676191537311
0.34487774267573396,0.8368648614157927
0.34522134816547195,0.8375625107545948
0.3462178785269899,0.8382605679857016
0.34624769705743375,0.8389590339269056
0.3463093405409317,0.8396579093982327
0.3464018752598409,0.8403571952219537
0.3474487676533866,0.841056892222591
0.34846743136589975,0.8417570012269268
0.3502771633887767,0.8424575230640148
0.35036580335558876,0.8431584585651847
0.3513906799176035,0.8438598085640545
0.35213694867425427,0.844561573896537
0.3524263895114527,0.8452637554008489
0.353257155516705,0.8459663539175214
0.3539109751636969,0.8466693702894065
0.35416007091255997,0.8473728053616884
0.3542606319176533,0.8480766599818897
0.3545953049296295,0.848780934999884
0.3557646679502688,0.8494856312679018
0.35675796781916963,0.85019074964054
0.35953866349227714,0.8508962909747737
0.36019322165549955,0.8516022561299619
0.36074918014086493,0.8523086459678597
0.3618216006371682,0.8530154613526252
0.36438226126209317,0.8537227031508299
0.3651668515866819,0.8544303722314688
0.36535547217426473,0.8551384694659683
0.36560378720617986,0.8558469957281971
0.3657240275476383,0.8565559518944745
0.3667179937680204,0.8572653388435801
0.3670991548905138,0.8579751574567653
0.3678413508685105,0.8586854086177597
0.3685981369762698,0.8593960932127838
0.3686960711863472,0.8601072121305565
0.36968391972107745,0.8608187662623071
0.370940590087631,0.8615307565017827
0.372104836307804,0.8622431837452592
0.37237572769719857,0.8629560488915532
0.3727104352955323,0.863669352842028
0.3729318025450193,0.8643830965006069
0.37442662959916106,0.865097280773782
0.3745269869844066,0.8658119065706239
0.3746172989407754,0.8665269748027934
0.37515174666416073,0.86724248638455
0.37521745692519654,0.867958442232764
0.3752493225913854,0.8686748432669247
0.3761787815663768,0.8693916904091518
0.37643034563619066,0.8701089845842076
0.3765084441554936,0.870826726719504
0.37678794163395957,0.8715449177451164
0.37685378745051995,0.8722635585937915
0.3770372367875314,0.8729826502009603
0.37721996885082576,0.8737021935047473
0.37777671814194647,0.874422189445981
0.37791003355582337,0.875142638968207
0.3782613320161563,0.8758635430176954
0.37828624489178536,0.8765849025434557
0.3783555215855589,0.8773067184972441
0.37992121980032817,0.878028991833576
0.3799352904744583,0.8787517235097383
0.38017066175803804,0.8794749144857986
0.3818096016958502,0.8801985657246181
0.38226536346602263,0.880922678191861
0.3837829255107106,0.8816472528560065
0.38428518395356953,0.8823722906883622
0.3845558965816617,0.8830977926630716
0.38538825929513343,0.8838237597571299
0.3860165439276971,0.8845501929503914
0.3863619887725207,0.885277093225585
0.38756774114829995,0.8860044615683224
0.3875724322743553,0.8867322989671116
0.38771789568772685,0.8874606064133695
0.3886372694410558,0.8881893849014316
0.3886563257227353,0.888918635428566
0.3888438036913282,0.889648358994983
0.38907681675122147,0.8903785566038493
0.3896134885082114,0.8911092292613001
0.3904417450342289,0.8918403779764479
0.39103736999420297,0.8925720037614002
0.39107475599575775,0.8933041076312668
0.39133411032235293,0.894036690604174
0.39188054133150946,0.8947697537012786
0.3926442957581928,0.8955032979467772
0.3944729720764689,0.8962373243679219
0.3945815656621537,0.8969718339950298
0.3952850589286943,0.8977068278614988
0.3955385804376593,0.8984423070038174
0.3957656954433497,0.8991782724615791
0.3964636543472838,0.8999147252774962
0.39655026737544036,0.9006516664974091
0.39696249177700466,0.9013890971703044
0.3980266321962357,0.9021270183483232
0.39846594835813176,0.9028654310867766
0.39923730758141857,0.90360433644416
0.3999493930407163,0.9043437354821624
0.40006630263958026,0.9050836292656846
0.4010088777685509,0.905824018862849
0.40169247340984066,0.9065649053450137
0.4020242864715518,0.9073062897867882
0.40426423459543237,0.9080481732660437
0.4044216806810399,0.9087905568639304
0.4057785338004287,0.9095334416648874
0.4057785357757878,0.9102768287566604
0.4060568407520853,0.9110207192303118
0.4065115022618802,0.9117651141802375
0.4072890328187177,0.9125100147041806
0.4088148513879339,0.9132554219032432
0.4105526287322406,0.9140013368819043
0.4112229230957356,0.9147477607480308
0.41141544067724645,0.9154946946128927
0.4115662784857528,0.9162421395911795
0.41407779900874064,0.9169900968010115
0.4141936734050719,0.9177385673639576
0.41450949276135185,0.9184875524050472
0.4148851868794048,0.9192370530527857
0.4169625403651142,0.9199870704391714
0.416984892803897,0.920737605699707
0.41700247408165997,0.9214886599734173
0.41718716235439124,0.9222402344028625
0.4175866416921569,0.9229923301341549
0.41778933639805993,0.9237449483169723
0.41823562739719394,0.9244980901045742
0.418637027391112,0.9252517566538184
0.4202599871311798,0.926005949125174
0.4206755541238988,0.9267606686827388
0.4207694809251923,0.9275159164942545
0.4225019568450817,0.928271693731121
0.4226688083160973,0.9290280015684155
0.4228890248948815,0.9297848411849042
0.42311880977735483,0.9305422137630622
0.4231731197686472,0.9313001204890864
0.4233216292610895,0.932058562552913
0.42362970887412515,0.932817541148235
0.4264491489526667,0.9335770574725155
0.4265726749245067,0.9343371127270074
0.4267895535770673,0.9350977081167667
0.428122008949183,0.9358588448506724
0.42957498275882927,0.9366205241414401
0.42985850441900914,0.9373827472056405
0.43028961937563404,0.9381455152637165
0.431541771345405,0.9389088295399983
0.432304451347089,0.9396726912627235
0.4334299300280446,0.9404371016640505
0.4351793663045086,0.9412020619800787
0.43580783491827224,0.941967573450865
0.43590758968686866,0.9427336373204399
0.43695188717111266,0.9435002548368282
0.44075294685991906,0.944267427252062
0.4408509744229938,0.9450351558222025
0.44127984174064055,0.9458034418073564
0.44451987592297115,0.9465722864716927
0.445091233826834,0.9473416910834628
0.44646845171551974,0.9481116569150169
0.4486504720874438,0.9488821852428221
0.4511305028042434,0.9496532773474835
0.4512809618835393,0.9504249345137581
0.45273571836671167,0.9511971580305785
0.4529286572542705,0.9519699491910656
0.4533298419193223,0.9527433092925539
0.4546089289917315,0.9535172396366044
0.4547352300740144,0.9542917415290267
0.4564845542150547,0.9550668162798989
0.45713195592109723,0.955842465203583
0.4606448695489014,0.9566186896187487
0.4608079168709226,0.9573954908483893
0.4609475280687203,0.9581728702198418
0.46154785934186887,0.958950829064809
0.46228748276764314,0.9597293687193756
0.4648024105975133,0.9605084905240309
0.4652729716784303,0.961288195823687
0.46532774715198716,0.9620684859676987
0.46618910487533416,0.9628493623098859
0.46667531740583146,0.9636308262085509
0.4666949328538677,0.9644128790265016
0.46686685879651313,0.9651955221310689
0.4675941495682274,0.9659787568941307
0.47010940937656454,0.9667625846921298
0.4701364613795517,0.9675470069060957
0.4715617060156432,0.9683320249216676
0.4722730548917603,0.9691176401291111
0.4728445015040809,0.9699038539233442
0.47331505362614756,0.9706906677039554
0.47449120497906794,0.9714780828752256
0.47535112835363663,0.9722661008461521
0.476961900370079,0.9730547230304661
0.4772838151293436,0.9738439508466595
0.4777515485688301,0.9746337857180027
0.4786151175715098,0.9754242290725674
0.4786397776227697,0.9762152823432525
0.47872612807614673,0.9770069469678007
0.47920775154620576,0.9777992243888259
0.48000052473576255,0.9785921160538328
0.48037385359180046,0.9793856234152414
0.48423311600136326,0.9801797479304087
0.4847573039899723,0.9809744910616514
0.4850608363290048,0.9817698542762714
0.4852613817045012,0.9825658390465762
0.48617172634082706,0.9833624468499048
0.4869441473275863,0.9841596791686487
0.48811223036505563,0.9849575374902767
0.49125116360076787,0.9857560233073615
0.49155774684041753,0.9865551381175977
0.4920773304871012,0.9873548834238324
0.49376429294192964,0.9881552607340842
0.49512702509257195,0.9889562715615704
0.49516299261520264,0.9897579174247322
0.4957243587394031,0.9905601998472557
0.49883469635105193,0.9913631203581023
0.5003683104820256,0.992166680491527
0.5018372579186529,0.9929708817871106
0.5022007312459525,0.9937757257897787
0.502324143757865,0.9945812140498308
0.5025654881214516,0.9953873481229663
0.5043327520247801,0.9961941295703068
0.5058689904496559,0.9970015599584258
0.5087214780022093,0.9978096408593721
0.5113757733870379,0.9986183738506973
0.5118439517622562,0.999427760515482
0.5122478949284084,1.0002378024423615
0.5132074859238995,1.0010485012255546
0.5134567971763574,1.0018598584648877
0.5150225821957014,1.0026718757658228
0.5150665261592088,1.0034845547394868
0.515121526766923,1.004297897002695
0.5158549177479019,1.005111904177982
0.51770163086846,1.0059265778936273
0.5182621742804326,1.006741919783684
0.5186173496095677,1.0075579314880068
0.5187256178055748,1.0083746146522792
0.5188796742990477,1.009191970928044
0.5189493701203487,1.0100100019727292
0.5199404605113598,1.010828709449679
0.5207833784051802,1.0116480950281812
0.5220531952502832,1.0124681603834955
0.5220813891647935,1.013288907196887
0.5226139872244481,1.0141103371556488
0.5229563657817979,1.0149324519531382
0.525230901454064,1.0157552532888026
0.5271745509184272,1.0165787428682096
0.5290779882883957,1.0174029224030798
0.530021809439701,1.0182277936113133
0.5315946761799697,1.0190533582170245
0.5326527682410914,1.0198796179505683
0.5341326079707531,1.020706574548575
0.5365742264348163,1.0215342297539787
0.53991060154127,1.0223625853160496
0.5409262075891295,1.023191642990426
0.5419539973167317,1.0240214045391445
0.5422295316001315,1.0248518717306738
0.543006083193187,1.0256830463399451
0.5432617053854243,1.0265149301483842
0.5451742122634441,1.027347524943947
0.5452536916204795,1.028180832521148
0.5453551515308455,1.0290148546810962
0.5459450036751873,1.0298495932315268
0.5459471304195467,1.030685049986834
0.5469860525401546,1.0315212267681075
0.5479605784361589,1.0323581254031622
0.5483200387717884,1.0331957477265752
0.5489207710013674,1.0340340955797176
0.5533066328760315,1.034873170810792
0.5581104993538126,1.0357129752748637
0.5589558001327651,1.0365535108338966
0.5617088086634738,1.0373947793567901
0.5631866431427474,1.038236782719412
0.5639342374263755,1.0390795228046357
0.5640897205204306,1.039923001502374
0.5641919096665954,1.0407672207096161
0.5651957785440764,1.0416121823304656
0.565661744038231,1.0424578882761728
0.5657513088772802,1.043304340465176
0.5671317507552993,1.0441515408231339
0.5684213494418199,1.044999491282966
0.5685206639243339,1.0458481937848891
0.5698525000935049,1.0466976502764533
0.5700862573607333,1.0475478627125832
0.5703293032109895,1.0483988330556113
0.5709235601536944,1.0492505632753224
0.5710466375721946,1.0501030553489856
0.571075907681206,1.0509563112613973
0.571253763622273,1.0518103330049209
0.5713684667022302,1.0526651225795218
0.5714717047782124,1.0535206819928125
0.5723001436088082,1.0543770132600874
0.5724640359151653,1.0552341184043663
0.5728603252770261,1.0560919994564346
0.5729652372569061,1.0569506584548813
0.5736322166966988,1.0578100974461433
0.5736681456722464,1.058670318484544
0.5740228055246223,1.0595313236323356
0.5741114427964467,1.0603931149597423
0.5742635947457801,1.0612556945449996
0.5746371840796463,1.0621190644743992
0.5752287138319023,1.0629832268423296
0.5752588091746157,1.0638481837513198
0.5761738530666715,1.064713937312083
0.5762228667351119,1.0655804896435583
0.5763260255097926,1.0664478428729574
0.5782715067994796,1.0673159991358048
0.5793690675557116,1.0681849605759859
0.5795067147802829,1.0690547293457882
0.5810392379324477,1.0699253076059478
0.5816599292164721,1.0707966975256968
0.5816761190654525,1.071668901282804
0.582563753711683,1.0725419210636253
0.5826711798409194,1.073415759063147
0.5831386366172187,1.0742904174850327
0.5835398391914025,1.075165898541671
0.5842431320458921,1.0760422044542224
0.5890555642266856,1.0769193374526658
0.5906642890004924,1.0777972997758476
0.59082068575947,1.078676093671527
0.5908379846860792,1.0795557213964289
0.5910270919885661,1.0804361852162878
0.5915293806086306,1.0813174874059004
0.5915391167329255,1.0821996302491728
0.5930561567412345,1.0830826160391722
0.5933927681882964,1.083966447078174
0.5939144209007444,1.0848511256777142
0.5945722327773093,1.085736654158642
0.5952685812160343,1.0866230348511665
0.5954412131659684,1.087510270094912
0.5979897383317213,1.0883983622389666
0.59826463691419,1.0892873136419365
0.5984466016478858,1.090177126672
0.5995097514111449,1.091067803706955
0.5998521662098788,1.091959347134279
0.6012787530944802,1.092851759351177
0.6018393619126762,1.0937450427646385
0.6037113076608082,1.0946391997914926
0.6056606352958408,1.0955342328584592
0.6060678921494034,1.0964301444022087
0.607168750482909,1.0973269368694123
0.6080489783910986,1.0982246127168047
0.6081279245939876,1.0991231744112333
0.6082849091750672,1.1000226244297182
0.6114607558473681,1.100922965259512
0.6124780602083124,1.1018241993981526
0.6127142811592109,1.1027263293535223
0.6136160458586121,1.1036293576439087
0.6153028674656059,1.104533286798061
0.6155435654937692,1.10543811935525
0.6158345320053141,1.106343857865327
0.6170317144078803,1.107250504888785
0.6171707025650569,1.1081580629968188
0.617218946652108,1.1090665347713835
0.6192941304234368,1.1099759228052606
0.6203966335922846,1.1108862297021145
0.6219009107726547,1.111797458076561
0.6224657245783373,1.1127096105542207
0.6234730063306558,1.113622689771793
0.6235673567910054,1.1145366983771092
0.6239838734856277,1.1154516390292062
0.6263150993643822,1.1163675143983838
0.6267582833188446,1.1172843271662705
0.6298509753358513,1.118202080025895
0.629989203835231,1.1191207756817438
0.6315405441091375,1.120040416849832
0.6322077485567152,1.120961006257772
0.6333413974945789,1.1218825466448341
0.6347548656643452,1.1228050407620236
0.6356038891366587,1.1237284913721393
0.636590027581421,1.12465290124985
0.637380832188255,1.1255782731817614
0.6381501482427978,1.1265046099664837
0.6385880341912049,1.1274319144147043
0.6398494493930338,1.128360189349259
0.640603376031584,1.129289437605202
0.6433262096045943,1.130219662029878
0.6440551312935143,1.1311508654829954
0.6447113586817462,1.1320830508367001
0.6467280621980812,1.1330162209756456
0.6469912286898301,1.133950378797071
0.6534523727091188,1.1348855272108747
0.6538287901942722,1.1358216691396863
0.6563503817448741,1.1367588075189488
0.6574631922754055,1.1376969452969874
0.6605970177687003,1.1386360854350928
0.6618383976613035,1.139576230907595
0.6627134833030781,1.1405173847019419
0.6628259774746305,1.1414595498187803
0.6637002951147984,1.1424027292720313
0.6650596989495705,1.1433469260889746
0.665578163809178,1.1442921433103233
0.6669874599580451,1.1452383839903109
0.6717816721651285,1.14618565119677
0.6726418541286543,1.1471339480112128
0.6770869085372697,1.14808327752892
0.6774249085416907,1.1490336428590164
0.6786448759507789,1.1499850471245614
0.6815459425967766,1.150937493462633
0.681678572103154,1.1518909850244083
0.6882254652693582,1.1528455249752574
0.6908895441687096,1.1538011164948228
0.6923717986330165,1.1547577627771124
0.692544242401261,1.1557154670305851
0.6935823055206569,1.156674232478239
0.6987901852121948,1.1576340623577044
0.6998556592079188,1.158594959921329
0.7017543496574861,1.159556928436273
0.702477883403387,1.1605199711845995
0.7029668515813969,1.161484091463366
0.7037559498400534,1.1624492925847179
0.7044448931135844,1.1634155778759827
0.7049158454547951,1.164382950679765
0.7065176583213135,1.1653514143540402
0.7070416780411503,1.1663209722722514
0.7092482783759166,1.167291627823409
0.7105228235541714,1.1682633844121797
0.7148346846511912,1.169236245458997
0.7151205246049848,1.1702102144001498
0.7158383130366833,1.1711852946878887
0.7188681669148346,1.1721614897905224
0.7189170205476538,1.173138803192523
0.7190390381496062,1.1741172383946252
0.7220254344562347,1.1750967989139303
0.7234743627455368,1.1760774882840135
0.7252108640792736,1.177059310055021
0.7257981021845483,1.178042267793785
0.7278530029282094,1.1790263650839223
0.729541454835094,1.1800116055259449
0.7328135056655377,1.1809979927373702
0.7348527180268903,1.1819855303528244
0.7355524378760979,1.1829742220241588
0.7425769328832786,1.1839640714205564
0.7435173267196974,1.1849550822286437
0.7449684047607718,1.185947258152608
0.7455435544684728,1.186940602914303
0.7479671948449812,1.1879351202533712
0.7495564745774569,1.188930813927354
0.7505876528917744,1.1899276877118088
0.7511411291831765,1.1909257454004305
0.7515570328793292,1.191924990805163
0.7521363545978972,1.1929254277563253
0.755556570039898,1.193927060102724
0.7583769643486118,1.1949298917117839
0.7601926978178714,1.1959339264696613
0.7612661023372979,1.1969391682813717
0.7616380828674157,1.1979456210709163
0.7621452472337961,1.1989532887813992
0.7644096923811948,1.1999621753751644
0.7659592153271146,1.2009722848339133
0.7676829300468346,1.2019836211588384
0.7683849761477588,1.2029961883707536
0.7702926332802188,1.2040099905102206
0.7732480772803891,1.2050250316376858
0.7748124486236474,1.2060413158336063
0.7783015022448041,1.2070588471985908
0.7788725671893509,1.2080776298535305
0.7798061558268196,1.2090976679397358
0.7802470742031944,1.210118965619075
0.7807522944263942,1.2111415270741115
0.7811710730491861,1.212165356508244
0.7821464991168119,1.2131904581458461
0.7826775792406754,1.2142168362324108
0.7852470163682337,1.2152444950346915
0.7882171598168984,1.216273438840847
0.7885745517118863,1.2173036719605899
0.7885937000585035,1.218335198725328
0.7886285069872839,1.2193680234883169
0.7900990330488533,1.2204021506248104
0.7903855104291815,1.2214375845322052
0.7909659316330613,1.2224743296302019
0.7916428845786124,1.2235123903609484
0.7922887227741098,1.2245517711892036
0.7926073442298215,1.2255924766024895
0.7944131438998991,1.2266345111112456
0.796208148158886,1.2276778792489946
0.7969644510124743,1.228722585572497
0.797410356363071,1.2297686346619163
0.7995361492807027,1.230816031120978
0.8015848388094687,1.2318647795771378
0.8021269351356352,1.2329148846817466
0.8024946232786339,1.2339663511102166
0.8044423659976202,1.235019183562192
0.8060076028921983,1.2360733867617175
0.8061999430564304,1.2371289654574098
0.8132131802483029,1.2381859244226345
0.814101484847164,1.2392442684556773
0.8151527741711785,1.240304002379923
0.815869611072719,1.24136513104403
0.8160435140578213,1.242427659322114
0.8190512717116882,1.2434915921139278
0.8201585541658956,1.2445569343450429
0.8203221706413759,1.2456236909670366
0.8260599728626749,1.2466918669576743
0.827235279385659,1.2477614673211015
0.827324150936619,1.2488324970880313
0.8277940909358319,1.2499049613159348
0.8307819766236351,1.2509788650892368
0.8324382142299152,1.2520542135195085
0.8331867178317726,1.2531310117456638
0.833854264570405,1.25420926493416
0.837012110064208,1.2552889782791947
0.8399484878331737,1.25637015700291
0.8407919409596281,1.2574528063555954
0.8423904826534689,1.2585369316158959
0.8426419985819374,1.2596225380910155
0.8439892639366775,1.2607096311169288
0.8443839344309054,1.2617982160585934
0.8453571335363745,1.2628882983101628
0.8467340256756384,1.263979883295201
0.8565041390203382,1.2650729764668989
0.8568130379761512,1.2661675833082964
0.8571299761724946,1.2672637093325045
0.8573760237183732,1.2683613600829229
0.8573995078213159,1.2694605411334736
0.8601049652121463,1.2705612580888213
0.8601250724228275,1.2716635165846113
0.8610471346875737,1.272767322287693
0.8646697131502048,1.2738726808963603
0.8653327911588204,1.2749795981405856
0.865348029622673,1.2760880797822582
0.8676142639898389,1.2771981316154286
0.8678180219251259,1.2783097594665467
0.8679628698052279,1.2794229691947105
0.8702615354023314,1.280537766691915
0.8707548524621322,1.2816541578832992
0.8743555093518616,1.282772148727403
0.8748912005570053,1.2838917452164185
0.8761621948563945,1.2850129533764476
0.8771625294108352,1.2861357792677683
0.8789850700785107,1.2872602289850883
0.8813353392257773,1.2883863086578184
0.8819399267392409,1.2895140244503325
0.8821777442651565,1.290643382562246
0.8834887183524457,1.2917743892286828
0.8835492942048978,1.292907050720551
0.886766875834001,1.2940413733448266
0.887359874814221,1.2951773634448287
0.8918945645288001,1.2963150274005075
0.8929507315787258,1.2974543716287288
0.8955860121990057,1.2985954025835615
0.8977712421566965,1.299738126756576
0.8993602937015878,1.300882550677132
0.9000329096423655,1.3020286809126853
0.9038027844598355,1.3031765240690785
0.9038483633682096,1.3043260867908528
0.9066320313300116,1.305477375761555
0.9070039420547192,1.306630397704043
0.9111477148314104,1.3077851593808032
0.9118010058661341,1.3089416675942647
0.9122343986969518,1.310099929187121
0.9132864276667213,1.3112599510426506
0.9145485818868884,1.3124217400850458
0.9170688038997273,1.3135853032797398
0.9205832655578092,1.31475064763374
0.9208094417551479,1.3159177801959663
0.9296109822378007,1.3170867080575883
0.9298578039312585,1.3182574383523684
0.9350977584025371,1.319429978257011
0.937777873936582,1.3206043349915086
0.9391292835828627,1.3217805158195015
0.9407720357310143,1.3229585280486276
0.9419350727362281,1.3241383790308898
0.9422552771105028,1.3253200761630193
0.9433208707267859,1.326503626886841
0.9473625961196376,1.3276890386896514
0.9518087033202013,1.3288763191045887
0.9549326091508127,1.330065475711021
0.9557712665226884,1.3312565161349221
0.9571058272190928,1.332449448049264
0.9582162911070634,1.3336442791744108
0.9597805297283667,1.3348410172785115
0.9638291158537347,1.3360396701779051
0.9652193350864449,1.3372402457375197
0.9654672679572263,1.3384427518712856
0.9675349003473412,1.3396471965425503
0.9680842845708321,1.3408535877644914
0.9761104826447345,1.3420619336005446
0.9775597499904914,1.3432722421648258
0.9776357425553989,1.3444845216225647
0.9795039362693928,1.3456987801905427
0.9797404159873203,1.3469150261375291
0.9805388634912604,1.3481332677847333
0.9807700033215013,1.349353513506247
0.9825540482005807,1.3505757717295075
0.9840263797370723,1.3518000509357524
0.9840730510600914,1.3530263596604852
0.9903453421201267,1.3542547064939512
0.9908162936221957,1.3554851000816046
0.9911489555519395,1.356717549124596
0.9924945756391139,1.3579520623802537
0.9940206335916756,1.3591886486625775
0.994486304070541,1.3604273168427357
0.9945800832416087,1.3616680758495638
0.9978837837826242,1.3629109346700776
0.9991293435347107,1.3641559023499814
1.0001391433212778,1.3654029879941898
1.0002520439361962,1.3666522007673538
1.0028277323185064,1.3679035498943863
1.002913972605593,1.369157044661006
1.0042244666756805,1.3704126944142736
1.0061469032972976,1.3716705085631453
1.0079590766719078,1.3729304965790248
1.0082485187519803,1.3741926679963246
1.0084923277270659,1.3754570324130373
1.0090159218306527,1.3767235994913052
1.0114128943425156,1.3779923789580035
1.011645806385793,1.3792633806053267
1.012552777289298,1.3805366142913824
1.0164178875058494,1.3818120899407937
1.0196026187936944,1.3830898175453035
1.020332764652499,1.3843698071643935
1.022115899312181,1.3856520689259022
1.0283558420293772,1.3869366130266556
1.0287379590290044,1.3882234497331059
1.0296239792227304,1.3895125893819682
1.0298492795320453,1.3908040423808814
1.0309895765817614,1.3920978192090578
1.0312027298109778,1.3933939304179541
1.032802642303947,1.3946923866319478
1.0359705640501868,1.3959931985490144
1.0362560596757235,1.3972963769414224
1.0383215634033292,1.3986019326564274
1.0386500801371479,1.3999098766169835
1.0457252702221913,1.4012202198224566
1.0459347480948644,1.4025329733493435
1.0482794477856607,1.4038481483520147
1.0497837285689673,1.4051657560634438
1.051897861379794,1.4064858077959688
1.0527877680441335,1.4078083149420402
1.0558848891111026,1.4091332889749972
1.0567964261805454,1.4104607414498431
1.0596006064647265,1.4117906840040302
1.0608629594118513,1.413123128358259
1.06175654794047,1.4144580863172826
1.0668613522490484,1.4157955697707232
1.0688195277762063,1.4171355906938992
1.0726641443455536,1.4184781611486588
1.0730800457889869,1.419823293284232
1.0801847030984033,1.4211709993380788
1.0802044281814909,1.422521291636766
1.0815407467047682,1.4238741825968382
1.0837995848511335,1.4252296847257115
1.0844873343517984,1.4265878106225727
1.0866599659643241,1.427948572979289
1.0876326933729936,1.4293119845813338
1.0984802624031176,1.430678058308719
1.1016927868530255,1.4320468071369428
1.1040991028689393,1.4334182441379482
1.1055047419792396,1.4347923824810893
1.1077893330452708,1.4361692354341211
1.1096812362382604,1.437548816364191
1.1096812562370357,1.4389311387388424
1.1118554134305119,1.4403162161270453
1.1124962150309996,1.4417040622002208
1.116313134313924,1.4430946907332953
1.1164370784346844,1.444488115605755
1.1185477848485885,1.445884350802728
1.1195074543671373,1.4472834104160626
1.1219039751816386,1.448685308645439
1.1305368902681308,1.4500900597994841
1.1324572169426468,1.4514976782968967
1.14023626958843,1.4529081786676028
1.1411748071114611,1.4543215755539114
1.1422477720085649,1.45573788371169
1.1529397370077559,1.4571571180115637
1.15427742879336,1.458579293440115
1.1554762105955576,1.4600044251011135
1.1572760986262034,1.4614325282167537
1.162800267827591,1.4628636181289116
1.1635618117511177,1.464297710300422
1.1643764711248599,1.4657348203163623
1.168932471420642,1.4671749638853684
1.1842227920055057,1.4686181568409555
1.1843944136701925,1.4700644151428648
1.186513884767348,1.4715137548784218
1.1908955328786353,1.4729661922639208
1.1920354251345198,1.4744217436460243
1.1927530564319757,1.475880425503177
1.196675560976615,1.4773422544470494
1.1968605260391527,1.4788072472239921
1.2036085167073085,1.4802754207165139
1.204239847166304,1.4817467919447846
1.213147430841015,1.4832213780681462
1.2170904166720866,1.4846991963866636
1.2171360548601333,1.486180264342675
1.2174480393776577,1.4876645995223858
1.217962026764906,1.4891522196574698
1.222255158107414,1.490643142626696
1.2223918537435015,1.4921373864575862
1.2225375183740215,1.4936349693280833
1.2234709940842288,1.4951359095682575
1.2258861447147724,1.4966402256620217
1.2265843163039698,1.4981479362488828
1.2421033415390503,1.499659060125718
1.244116655293435,1.5011736162485656
1.2534427300070259,1.5026916237344567
1.255918872265097,1.5042131018632587
1.2564542156867753,1.5057380700795568
1.2584282183224211,1.50726654799456
1.281209720851067,1.5087985553880288
1.2812097214813563,1.5103341122102414
1.2867065732536387,1.511873238583978
1.2921771276479639,1.5134159548065425
1.2928939508916972,1.5149622813518127
1.3081910578480478,1.516512238872314
1.3082460089053076,1.5180658482013363
1.308814392764927,1.5196231303550674
1.3104479868104812,1.521184106534776
1.3131944433451879,1.5227487981290058
1.3237935758862398,1.5243172267158245
1.3255892661486357,1.5258894140650923
1.3283159763833967,1.5274653821407698
1.328915230428106,1.5290451531032607
1.330770903798958,1.5306287493117896
1.3329359857485805,1.5322161933268126
1.3354729036304895,1.5338075079124776
1.3369006854274776,1.5354027160391026
1.339039381130162,1.5370018408857111
1.3431807802530125,1.5386049058425952
1.34503930716663,1.540211934513919
1.3509808874021056,1.5418229507203736
1.3513896332354094,1.5434379785018548
1.3547548534155338,1.5450570421202028
1.3620400996200797,1.546680166061969
1.3662681439123432,1.5483073750412355
1.3699239819976905,1.5499386940024786
1.3751110340371702,1.551574148123468
1.3752105646790438,1.5532137628182316
1.3826559113652108,1.554857563740045
1.385111397945485,1.556505576784487
1.3859721135097454,1.5581578280925332
1.3928079679680574,1.5598143440537053
1.3941186263470278,1.5614751513092702
1.4189941261609482,1.563140276755485
1.4248489909371833,1.56480974754691
1.435254830451262,1.5664835910997568
1.4362488893408012,1.5681618350953044
1.4416553842818896,1.56984450748337
1.4553082630322447,1.5715316364858287
1.4591103000670806,1.5732232506002055
1.4624450861746756,1.5749193786033118
1.483735920555966,1.5766200495549572
1.4942222806235737,1.5783252928017069
1.4968915665621463,1.5800351379807216
1.4990238079302096,1.5817496150236476
1.502391442947822,1.5834687541605732
1.5053950604899684,1.5851925859240656
1.5100528156988535,1.5869211411532584
1.519796215244466,1.58865445099802
1.520799875324204,1.5903925469231979
1.5360980283206092,1.5921354607129174
1.54901916835832,1.5938832244749799
1.5508590672681584,1.5956358706453142
1.5517252541014113,1.597393431992517
1.5588199706701913,1.5991559416224768
1.5648962554407457,1.6009234329830648
1.5656941570115492,1.6026959398689244
1.5717274148287688,1.6044734964263294
1.572861551003571,1.6062561371581427
1.5773092351089621,1.6080438969288524
1.583793699788597,1.6098368109697019
1.5854369421528427,1.6116349148839173
1.5876775226194235,1.6134382446520161
1.5890159855388222,1.615246836637224
1.5919259351843398,1.6170607275909816
1.593910487207043,1.6188799546585564
1.5943493377716564,1.6207045553847572
1.5944220025473117,1.622534567719742
1.5965508695556907,1.6243700300249544
1.6008114893271856,1.6262109810791479
1.602370949943917,1.6280574600845303
1.6061852208397738,1.6299095066730322
1.6067599189487929,1.6317671609126698
1.6079031325892632,1.6336304633140513
1.6106627358293357,1.6354994548369886
1.6155006662554696,1.6373741768972383
1.6208114311502253,1.6392546713733793
1.6227093439561195,1.6411409806138049
1.6236365506417083,1.6430331474438646
1.6276889785028044,1.6449312151731292
1.6340053575085531,1.6468352276028084
1.6361125750277243,1.648745229033299
1.6375876414790007,1.650661264271891
1.6397270077118231,1.652583378640618
1.6415804650492207,1.6545116179842592
1.6505297863542046,1.6564460286785045
1.6525783660636417,1.658386657638275
1.654936481663525,1.6603335523262122
1.66040053349717,1.6622867607613352
1.6662157244957965,1.6642463315278646
1.672277278663554,1.666212313784237
1.6783762830797673,1.6681847572722845
1.697594489490437,1.6701637123266089
1.711964121081069,1.672149229884152
1.7144509990503596,1.6741413614939413
1.7183030044095897,1.6761401593270597
1.729435739706896,1.6781456761867968
1.7336762248359874,1.680157965519031
1.7359381908709541,1.6821770814228065
1.7392981129961698,1.6842030786611462
1.743261903124691,1.686236012672083
1.7566654490613056,1.6882759395799236
1.7665437565278255,1.6903229162067512
1.7710555941023494,1.692377000084169
1.7746529912726017,1.6944382494652945
1.7804409707025017,1.6965067233370164
1.7808917557446176,1.6985824814324992
1.7907563644348223,1.7006655842439757
1.7935951164263646,1.7027560930357981
1.794927026891477,1.7048540698577879
1.7985403081778495,1.70695957755887
1.799762027603609,1.709072679801003
1.8018889566078669,1.7111934410734269
1.8127793840571051,1.7133219267072106
1.8170212409365687,1.7154582028901406
1.8223461462430017,1.717602336681924
1.8233056105176417,1.7197543960297457
1.8240448901476083,1.7219144497841754
1.8376112536037077,1.724082567715425
1.8690636803678282,1.726258820529985
1.8788412305187707,1.728443279887638
1.8796846878219384,1.7306360184188594
1.906550252997213,1.7328371097426323
1.912212069301747,1.7350466284846524
1.9219095048774963,1.7372646502959828
1.9529040121441301,1.739491251872125
1.9535308637124362,1.7417265109725457
1.9542422854720327,1.7439705064406743
1.9642969675457647,1.7462233182243532
1.9705031727116071,1.7484850273967991
1.9714594678445752,1.7507557161780487
1.973946115136402,1.7530354679569369
1.97890078505927,1.7553243673135916
1.9817724382694843,1.7576225000424837
1.983916938556911,1.7599299531760473
1.9843492651718613,1.7622468150088633
1.9846722032441277,1.7645731751224578
1.9965212036829698,1.766909124410704
1.9973793311194543,1.7692547551058604
1.9982658533632698,1.7716101608052723
1.9989326705185968,1.7739754364987264
2.006100701892556,1.7763506785965213
2.009223967772733,1.7787359849582314
2.0103000943423748,1.7811314549222224
2.010963470645311,1.7835371893359242
2.0139364799790234,1.7859532905868771
2.017834635074903,1.7883798626346012
2.018787834419428,1.7908170110432813
2.020002251455075,1.793264843015331
2.021605278911269,1.795723467425824
2.022916554724087,1.7981929948578534
2.0285320888292286,1.8006735376388414
2.032496496795176,1.8031652098777977
2.036702015880895,1.8056681275036206
2.0368861915820435,1.8081824083044098
2.038494503654086,1.8107081719678635
2.0460387154178696,1.8132455401227972
2.05231560205229,1.8157946363817823
2.053131061859598,1.818355586385
2.0558340238894157,1.8209285178452952
2.056860742784924,1.8235135605945092
2.0588557732345905,1.8261108466311304
2.064556633915694,1.8287205101692723
2.06638822695371,1.8313426876890853
2.0745608957744492,1.8339775179885902
2.0779781774619077,1.8366251422370345
2.078280959528953,1.8392857040297828
2.084995225219697,1.8419593494448252
2.0901722729324383,1.8446462271009538
2.107408126162823,1.8473464882176471
2.1075122339089636,1.8500602866767601
2.1209604274956693,1.8527877790860483
2.1555776404674045,1.855529124844619
2.169140090301278,1.8582844862103711
2.1931162974006386,1.8610540283694839
2.1989541776548918,1.8638379195080628
2.221924801614403,1.8666363308859808
2.2731301300163915,1.8694494369130341
2.3196259005004056,1.8722774152274857
2.3215805989892813,1.8751204467770732
2.3326871002057876,1.8779787159026071
2.376788366391551,1.8808524104242201
2.40644678132691,1.8837417217304138
2.413928494409366,1.886646844869967
2.435320148232142,1.8895679786468567
2.4441729374766648,1.8925053257182871
2.453806948994176,1.8954590926959538
2.4573708419062013,1.898429490250687
2.4777133804208153,1.9014167332205827
2.4850933048991113,1.9044210407227977
2.5327697408586203,1.9074426362691337
2.5545962476045676,1.9104817478855636
2.618808546133047,1.913538608235894
2.6195933759111587,1.9166134547496934
2.629375643453212,1.9197065297547025
2.6356407624105755,1.922818080613906
2.6556057647463054,1.9259483598674372
2.6570775073847033,1.929097625379581
2.6630231306585412,1.932266140491026
2.66422819289949,1.9354541741766613
2.6861030854482157,1.938662001209109
2.687802157770604,1.9418899023282743
2.6893551393776107,1.945138164417191
2.6944665691900886,1.9484070806843947
2.728212489276582,1.9516969508531958
2.7332178052068272,1.9550080813580886
2.7455371426291797,1.9583407855486845
2.7455371428539936,1.9616953839014954
2.7458477048840946,1.9650722042399122
2.80025028104584,1.968471581962821
2.835423115865923,1.9718938602821923
2.934465974945756,1.975339390470144
2.9735733835420097,1.978808532115897
3.118339226949262,1.9823016533930935
3.1324890191690944,1.985819131338032
3.136748310503369,1.9893613521393068
3.151025735933541,1.9929287114394585
3.1655544225567085,1.9965216146492297
3.1800112866363652,2.0001404772750466
3.180528752241581,2.003785725260439
3.192401640474349,2.0074577953420794
3.2074875035112766,2.0111571354212407
3.2086881676393926,2.0148842049514424
3.211439945505045,2.0186394753431833
3.212763014685367,2.0224234303866537
3.214329264032396,2.0262365666933824
3.218392305984501,2.0300793941578985
3.220395066002083,2.033952436440446
3.229045855734496,2.037856231471978
3.272036162228059,2.041791331982647
3.3138115188286426,2.0457583060551094
3.3521000379392003,2.04975773770411
3.459677437148608,2.0537902274838022
3.4649938177416018,2.057856393124469
3.4671977569287016,2.0619568702003486
3.55033283902185,2.066092312830412
3.563741909761959,2.070263394414091
3.5657915197450887,2.0744708084040435
3.5840891980699503,2.078715269118274
3.586859725576086,2.08299751259398
3.588291716560733,2.087318297485802
3.596834677066999,2.0916784060112477
3.6173283540642527,2.0960786449462963
3.6989590115260285,2.1005198466744766
3.725982730985164,2.1050028702928456
3.764710698908719,2.10952860277868
3.806885238225913,2.114097960220929
3.8265198639174054,2.118711889120762
3.890419718422814,2.1233713677660107
3.8992397182767635,2.128077407684536
3.906042077729393,2.1328310551821112
3.922008542648193,2.1376333929707716
3.954051056141068,2.1424855418941062
3.9590939895367714,2.1473886627565792
3.987961920316448,2.1523439582644475
4.000518803694782,2.157352675086663
4.009465396167108,2.1624161060447147
4.018941312791202,2.167535592441319
4.021709645299395,2.172712526538675
4.0450919532335945,2.177948354197959
4.072844304183441,2.183244577692944
4.07588457583696,2.1886027587116703
4.078725628660709,2.1940245215615763
4.094003930895538,2.1995115565949077
4.099632066294693,2.205065623872837
4.4224420966435485,2.2106885570887127
4.44553270196348,2.216382267772704
4.8040016011021205,2.222148749802604
4.8141220419761375,2.2279900842479727
5.084922393281897,2.233908444577716
5.12570751755695,2.2399061022645155
5.366101653128862,2.24598543282297
5.9835960434238675,2.2521489223226343
6.011449781014777,2.2583991744215273
6.3655963178926935,2.2647389179710915
6.444987459264538,2.2711710152494198
6.826085619829848,2.2776984708862344
7.058383497211349,2.284324441550921
7.176986531679603,2.291052246483412
7.915252216713329,2.297885378957879
8.03720087209351,2.304827518780495
8.041675802047465,2.311882545935597
8.046405590012192,2.319054555509807
8.05882773820778,2.3263478740408408
